[{"senderKeyId":932008712,"senderChainKey":{"iteration":0,"seed":"C1u7Yp9aK+NQFILJmBLZs2wkaxU8rH11Fah50xoIGW8="},"senderSigningKey":{"public":"BYQAr1Hj/kett/C7b2i15uSlys59V6bQBoFrAtnwFP45"},"senderMessageKeys":[]},{"senderKeyId":78336456,"senderChainKey":{"iteration":3,"seed":"stEgJ/qMGApdclkZrKv6zaU3czh2SYeGylDzUB+Pqe0="},"senderSigningKey":{"public":"BQI3Coff4J7uPoO46a8u1wvOWY+NZe5WMxzBJOj9oPFS"},"senderMessageKeys":[{}]},{"senderKeyId":1241153481,"senderChainKey":{"iteration":1,"seed":"GARAtc0KJg7OAvKdzu9v3ycxn74vVtqT5fF5FoQVuks="},"senderSigningKey":{"public":"BdnYtQttLeeU2uJwoXH/KMeuQbnGoHkauwZiYjS91bES"},"senderMessageKeys":[]},{"senderKeyId":738830614,"senderChainKey":{"iteration":0,"seed":"lM+Iyvygh4p5L0yIDBjzo/eb9bY2aNdpHMY/aJo2VZg="},"senderSigningKey":{"public":"BamacsHBdUgxizda7BjW+KtRMh0i3inbd/ylGFDij+ow"},"senderMessageKeys":[]},{"senderKeyId":377320250,"senderChainKey":{"iteration":1,"seed":"vC9fTX/N1CmVGTNHrlUAzXwx9KVeqO4SnNT9TOp4h84="},"senderSigningKey":{"public":"BfrZV1EUl6H7CXX3o8nz08PjZnSuCUcAGKtwSpoe9KEO"},"senderMessageKeys":[]},{"senderKeyId":162695157,"senderChainKey":{"iteration":0,"seed":"k3x7Xc1/w4drn/HvqoZBGbuzJlvKHWoffmED/DJtPGU="},"senderSigningKey":{"public":"BU8sH7RWfEXi69HkTxk5Eagel5dtGeim1qz+XTm7cFBy"}}]