[{"senderKeyId":2138681955,"senderChainKey":{"iteration":9,"seed":"bv+hanfd+UqU/3zw3P7EzGgOgXCIjtN68boJ4Uip82Y="},"senderSigningKey":{"public":"Be2utZ1w+gCKPvLooaLuySIn3ssQHsgAvrNUUdIakrc1"},"senderMessageKeys":[]},{"senderKeyId":2138681955,"senderChainKey":{"iteration":9,"seed":"bv+hanfd+UqU/3zw3P7EzGgOgXCIjtN68boJ4Uip82Y="},"senderSigningKey":{"public":"Be2utZ1w+gCKPvLooaLuySIn3ssQHsgAvrNUUdIakrc1"},"senderMessageKeys":[]},{"senderKeyId":495677378,"senderChainKey":{"iteration":0,"seed":"JesM/7tpkV7TlEsE0RT/OIE6VQvKSZDpxMfQP1yT57w="},"senderSigningKey":{"public":"BbuRJZ+Iy9m8Tjobh3rwKUBsHHl0f3pN0sIxrymi2OtF"},"senderMessageKeys":[]},{"senderKeyId":495677378,"senderChainKey":{"iteration":5,"seed":"jKJzewfwoPDeKytKjDP636xDU+uoKtllnvy/CdIlXo4="},"senderSigningKey":{"public":"BbuRJZ+Iy9m8Tjobh3rwKUBsHHl0f3pN0sIxrymi2OtF"},"senderMessageKeys":[]},{"senderKeyId":1857918764,"senderChainKey":{"iteration":0,"seed":"xpizgwcBQhpEu1MtBtx05gMn2q0J6XXD/gZvF3MCMA4="},"senderSigningKey":{"public":"BZh8Y/iIIPY++jOFLZl8Y1jGcfmTDxyYHV8rUOBPhqhq"}}]