[{"senderKeyId":1999408241,"senderChainKey":{"iteration":11,"seed":"zPf7k0S/4Vls/S8S9J4Py2ihbznu5RjCKNJy6GhtIrg="},"senderSigningKey":{"public":"BTEwNdSVw23aEqIcXlESEb6Ga3Rpmv9KuK8qHJaBlrQf"},"senderMessageKeys":[]},{"senderKeyId":252285255,"senderChainKey":{"iteration":0,"seed":"uCza7QdwdnB7CfBOtd6d1Zjheq+pcmTO24IfnRia9KQ="},"senderSigningKey":{"public":"BWY/Yes4U0tVD7xqZNEy8Qg2Bc9Zl7p67uJQRBqUUCdT"},"senderMessageKeys":[]},{"senderKeyId":1159878679,"senderChainKey":{"iteration":2,"seed":"tsLsI6azLhRQb5zPAQmumoyAKTmXNZ2By5o7ntzme7g="},"senderSigningKey":{"public":"BYIjFO3l14q25NZjUHIe+0M/cvn+zQtJnVpBtAr3qahY"},"senderMessageKeys":[]}]