[{"senderKeyId":172677299,"senderChainKey":{"iteration":0,"seed":"6fhFxb3fUqNElwdceI19yv/pR1G6oCUFXEbxoz98l2Q="},"senderSigningKey":{"public":"BVQnbkHgkXrdrV6WGjrzGegkcBxg4Vh9mH0weU2/RodV"},"senderMessageKeys":[]},{"senderKeyId":1968708929,"senderChainKey":{"iteration":2,"seed":"ttZNETtiB2IXhqx/YJ887tekMXf7TO26SfDvMc+U9Pk="},"senderSigningKey":{"public":"BW919J3gPzUkNfkI5praT5DY+/d1ONdVIn8ZCNUj3eMW"},"senderMessageKeys":[]},{"senderKeyId":883056289,"senderChainKey":{"iteration":0,"seed":"gd2Ylyhh4QMC3LW+PttSVMZs1JJqIRbncpOWrHtwYy4="},"senderSigningKey":{"public":"BYFKgn3/7Tzf4LqaCbzDqY2RnltUQDGEeoESAw8PPSJu"},"senderMessageKeys":[]},{"senderKeyId":1814678966,"senderChainKey":{"iteration":0,"seed":"O4z67yf2MGY4gvhNKDaBmCqRm9wd+7lCZ+AgMnwJX9s="},"senderSigningKey":{"public":"BVbLFgjoOG0G7N2aJrJAZyvZCZuIpCdKt3GmYoL+gxEb"}}]