[{"senderKeyId":119625039,"senderChainKey":{"iteration":2,"seed":"rT+yUuwMSCqYQdOJmmehUJZjNst6fcGanvVrgxQaTAk="},"senderSigningKey":{"public":"BbHj3I9jW+YKXbM+pok5zXAYSYICnC0Z4IQU6st12NxK"},"senderMessageKeys":[{}]},{"senderKeyId":653465085,"senderChainKey":{"iteration":9,"seed":"2qrhEI3mzwSXF4pcu6BPL9KSLRbt7vun4hRXKBcc9Ew="},"senderSigningKey":{"public":"BR/FAQAMIqNHu7KK/rPwbarj57pWIeEirlDD81GeZF8i"},"senderMessageKeys":[{},{},{},{}]},{"senderKeyId":2078471539,"senderChainKey":{"iteration":0,"seed":"EvwOCnkNTAMzPo7bHdHZnedJJ+NN0ufuQiVYBLZ1Znw="},"senderSigningKey":{"public":"BQU9aQyG6oE5/IRwXvkwQ0Uy1UnVkhSePoU+N0fPi99r"},"senderMessageKeys":[]},{"senderKeyId":762701951,"senderChainKey":{"iteration":4,"seed":"Jb/IsSvZBVAK5rZErlPFyH8ikXWFYw2W+ZkJPcgIxHE="},"senderSigningKey":{"public":"BeAolI7LhisD7xtB2OOz4qHY5O0dvAzoA7KgiU3yZKBj"},"senderMessageKeys":[]}]