[{"senderKeyId":1242406838,"senderChainKey":{"iteration":0,"seed":"xUngzSE6Nj/WqXiL1iKC3Zbhdo/8l9sxN1QAfDua1YM="},"senderSigningKey":{"public":"BcQiS9f/LHdvi8AEUZBm3kQNsSuWBYRV8AkvU7fTCMpO"},"senderMessageKeys":[]},{"senderKeyId":1242406838,"senderChainKey":{"iteration":1,"seed":"gCZdlZs/mwOepaCP/QPLkZqGg3to4szz95rHEabemYM="},"senderSigningKey":{"public":"BcQiS9f/LHdvi8AEUZBm3kQNsSuWBYRV8AkvU7fTCMpO"},"senderMessageKeys":[]},{"senderKeyId":2049743185,"senderChainKey":{"iteration":0,"seed":"J864oX59RKK0deYoV6h4MnmlzgB97GYWEDsuYGi4Wtw="},"senderSigningKey":{"public":"BYfBb/b7NkJY++s/naz9bjQv+GRS5tlGdJMzJDQ7ZVoY"}}]