[{"senderKeyId":1709787595,"senderChainKey":{"iteration":45,"seed":"f17WM1Gb92dTmjaX8a7HLfXU9eY+heWejZPVLh+8tuQ="},"senderSigningKey":{"public":"Ba5GlJ7eEvHJa56/lhFuWK0Di/E6yxksLZ1tbiKilb5o"},"senderMessageKeys":[{}]},{"senderKeyId":1709787595,"senderChainKey":{"iteration":3,"seed":"fGpRHD4mCUzh4rPrsZNMAIeZ0ubnXhyKljTdbfx+PaI="},"senderSigningKey":{"public":"Ba5GlJ7eEvHJa56/lhFuWK0Di/E6yxksLZ1tbiKilb5o"},"senderMessageKeys":[]},{"senderKeyId":1709787595,"senderChainKey":{"iteration":8,"seed":"UdC0ZZm0qOfuqVeQnBt6L6A16dTEBirBjuVHorQyssk="},"senderSigningKey":{"public":"Ba5GlJ7eEvHJa56/lhFuWK0Di/E6yxksLZ1tbiKilb5o"},"senderMessageKeys":[]},{"senderKeyId":1709787595,"senderChainKey":{"iteration":9,"seed":"cMMCnazCGJbWTqxIkQGbwlh37tV6QHWTlCqlV2yluN0="},"senderSigningKey":{"public":"Ba5GlJ7eEvHJa56/lhFuWK0Di/E6yxksLZ1tbiKilb5o"},"senderMessageKeys":[]},{"senderKeyId":1709787595,"senderChainKey":{"iteration":12,"seed":"8p0Avo8HGghgvaaOT0SCNL9LammLSVke2xlrAx925dk="},"senderSigningKey":{"public":"Ba5GlJ7eEvHJa56/lhFuWK0Di/E6yxksLZ1tbiKilb5o"},"senderMessageKeys":[]},{"senderKeyId":1709787595,"senderChainKey":{"iteration":14,"seed":"zT13zCZ4Df/Ld7ftkHF+5wtI89skjyD3giHv4rglGlY="},"senderSigningKey":{"public":"Ba5GlJ7eEvHJa56/lhFuWK0Di/E6yxksLZ1tbiKilb5o"},"senderMessageKeys":[]},{"senderKeyId":1709787595,"senderChainKey":{"iteration":21,"seed":"DQeMTr6haMB3A2ybpXwNa78hNqq5mdaX1M0FaDahhH4="},"senderSigningKey":{"public":"Ba5GlJ7eEvHJa56/lhFuWK0Di/E6yxksLZ1tbiKilb5o"},"senderMessageKeys":[]},{"senderKeyId":1709787595,"senderChainKey":{"iteration":23,"seed":"gvpXXjsOt6yyqt1NsqomHplRri0LZC6RNLm+zbeUX9U="},"senderSigningKey":{"public":"Ba5GlJ7eEvHJa56/lhFuWK0Di/E6yxksLZ1tbiKilb5o"},"senderMessageKeys":[]},{"senderKeyId":1709787595,"senderChainKey":{"iteration":25,"seed":"mvhhX6QycTXjrAsp/2fmj72s4NbqpwrCfoJSXqqUPqI="},"senderSigningKey":{"public":"Ba5GlJ7eEvHJa56/lhFuWK0Di/E6yxksLZ1tbiKilb5o"},"senderMessageKeys":[]},{"senderKeyId":1709787595,"senderChainKey":{"iteration":30,"seed":"LK3i+oZEUCYGsS1s1movY/ac8HZx+LqvJgFfwI7u+XU="},"senderSigningKey":{"public":"Ba5GlJ7eEvHJa56/lhFuWK0Di/E6yxksLZ1tbiKilb5o"},"senderMessageKeys":[]}]