[{"senderKeyId":199594338,"senderChainKey":{"iteration":1,"seed":"3FBopFtTS67XLxE5o8+8h2QEZNgT/db8iBvgB3MC9Ag="},"senderSigningKey":{"public":"BfA2XTmp6yZBXU03BUXYmwUTkue2yUfNK/pusdE4TpAf"},"senderMessageKeys":[]},{"senderKeyId":199594338,"senderChainKey":{"iteration":1,"seed":"3FBopFtTS67XLxE5o8+8h2QEZNgT/db8iBvgB3MC9Ag="},"senderSigningKey":{"public":"BfA2XTmp6yZBXU03BUXYmwUTkue2yUfNK/pusdE4TpAf"},"senderMessageKeys":[]},{"senderKeyId":1544221635,"senderChainKey":{"iteration":7,"seed":"GUKLbz0y/KMeQ2sz7Y0OZoEYlXMWfZF3Q3NDbU7qbEM="},"senderSigningKey":{"public":"BRmP0/QXqul9D3LcdaCP6TFrAB2B4yP4lDODs5pf4S5S"},"senderMessageKeys":[]}]