[{"senderKeyId":1625285681,"senderChainKey":{"iteration":110,"seed":"yaHMiKIKRSXaKmSkjgHF39nuQGcDz1eToO8fHgFbHek="},"senderSigningKey":{"public":"BdS9vYrSCCM8ypXgTJIJOFbyUPPPK9/MvFutlWQ0Iqdn"},"senderMessageKeys":[]},{"senderKeyId":1625285681,"senderChainKey":{"iteration":54,"seed":"em2L/0FqLRjJw94Vmwi67i+bvtKymWKldwV/wrt6KNY="},"senderSigningKey":{"public":"BdS9vYrSCCM8ypXgTJIJOFbyUPPPK9/MvFutlWQ0Iqdn"},"senderMessageKeys":[]},{"senderKeyId":1625285681,"senderChainKey":{"iteration":55,"seed":"af7aRy/Lp95K+wI+C7uO87fcfC8JNL2t53XtL6x2qks="},"senderSigningKey":{"public":"BdS9vYrSCCM8ypXgTJIJOFbyUPPPK9/MvFutlWQ0Iqdn"},"senderMessageKeys":[]},{"senderKeyId":1625285681,"senderChainKey":{"iteration":56,"seed":"1QrKHtrcroDjjnICdCBnEBH2Pc/VCW2g8xrL+QIRl+g="},"senderSigningKey":{"public":"BdS9vYrSCCM8ypXgTJIJOFbyUPPPK9/MvFutlWQ0Iqdn"},"senderMessageKeys":[]},{"senderKeyId":1625285681,"senderChainKey":{"iteration":56,"seed":"1QrKHtrcroDjjnICdCBnEBH2Pc/VCW2g8xrL+QIRl+g="},"senderSigningKey":{"public":"BdS9vYrSCCM8ypXgTJIJOFbyUPPPK9/MvFutlWQ0Iqdn"},"senderMessageKeys":[]},{"senderKeyId":1625285681,"senderChainKey":{"iteration":58,"seed":"iGPgsjaBM7XENZ6bs0VqZXF3DWg39fXvnTx0lVLpvh8="},"senderSigningKey":{"public":"BdS9vYrSCCM8ypXgTJIJOFbyUPPPK9/MvFutlWQ0Iqdn"},"senderMessageKeys":[]},{"senderKeyId":1625285681,"senderChainKey":{"iteration":59,"seed":"3d9KpOc9fVcc0N4CKoqQ2Fp5RkOoxhN/HPibCadQ19o="},"senderSigningKey":{"public":"BdS9vYrSCCM8ypXgTJIJOFbyUPPPK9/MvFutlWQ0Iqdn"},"senderMessageKeys":[]},{"senderKeyId":1625285681,"senderChainKey":{"iteration":60,"seed":"6vpCgTPhB+mc3kGANciSsBVq8pMqIcgjN39gWax87n0="},"senderSigningKey":{"public":"BdS9vYrSCCM8ypXgTJIJOFbyUPPPK9/MvFutlWQ0Iqdn"},"senderMessageKeys":[]},{"senderKeyId":1625285681,"senderChainKey":{"iteration":69,"seed":"HU3NMrsl2BLINk0w9MkB7ZqhxRojx2sAADxm2I/Q+Wk="},"senderSigningKey":{"public":"BdS9vYrSCCM8ypXgTJIJOFbyUPPPK9/MvFutlWQ0Iqdn"},"senderMessageKeys":[]},{"senderKeyId":1625285681,"senderChainKey":{"iteration":70,"seed":"j3UJx+w3LWEylVUXy6t8vOZ1TwwmlcNZid81oEoROno="},"senderSigningKey":{"public":"BdS9vYrSCCM8ypXgTJIJOFbyUPPPK9/MvFutlWQ0Iqdn"},"senderMessageKeys":[]},{"senderKeyId":1625285681,"senderChainKey":{"iteration":71,"seed":"Wy23hN3r+LPnZUCh+QnN8/jzoPkYBr46SkDPfEDrhws="},"senderSigningKey":{"public":"BdS9vYrSCCM8ypXgTJIJOFbyUPPPK9/MvFutlWQ0Iqdn"},"senderMessageKeys":[]},{"senderKeyId":1625285681,"senderChainKey":{"iteration":74,"seed":"4uZugxQFnMiG0isArJ8efPsOE/i0EpHMfnIjWoxvMtc="},"senderSigningKey":{"public":"BdS9vYrSCCM8ypXgTJIJOFbyUPPPK9/MvFutlWQ0Iqdn"},"senderMessageKeys":[]},{"senderKeyId":1625285681,"senderChainKey":{"iteration":75,"seed":"G8Fs2yh+4K4mWVMv5ixKUxUhRxoM+NJEt1n6yNSVvg4="},"senderSigningKey":{"public":"BdS9vYrSCCM8ypXgTJIJOFbyUPPPK9/MvFutlWQ0Iqdn"},"senderMessageKeys":[]},{"senderKeyId":1625285681,"senderChainKey":{"iteration":88,"seed":"g7WwNUAkM/PsNVL88O7ziE51ten78gSM0gY5kQ7kEmE="},"senderSigningKey":{"public":"BdS9vYrSCCM8ypXgTJIJOFbyUPPPK9/MvFutlWQ0Iqdn"},"senderMessageKeys":[]},{"senderKeyId":1625285681,"senderChainKey":{"iteration":89,"seed":"iPUYmmx3oVZjjEbtt9LnC3K8ZTptK3oDciiUa74TSTE="},"senderSigningKey":{"public":"BdS9vYrSCCM8ypXgTJIJOFbyUPPPK9/MvFutlWQ0Iqdn"},"senderMessageKeys":[]},{"senderKeyId":1625285681,"senderChainKey":{"iteration":97,"seed":"az51HV7qaog4ucWs7sERt5g2W8J10zN6OGN1zv25wY4="},"senderSigningKey":{"public":"BdS9vYrSCCM8ypXgTJIJOFbyUPPPK9/MvFutlWQ0Iqdn"},"senderMessageKeys":[]},{"senderKeyId":1625285681,"senderChainKey":{"iteration":104,"seed":"xN1AgnPgsNmpZaMMP5e10LlSuq/tSkyGzhg3qfNeQD8="},"senderSigningKey":{"public":"BdS9vYrSCCM8ypXgTJIJOFbyUPPPK9/MvFutlWQ0Iqdn"},"senderMessageKeys":[]}]