[{"senderKeyId":800483544,"senderChainKey":{"iteration":42,"seed":"Shxz+Njajv0ZCnGjyP9m6a+mhTQAzoouyjM94+KjL78="},"senderSigningKey":{"public":"BYFtuiPnTaD1WlgsaC7FYnnQYzlg9HyzkHejgvag8P5r"},"senderMessageKeys":[]},{"senderKeyId":335337790,"senderChainKey":{"iteration":7,"seed":"Ko2GBj5lMW3miukshUbqWG5e4LBpbUBbERBQeFpG6nk="},"senderSigningKey":{"public":"BciOqlmO+I08P9YybGgc3MucI0FbX4rJhIDvTcxiL/Iw"},"senderMessageKeys":[{},{},{},{}]},{"senderKeyId":1663349529,"senderChainKey":{"iteration":0,"seed":"UrlYyIoOYfyh1JLocSJJBMrMzuEQ+17Zzw3xJf5l8XY="},"senderSigningKey":{"public":"BQFL6g0AxHfn0zlyuzk84hhqHbs4ZPhEIutKzBWMEoZw"},"senderMessageKeys":[]},{"senderKeyId":184794521,"senderChainKey":{"iteration":0,"seed":"RIoQRfxcdrzYLWNCmE5j5jNOa4cS3/kszFz5WcciIvI="},"senderSigningKey":{"public":"BY8eC71zekBmie6C1gOBs/uW/pHVKaW86B/yNIKaPwQd"},"senderMessageKeys":[]},{"senderKeyId":1387075207,"senderChainKey":{"iteration":15,"seed":"EMP4wrs3VlcP93QLBIe5TeTDYusseemztkKO+4fw+5U="},"senderSigningKey":{"public":"BTfUHs7Z4TKeRRuliu6NHsJF+OP/tnRvuf/OHFNoyxx0"},"senderMessageKeys":[{},{},{},{},{},{},{},{},{},{},{}]},{"senderKeyId":149199845,"senderChainKey":{"iteration":28,"seed":"WDwVTsBgqSyexIWJYPWC9rMyTWRzlVgeUKQqYu5HBVI="},"senderSigningKey":{"public":"BWevIHLz1DdTQwLPX0zBvh2KS/vExdCG7kNObIGwcFpq"},"senderMessageKeys":[{},{},{},{},{},{}]},{"senderKeyId":1302454979,"senderChainKey":{"iteration":9,"seed":"OX1uGpJ46/IP+t8UvuumRTwFsBBwsuyrhhPq0WKq4jE="},"senderSigningKey":{"public":"BcJdPqqap7H/4OM7zvL1PNgdnnieegprDLjH1VvJuLAl"},"senderMessageKeys":[{},{},{},{},{},{}]},{"senderKeyId":1302454979,"senderChainKey":{"iteration":2,"seed":"Oy1SQKSU+L6kdFheUs21602zKQnXmr8pG560QRhio9c="},"senderSigningKey":{"public":"BcJdPqqap7H/4OM7zvL1PNgdnnieegprDLjH1VvJuLAl"},"senderMessageKeys":[]},{"senderKeyId":233270119,"senderChainKey":{"iteration":9,"seed":"LbHrHb/Zfdz0D4CyLzsPnGjE8qpMs5VRjwUuQKga9Ec="},"senderSigningKey":{"public":"BZas20xjgsS6eoOMaKB3WAfvKoDwdYyp702YhL2mlSkP"},"senderMessageKeys":[{},{},{},{}]},{"senderKeyId":233270119,"senderChainKey":{"iteration":3,"seed":"b6AfM2kylQl+xOfyXUfNlxmX0Hz6CmEzS/pQJq8wdXo="},"senderSigningKey":{"public":"BZas20xjgsS6eoOMaKB3WAfvKoDwdYyp702YhL2mlSkP"},"senderMessageKeys":[]},{"senderKeyId":386656277,"senderChainKey":{"iteration":59,"seed":"oIH5y6e9xggK+kIwDWop8ZjjLxwHauV7KYLuybKJO1M="},"senderSigningKey":{"public":"BQA0sA8BSDbkVNuq9UVepkV+/3e/Re+AqPc2I/jbQjwA"},"senderMessageKeys":[{},{},{},{},{},{},{},{},{},{},{},{},{},{},{},{},{},{},{},{},{}]},{"senderKeyId":386656277,"senderChainKey":{"iteration":3,"seed":"VW5QaNiLWx+AaJXKjTbCW8xaLobr+y4YGsAgPtx1tJw="},"senderSigningKey":{"public":"BQA0sA8BSDbkVNuq9UVepkV+/3e/Re+AqPc2I/jbQjwA"},"senderMessageKeys":[]},{"senderKeyId":386656277,"senderChainKey":{"iteration":56,"seed":"597GH1lV5u0VrL/iF8T2dHSLeWWuaKACDtA9pqjOTjw="},"senderSigningKey":{"public":"BQA0sA8BSDbkVNuq9UVepkV+/3e/Re+AqPc2I/jbQjwA"},"senderMessageKeys":[]}]