{"_sessions":{"BbdSYXY6+6wQA2GFFHunlTMMe8EiDaJAapvHH9X09yQ7":{"registrationId":73,"currentRatchet":{"ephemeralKeyPair":{"pubKey":"BV0XmO3r0FHgBHJuy/PIAFFMgIFp/7HjV8jhnPVnZyRr","privKey":"KP9Qglws6rMRQLt+MpNM2vwfPD+2T4qGdJkG+jmzgmw="},"lastRemoteEphemeralKey":"BRaATTBbBNDnM5sL7kW/yJ6DBfCDJkFZnMedi7I3/VBC","previousCounter":0,"rootKey":"fVmLkGmhlYeU6kFmDWVoBeZBYSKBSswzVI4TotUUYP0="},"indexInfo":{"baseKey":"BbdSYXY6+6wQA2GFFHunlTMMe8EiDaJAapvHH9X09yQ7","baseKeyType":1,"closed":1680606662770,"used":1680606655653,"created":1680606655653,"remoteIdentityKey":"BY8YkFCzqLSbBQGf+wfK304JnMf+AAO+D4/7CmXbF89V"},"_chains":{"BV0XmO3r0FHgBHJuy/PIAFFMgIFp/7HjV8jhnPVnZyRr":{"chainKey":{"counter":0,"key":"ISnSdPqdsV7W/YEcf4LWTWG0Tj8+ilwKfj+FyhT+IX8="},"chainType":1,"messageKeys":{}}},"pendingPreKey":{"signedKeyId":1,"baseKey":"BbdSYXY6+6wQA2GFFHunlTMMe8EiDaJAapvHH9X09yQ7"}},"BbCKgxIQS7QQnFmUiicAMCqAZywjk8Pv2T3qpeMOAZxe":{"registrationId":73,"currentRatchet":{"ephemeralKeyPair":{"pubKey":"BTohkoaj/My8M/yCGgw5woThfjAsyfy/KnpQCif/w9cd","privKey":"8IVKTuZ1fXu1q+IH3nHZm1YJ2Qt3uUpQZFkZPfg5Zlc="},"lastRemoteEphemeralKey":"BRaATTBbBNDnM5sL7kW/yJ6DBfCDJkFZnMedi7I3/VBC","previousCounter":0,"rootKey":"n/YtIZf3A4ekOZr+zJaHKeizwxdgOxptqrhNJyDpD0g="},"indexInfo":{"baseKey":"BbCKgxIQS7QQnFmUiicAMCqAZywjk8Pv2T3qpeMOAZxe","baseKeyType":1,"closed":-1,"used":1680606661515,"created":1680606661515,"remoteIdentityKey":"BY8YkFCzqLSbBQGf+wfK304JnMf+AAO+D4/7CmXbF89V"},"_chains":{"BTohkoaj/My8M/yCGgw5woThfjAsyfy/KnpQCif/w9cd":{"chainKey":{"counter":30,"key":"QNtqzrilLv3samBeDdduVh1L0oR+vSj28Cy9rEEXQGI="},"chainType":1,"messageKeys":{}}},"pendingPreKey":{"signedKeyId":1,"baseKey":"BbCKgxIQS7QQnFmUiicAMCqAZywjk8Pv2T3qpeMOAZxe"}}},"version":"v1"}