{"_sessions":{"BUKUEO1h7/HqkabRfDraCy/m/PMM/FZBjVPfXZGGYNsG":{"registrationId":208511336,"currentRatchet":{"ephemeralKeyPair":{"pubKey":"BTRgKAUHrMvCu7ln3NTSlk3sTLyNfi5vnIxTT2TITGpC","privKey":"WGRO/ep35qTzw+Vxy/9QazvKLgy+xBMlEywzenEgEGE="},"lastRemoteEphemeralKey":"BWHhYAmE0d3XPOzJZVF/fmjUpYu0L+iZ/zELTki/zJNo","previousCounter":0,"rootKey":"GVdgpwH++Vs/gEI2q55NPw13Ecb/4udNG9tQiG2ugXs="},"indexInfo":{"baseKey":"BUKUEO1h7/HqkabRfDraCy/m/PMM/FZBjVPfXZGGYNsG","baseKeyType":1,"closed":1680606662771,"used":1680606655852,"created":1680606655852,"remoteIdentityKey":"BWX0WlzFACRvezDJ4dJ+qbrDmizmkehzufQDYUWxSFsk"},"_chains":{"BTRgKAUHrMvCu7ln3NTSlk3sTLyNfi5vnIxTT2TITGpC":{"chainKey":{"counter":0,"key":"I0IKaEgVEsvJc3JpDsjMQTRbK3qfGypk8ovh2QdxBc0="},"chainType":1,"messageKeys":{}}},"pendingPreKey":{"signedKeyId":104256,"baseKey":"BUKUEO1h7/HqkabRfDraCy/m/PMM/FZBjVPfXZGGYNsG","preKeyId":16597}},"BZtjQEDxWwI8XQaVPTIWP+sgd/Tpl2qmwfQQm9X3JGkO":{"registrationId":208511336,"currentRatchet":{"ephemeralKeyPair":{"pubKey":"BfLe9o7fTnCcNHIR8mfjTuFG5k/+dHFnfPEiCIHo9HIe","privKey":"kPGqoZ2Pdv+IVOV0u7VOJ/g3EmNidRkUIlNe6D1Mgl0="},"lastRemoteEphemeralKey":"BWHhYAmE0d3XPOzJZVF/fmjUpYu0L+iZ/zELTki/zJNo","previousCounter":0,"rootKey":"wHvNKF9o6z3Me2uJT4lQKMu5/wib4WnW+2QsG4LOAz0="},"indexInfo":{"baseKey":"BZtjQEDxWwI8XQaVPTIWP+sgd/Tpl2qmwfQQm9X3JGkO","baseKeyType":1,"closed":-1,"used":1680606661849,"created":1680606661849,"remoteIdentityKey":"BWX0WlzFACRvezDJ4dJ+qbrDmizmkehzufQDYUWxSFsk"},"_chains":{"BfLe9o7fTnCcNHIR8mfjTuFG5k/+dHFnfPEiCIHo9HIe":{"chainKey":{"counter":30,"key":"jBB3ZuWS7AVflk6EMeceyDjk0MrcxGR1o/vpN2FyYCI="},"chainType":1,"messageKeys":{}}},"pendingPreKey":{"signedKeyId":104256,"baseKey":"BZtjQEDxWwI8XQaVPTIWP+sgd/Tpl2qmwfQQm9X3JGkO","preKeyId":16410}}},"version":"v1"}