{"_sessions":{"BT4EQcEb34ce2SS/T1lFU73n/yTTO/FubhFS0e1xrYpV":{"registrationId":5558,"currentRatchet":{"ephemeralKeyPair":{"pubKey":"Bb0Y0UMooDBm8HrrFwPFdS7JU6xzyVm21X407GvWgOEk","privKey":"KGuCLJezVw4qDnqAuHrl1cSxVIXOcVdwsh1bXK0SclE="},"lastRemoteEphemeralKey":"BRY6iiBFnDzp8PPxu6da5ZObW0T/R9NtGhphJRBoL6JF","previousCounter":0,"rootKey":"hSbfU5Erq2mWi0RWtGEd4PmUuZC99jg5RguaTkyBZ7U="},"indexInfo":{"baseKey":"BT4EQcEb34ce2SS/T1lFU73n/yTTO/FubhFS0e1xrYpV","baseKeyType":1,"closed":-1,"used":1680678579237,"created":1680678579237,"remoteIdentityKey":"BUex/X9I4CLcAwrCfDK1CAWbSi/FbhA8NrFi/+gn3uRG"},"_chains":{"Bb0Y0UMooDBm8HrrFwPFdS7JU6xzyVm21X407GvWgOEk":{"chainKey":{"counter":1,"key":"ZFYwmv9Mj7npF6LCFeeoFRkVN7cRoFev9OcPpEx6P5Y="},"chainType":1,"messageKeys":{}}},"pendingPreKey":{"signedKeyId":1,"baseKey":"BT4EQcEb34ce2SS/T1lFU73n/yTTO/FubhFS0e1xrYpV"}}},"version":"v1"}