{"_sessions":{"BQ76WCZv9vR3/mmrlMMvX/7qarFWAv+VkSuURRLZdhxW":{"registrationId":209,"currentRatchet":{"ephemeralKeyPair":{"pubKey":"BcSSeF9pz6bKinDsF6ct6Q7GzSMflWw3ee0M4PwSyMd2","privKey":"IAtZ0pAYar6tfLKJD0cdMV37cQznrz+UPIq7vNB79Xk="},"lastRemoteEphemeralKey":"BRiPyiFxS6jK4Ob5C0lZ7sY3DdMcx40JkCpfFccl5KsF","previousCounter":0,"rootKey":"m5KCBG9mt9j0pAcX5ZpQvVokRjFiSeErFsOYQ9ir2+o="},"indexInfo":{"baseKey":"BQ76WCZv9vR3/mmrlMMvX/7qarFWAv+VkSuURRLZdhxW","baseKeyType":1,"closed":-1,"used":1680604734888,"created":1680604734888,"remoteIdentityKey":"Bce95SU6oyJFP7gYmh4d/WrxwCQAsHsfnkMzq0QxUMYf"},"_chains":{"BcSSeF9pz6bKinDsF6ct6Q7GzSMflWw3ee0M4PwSyMd2":{"chainKey":{"counter":7,"key":"p5LsoUTkW9i/GZkOBAbh0YVVK2YYAlMT1Rh8s6MQgCQ="},"chainType":1,"messageKeys":{}}},"pendingPreKey":{"signedKeyId":1,"baseKey":"BQ76WCZv9vR3/mmrlMMvX/7qarFWAv+VkSuURRLZdhxW"}}},"version":"v1"}