{"_sessions":{"BcmrEKfc3gsZrPrszOVHU77/cbWnBYPFiRWBH8BcBkd8":{"registrationId":619293042,"currentRatchet":{"ephemeralKeyPair":{"pubKey":"BS1r0A6boR5yqGtzJ+QOrk40uzRbwEe6rqgEJ1H5nCBM","privKey":"CKjvgqFTYMQyCkT+0OJDQsEiZvgtVwNElqxOg4744E8="},"lastRemoteEphemeralKey":"BSPtFmmMTkklU7QePr4x51cdBc2hKhhzuZQ4ia0p+v57","previousCounter":0,"rootKey":"tYEqyRDgrMDcPn8fLUQKrsFWsS1OHyqXKSG8Y0kO2fg="},"indexInfo":{"baseKey":"BcmrEKfc3gsZrPrszOVHU77/cbWnBYPFiRWBH8BcBkd8","baseKeyType":1,"closed":-1,"used":1680607863998,"created":1680607863998,"remoteIdentityKey":"BVcRBb5T1HUANTq3p6KDqHMnw2bKAENkH0esu5qGx35h"},"_chains":{"BS1r0A6boR5yqGtzJ+QOrk40uzRbwEe6rqgEJ1H5nCBM":{"chainKey":{"counter":101,"key":"iHRsVIfek0hE+1zF5qT9WYBdQb/wcJkGWXEYHo/kdIg="},"chainType":1,"messageKeys":{}}},"pendingPreKey":{"signedKeyId":1,"baseKey":"BcmrEKfc3gsZrPrszOVHU77/cbWnBYPFiRWBH8BcBkd8","preKeyId":15111318}}},"version":"v1"}