{"_sessions":{"BcHWOjNEntTxeuFYlnY5Z9eUWdluZrQrsotRXCyt+ndU":{"registrationId":1290640864,"currentRatchet":{"ephemeralKeyPair":{"pubKey":"BU2Nt2Uqwss7SehyG8wrlscU/z6wjY/0ZW7ezovnjpQ6","privKey":"QEipjQDNWBbMEqLymazveBwVEstY6/0i4A0yXTqIBV4="},"lastRemoteEphemeralKey":"Bcr65/5m+I5XnNh6zX45ghZjgUyCIfin1PO6UJFOid8q","previousCounter":0,"rootKey":"mjZxTaPIiEwTEIgFMIWGU3PS02AfRUIvJBCJOcAaNPo="},"indexInfo":{"baseKey":"BcHWOjNEntTxeuFYlnY5Z9eUWdluZrQrsotRXCyt+ndU","baseKeyType":2,"closed":1680686083654,"used":1680686082133,"created":1680686056809,"remoteIdentityKey":"BcinIlKdyhZTANa1nK8I5GbagyiCnpCgGa1z6zesa1YJ"},"_chains":{"BSNzw7krVgxKtKljNd7pQTwoDeQ152k2kKwclW3cPiFJ":{"chainKey":{"counter":0},"chainType":2,"messageKeys":{}},"Bcr65/5m+I5XnNh6zX45ghZjgUyCIfin1PO6UJFOid8q":{"chainKey":{"counter":0,"key":"8CJG9QITMwU2aciWMKyPAsi+rlhQwM45w8kB04J9q4c="},"chainType":2,"messageKeys":{}},"BU2Nt2Uqwss7SehyG8wrlscU/z6wjY/0ZW7ezovnjpQ6":{"chainKey":{"counter":0,"key":"8oVbiNpgcNAD09ihSEC1t1XpWnU16d6PtmWy/QCjrJM="},"chainType":1,"messageKeys":{}}}},"BRcTA2ZoTbfL1zXLnndzaxizE7qYZvQebK98OGw0ymt8":{"registrationId":1290640864,"currentRatchet":{"ephemeralKeyPair":{"pubKey":"BfcHO9HPOpfwvznsdhbi5K+DIxWQpyY8gYVCuwcsY/dO","privKey":"+MzNuRFxWSmvc5saL4lSgjzkiPp+8jESwEGOKUPHrHQ="},"lastRemoteEphemeralKey":"BTlLLDkDlBGK+d6TkBm5VxonhR6Su5niOIhLwK94Kus7","previousCounter":0,"rootKey":"g4gx6xmcH82tq4/3VZpg0aOMxwglwRBqZu69bxCut9s="},"indexInfo":{"baseKey":"BRcTA2ZoTbfL1zXLnndzaxizE7qYZvQebK98OGw0ymt8","baseKeyType":1,"closed":-1,"used":1680686083652,"created":1680686083652,"remoteIdentityKey":"BcinIlKdyhZTANa1nK8I5GbagyiCnpCgGa1z6zesa1YJ"},"_chains":{"BfcHO9HPOpfwvznsdhbi5K+DIxWQpyY8gYVCuwcsY/dO":{"chainKey":{"counter":-1,"key":"o4inwAZqEnmS6FHT0cGytaDSZawv9MPnZKduQIR0CDo="},"chainType":1,"messageKeys":{}}},"pendingPreKey":{"signedKeyId":8,"baseKey":"BRcTA2ZoTbfL1zXLnndzaxizE7qYZvQebK98OGw0ymt8","preKeyId":12120771}}},"version":"v1"}