{"_sessions":{"BRpaf8PZkYe3izmQCXV6l6v3JzsA0RNzKl4wA7Y1mnEM":{"registrationId":247354056,"currentRatchet":{"ephemeralKeyPair":{"pubKey":"BXmTXxVpr+6y5n+Y8sXS8zFD5KX2/cTx8MMm1Al3wBht","privKey":"cKdOWu/NMoX7Zcq7mMCENSb0wy/s5pIwu75HZBg491k="},"lastRemoteEphemeralKey":"BalgNA5eZI82OMX9tzFe4tr5VPwzDe6Dyr/+jrnZ5S06","previousCounter":6,"rootKey":"nE+/iF+xtVhB2yypNleQqxXIpngZwUH2OhOdWIMVaKI="},"indexInfo":{"baseKey":"BRpaf8PZkYe3izmQCXV6l6v3JzsA0RNzKl4wA7Y1mnEM","baseKeyType":1,"closed":-1,"used":1680657258610,"created":1680610696876,"remoteIdentityKey":"BT9cFsv17YOtHxfP/sOqzn44PiyzTHsba1fLTYJmMTIl"},"_chains":{"BalgNA5eZI82OMX9tzFe4tr5VPwzDe6Dyr/+jrnZ5S06":{"chainKey":{"counter":0,"key":"/yqmvuRDyUCoz+dUxZva9G9fhKLMMBwlyzzduooZuCk="},"chainType":2,"messageKeys":{}},"BXmTXxVpr+6y5n+Y8sXS8zFD5KX2/cTx8MMm1Al3wBht":{"chainKey":{"counter":12,"key":"/eDiQa59uUF0GLsM+fAlr907H1kaWe/gFS0jc2HboXQ="},"chainType":1,"messageKeys":{}}}}},"version":"v1"}