{"_sessions":{"Be8hxnsy7ENqzxQjDcmYn+EHX90Qim1cVKM9mQoFGfdh":{"registrationId":9394823,"currentRatchet":{"ephemeralKeyPair":{"pubKey":"BTSkDS1BSCVWLEkPHb7r8U8lJm8w+5coDWiXDs65gw1k","privKey":"8MgNlLI56UaTG30XFqoWXxWZRR99h//a+nkW0iUUL08="},"lastRemoteEphemeralKey":"BTCZ+9PBpIhWBxelUDdxbfzZMf9a5NtSeKFJVRtK2RVJ","previousCounter":0,"rootKey":"BpdiWrTXLYx0W2TCy9ZQHUc13p2qB8V7c59FyBAWEBU="},"indexInfo":{"baseKey":"Be8hxnsy7ENqzxQjDcmYn+EHX90Qim1cVKM9mQoFGfdh","baseKeyType":1,"closed":1680606662773,"used":1680606656136,"created":1680606656136,"remoteIdentityKey":"BcT2eDJ7qJzk2u+tldRWhi4PME0KgH2wVby6aLzW+hYw"},"_chains":{"BTSkDS1BSCVWLEkPHb7r8U8lJm8w+5coDWiXDs65gw1k":{"chainKey":{"counter":0,"key":"xm9yFRX8Hdyb1ZBDBeNzQ33syy6tIveUrapUJNrsBn8="},"chainType":1,"messageKeys":{}}},"pendingPreKey":{"signedKeyId":5,"baseKey":"Be8hxnsy7ENqzxQjDcmYn+EHX90Qim1cVKM9mQoFGfdh","preKeyId":12521308}},"BYbWN42KDuLGM5x/j5465Rzns0FTpPcaFZxFMJOLE0JJ":{"registrationId":9394823,"currentRatchet":{"ephemeralKeyPair":{"pubKey":"BcFEjhVHaz1+qj+FlA/zMm1G+r/7VH9AMmKuRB1Az3V3","privKey":"SC80QNphtA8DaGqmCQ/2SU1ZReq3cSil6MfcrdbmZXE="},"lastRemoteEphemeralKey":"BTCZ+9PBpIhWBxelUDdxbfzZMf9a5NtSeKFJVRtK2RVJ","previousCounter":0,"rootKey":"ch4ToFnAuRc3TW9+236oB+qy5tFd42ftNFz5kW8UVug="},"indexInfo":{"baseKey":"BYbWN42KDuLGM5x/j5465Rzns0FTpPcaFZxFMJOLE0JJ","baseKeyType":1,"closed":-1,"used":1680606662181,"created":1680606662181,"remoteIdentityKey":"BcT2eDJ7qJzk2u+tldRWhi4PME0KgH2wVby6aLzW+hYw"},"_chains":{"BcFEjhVHaz1+qj+FlA/zMm1G+r/7VH9AMmKuRB1Az3V3":{"chainKey":{"counter":30,"key":"P2GVWnKwydwJALzg0JAAYak0k5p7JG9/U4Piw4bgXV8="},"chainType":1,"messageKeys":{}}},"pendingPreKey":{"signedKeyId":5,"baseKey":"BYbWN42KDuLGM5x/j5465Rzns0FTpPcaFZxFMJOLE0JJ","preKeyId":12521304}}},"version":"v1"}