{"_sessions":{"Bc4P1GwLXkGn6DUG8vbXfEKqWYLOFEuwGGU+4XT89aMg":{"registrationId":1506421539,"currentRatchet":{"ephemeralKeyPair":{"pubKey":"BUt2olcXPnXg//56wU4qKi0fc/j8KQtqTLUfIOJDyQg7","privKey":"iNKageJqlSq+tUsPsHk3uxJOO59XYkanXTGTW1fPPV8="},"lastRemoteEphemeralKey":"BbKe1dL5iCHrUrFYjoNvOTVd2Ad0OIMcs5mJNuKzKxow","previousCounter":0,"rootKey":"hwXdxK1pa1kjEzeRFVYpJM777t7DR0YGjbqT2PlXbpo="},"indexInfo":{"baseKey":"Bc4P1GwLXkGn6DUG8vbXfEKqWYLOFEuwGGU+4XT89aMg","baseKeyType":2,"closed":-1,"used":1680616337986,"created":1680616337986,"remoteIdentityKey":"BR04+Exke81JzNwSO1DAz02sbYHFFpoKV/EdzkjgR9lC"},"_chains":{"BbKe1dL5iCHrUrFYjoNvOTVd2Ad0OIMcs5mJNuKzKxow":{"chainKey":{"counter":7,"key":"7VNtFtl5VARrCzB3p7wsT/lKGXJZzZFpsrZDetHp5JA="},"chainType":2,"messageKeys":{"5":"jXkeeMsbTwyMxit2CMDKCJoz6PObe/4U9VDCgVD5Zs8="}},"BUt2olcXPnXg//56wU4qKi0fc/j8KQtqTLUfIOJDyQg7":{"chainKey":{"counter":-1,"key":"/TX3s/q54ifLAja4vSLzlLknaCQBH98r0kAsgmbstIY="},"chainType":1,"messageKeys":{}}}}},"version":"v1"}