{"_sessions":{"BTvESyAqZKGFmwekn9c26uNUROYLOnRZuwGM8l0VJcVb":{"registrationId":1537333400,"currentRatchet":{"ephemeralKeyPair":{"pubKey":"Bf06sN7RwdOFazKjKYpp5tghyAK3ni2xyZyc37g/i1hb","privKey":"mB3R/WEeGN3zAgbzanz0E/U0lRWlBpJt/aOM7rd24VE="},"lastRemoteEphemeralKey":"BQfqpAbcVsI2F/D51EdTi/Ms96uuNXiRnNPmemZ97NRl","previousCounter":42,"rootKey":"BWnIme4G1CkpIEaxchkxoXzMmG+ueVS/5/xDI+mQxq8="},"indexInfo":{"baseKey":"BTvESyAqZKGFmwekn9c26uNUROYLOnRZuwGM8l0VJcVb","baseKeyType":1,"closed":-1,"used":1680681013575,"created":1680607864546,"remoteIdentityKey":"BUwfRCVXE0m3I+3Zf6wz3dMiQTzq9/L4d5u0VL3CR5UK"},"_chains":{"BQfqpAbcVsI2F/D51EdTi/Ms96uuNXiRnNPmemZ97NRl":{"chainKey":{"counter":0,"key":"riONP8H1+bHE4DH4W8Wuzfv/zBNa9Aqf5QHogbe3394="},"chainType":2,"messageKeys":{}},"Bf06sN7RwdOFazKjKYpp5tghyAK3ni2xyZyc37g/i1hb":{"chainKey":{"counter":58,"key":"T7ERw5ZT1P+pUVTiPWGhFpU0Nu+JPo1CbhGSCsjQyCY="},"chainType":1,"messageKeys":{}}}}},"version":"v1"}