{"_sessions":{"BT9dOPhTrG//sGAtxYU9Bm7q+ubtmYEKGhNaaBl8xfAm":{"registrationId":47,"currentRatchet":{"ephemeralKeyPair":{"pubKey":"BcHBhTDxXiB3wOr1lj2fRQ/WQgBEWY4XsBCu706Hu3xz","privKey":"8Gr9cKlmKwYtlx2pbzJqyaK7zdh8docQCB1PBLmda38="},"lastRemoteEphemeralKey":"Bd8ztiSlN4OBKow1qBzXP2Dx0Kbm4vFa8V4QUYL/41Fw","previousCounter":0,"rootKey":"pyJWzsxbRlu2tniOBcoKxVfjofytdPgTT56YgDr2Zx4="},"indexInfo":{"baseKey":"BT9dOPhTrG//sGAtxYU9Bm7q+ubtmYEKGhNaaBl8xfAm","baseKeyType":1,"closed":-1,"used":1680603476988,"created":1680603476988,"remoteIdentityKey":"BVnaNCLeh2uNHXHATynoH93NLaZ+1sfHS1ee+nlpi7Qm"},"_chains":{"BcHBhTDxXiB3wOr1lj2fRQ/WQgBEWY4XsBCu706Hu3xz":{"chainKey":{"counter":36,"key":"O4WBRgnfW+TkE/edVUHDa2F9rsbnZkwramw3Mvx9BsQ="},"chainType":1,"messageKeys":{}}},"pendingPreKey":{"signedKeyId":1,"baseKey":"BT9dOPhTrG//sGAtxYU9Bm7q+ubtmYEKGhNaaBl8xfAm"}}},"version":"v1"}