{"_sessions":{"BX8oMlJYWytkGYlubQQTya+mo+yB3d+l25yZGVORazU1":{"registrationId":448379950,"currentRatchet":{"ephemeralKeyPair":{"pubKey":"BXg9SjtmXXEpBvDTFrbVWAoFcjwvQLulDsBpbAlg7PFC","privKey":"4Eu3c7+B6HTCKLCDc/3Ftl97lTQ4YonTigW/ejYb4GI="},"lastRemoteEphemeralKey":"BYxlM+GGVtnF8h4I+mcK/EqyT/3HXVnZMnUsWiWpFJlz","previousCounter":0,"rootKey":"VXzZgJBZz1jQ9RlGShXtqZYxUq6puGGIwXTjKzQ+K1k="},"indexInfo":{"baseKey":"BX8oMlJYWytkGYlubQQTya+mo+yB3d+l25yZGVORazU1","baseKeyType":1,"closed":-1,"used":1680605960158,"created":1680605960158,"remoteIdentityKey":"BQD5MNOgSyw3PtB5B+c+hqhF93Yu/htgXj4L62X5JbAq"},"_chains":{"BXg9SjtmXXEpBvDTFrbVWAoFcjwvQLulDsBpbAlg7PFC":{"chainKey":{"counter":3,"key":"3UFxI3Yvyvx+BJ4O6Sbcfd9Pm90brgEBAkfDNp52N3I="},"chainType":1,"messageKeys":{}}},"pendingPreKey":{"signedKeyId":0,"baseKey":"BX8oMlJYWytkGYlubQQTya+mo+yB3d+l25yZGVORazU1"}}},"version":"v1"}