{"_sessions":{"BZRmCsSWwWEB5nEHDNDJ3/D0/ChvwtLAWOqIquu6h5gA":{"registrationId":1176251289,"currentRatchet":{"ephemeralKeyPair":{"pubKey":"BZQuh1MKLOfwevMvqs0rEtICqTe3/9kPwXplpHQTW+Jb","privKey":"GFG4RZ/wlHlBKMPbetP0fadXzI20b1hL0i/FsYhmOXU="},"lastRemoteEphemeralKey":"BYGB+uWulGf5tx0M8yjxYF7/6UwVCEmgH7V2c4Qk6KQK","previousCounter":0,"rootKey":"yuUij+D+6X2+5bq56WZy7JZNIo7vD98OU3b92hJ6ohU="},"indexInfo":{"baseKey":"BZRmCsSWwWEB5nEHDNDJ3/D0/ChvwtLAWOqIquu6h5gA","baseKeyType":1,"closed":1680606662774,"used":1680606656344,"created":1680606656344,"remoteIdentityKey":"Bc6bejJMi/iSrBMN+r1f5JkVpeL0wbbcVnOH4Z/Hofd6"},"_chains":{"BZQuh1MKLOfwevMvqs0rEtICqTe3/9kPwXplpHQTW+Jb":{"chainKey":{"counter":0,"key":"u+/zwvOMQlIFy91nNP6x7PxOzc34J/w14q1u0RLejv8="},"chainType":1,"messageKeys":{}}},"pendingPreKey":{"signedKeyId":8,"baseKey":"BZRmCsSWwWEB5nEHDNDJ3/D0/ChvwtLAWOqIquu6h5gA","preKeyId":627743}},"BcKTkF2iNeLWBqkrrYm9dF9queUdWhpQO1H2GftIVTZg":{"registrationId":1176251289,"currentRatchet":{"ephemeralKeyPair":{"pubKey":"BfLM7rU/nnKhn5FXtukiAQGy1TIgDsJF1ey3JpoTR9Fv","privKey":"YBycE3m29JcACvqYk6CBDZXYDVWQsE4OqeRDGc/0nHk="},"lastRemoteEphemeralKey":"BYGB+uWulGf5tx0M8yjxYF7/6UwVCEmgH7V2c4Qk6KQK","previousCounter":0,"rootKey":"LDGtjhYF4QUHkfZl+BEJA8zbg1I60/mgY18z6sX3wMA="},"indexInfo":{"baseKey":"BcKTkF2iNeLWBqkrrYm9dF9queUdWhpQO1H2GftIVTZg","baseKeyType":1,"closed":1680671925748,"used":1680606662369,"created":1680606662369,"remoteIdentityKey":"Bc6bejJMi/iSrBMN+r1f5JkVpeL0wbbcVnOH4Z/Hofd6"},"_chains":{"BfLM7rU/nnKhn5FXtukiAQGy1TIgDsJF1ey3JpoTR9Fv":{"chainKey":{"counter":28,"key":"UFQg7uYPBc07EE7vFJoteAKLIttDw3jMtBmlt2//DCE="},"chainType":1,"messageKeys":{}}},"pendingPreKey":{"signedKeyId":8,"baseKey":"BcKTkF2iNeLWBqkrrYm9dF9queUdWhpQO1H2GftIVTZg","preKeyId":627700}},"BSFPueLzDOLaeIePFHeiaGnxRSthK/WdFw6JzvoHXwFb":{"registrationId":1176251289,"currentRatchet":{"ephemeralKeyPair":{"pubKey":"BYQTnQxTlVy/hnN3qRrSV39b9k0bVE39IxoZaasuJe8g","privKey":"0FaxmaV+oI74DqlHqxejhDAkZ4Y+r9t1deT81Vp9OnA="},"lastRemoteEphemeralKey":"BYGB+uWulGf5tx0M8yjxYF7/6UwVCEmgH7V2c4Qk6KQK","previousCounter":0,"rootKey":"eBmgH1rIropoZn9UQCNx/1D/PO4+eHh0pGFApHIKcWs="},"indexInfo":{"baseKey":"BSFPueLzDOLaeIePFHeiaGnxRSthK/WdFw6JzvoHXwFb","baseKeyType":1,"closed":1680671927194,"used":1680671925746,"created":1680671925746,"remoteIdentityKey":"Bc6bejJMi/iSrBMN+r1f5JkVpeL0wbbcVnOH4Z/Hofd6"},"_chains":{"BYQTnQxTlVy/hnN3qRrSV39b9k0bVE39IxoZaasuJe8g":{"chainKey":{"counter":-1,"key":"BDwGlzNJMZDRjwm6TMYb7uc4maRePN+5g9lRjLELvnE="},"chainType":1,"messageKeys":{}}},"pendingPreKey":{"signedKeyId":8,"baseKey":"BSFPueLzDOLaeIePFHeiaGnxRSthK/WdFw6JzvoHXwFb","preKeyId":627706}},"BZqwjMIfU5FEZVivETVR2TSuPpUPU3ksVZ13zWSbjqA/":{"registrationId":1176251289,"currentRatchet":{"ephemeralKeyPair":{"pubKey":"BeqXkQwkWEY3KO+ve1czPOG5qGkhovmvSK4981yI4R1l","privKey":"MBN/72p8n+svzknkfDOcJ9MS2UQcFte6Kyv3GhnJnV4="},"lastRemoteEphemeralKey":"BYGB+uWulGf5tx0M8yjxYF7/6UwVCEmgH7V2c4Qk6KQK","previousCounter":0,"rootKey":"md+Si3PZx0AT4rdlsysn+psaQE0DDXJ8h4zeG5QlPHc="},"indexInfo":{"baseKey":"BZqwjMIfU5FEZVivETVR2TSuPpUPU3ksVZ13zWSbjqA/","baseKeyType":1,"closed":1680671934237,"used":1680671927192,"created":1680671927192,"remoteIdentityKey":"Bc6bejJMi/iSrBMN+r1f5JkVpeL0wbbcVnOH4Z/Hofd6"},"_chains":{"BeqXkQwkWEY3KO+ve1czPOG5qGkhovmvSK4981yI4R1l":{"chainKey":{"counter":-1,"key":"KipvaCEPwVw3uvotgXq96iGTSno9CNMpdl7Obw9ifd8="},"chainType":1,"messageKeys":{}}},"pendingPreKey":{"signedKeyId":8,"baseKey":"BZqwjMIfU5FEZVivETVR2TSuPpUPU3ksVZ13zWSbjqA/","preKeyId":627876}},"BTIG67qDJjU03VXu/0VjGPEF1+w2kCAbt24xj3yl2plv":{"registrationId":1176251289,"currentRatchet":{"ephemeralKeyPair":{"pubKey":"BcAgWZ5gh2L1jkUuCT75wAnuzEL3vg9oE2UJWGrpl/tO","privKey":"mOvtB+2zJgzGhLY+1GVK+2tp3GeRKiG/TtGVce8VBG0="},"lastRemoteEphemeralKey":"BYGB+uWulGf5tx0M8yjxYF7/6UwVCEmgH7V2c4Qk6KQK","previousCounter":0,"rootKey":"Qe1FYMuP8jxxcJaKnYrZH4oD+0BvN/1deimIgtGeYvw="},"indexInfo":{"baseKey":"BTIG67qDJjU03VXu/0VjGPEF1+w2kCAbt24xj3yl2plv","baseKeyType":1,"closed":1680671935286,"used":1680671934235,"created":1680671934235,"remoteIdentityKey":"Bc6bejJMi/iSrBMN+r1f5JkVpeL0wbbcVnOH4Z/Hofd6"},"_chains":{"BcAgWZ5gh2L1jkUuCT75wAnuzEL3vg9oE2UJWGrpl/tO":{"chainKey":{"counter":-1,"key":"rd1moOmVQGG/IZ7afDvRsugS4zrLmqOF4+3O9D33z3g="},"chainType":1,"messageKeys":{}}},"pendingPreKey":{"signedKeyId":8,"baseKey":"BTIG67qDJjU03VXu/0VjGPEF1+w2kCAbt24xj3yl2plv","preKeyId":627760}},"BcDhf+5AB14cmBkozWcYRS1jAS694u0c4cMXKAWLub9I":{"registrationId":1176251289,"currentRatchet":{"ephemeralKeyPair":{"pubKey":"Be32qcornQwgqXYhveAxQYlhpOeSllGrE/BJSt9kbb9q","privKey":"CLyg2UKjY50NhAC28dy3T8IhpvkGQ5PCJVKlVZjVn2s="},"lastRemoteEphemeralKey":"BYGB+uWulGf5tx0M8yjxYF7/6UwVCEmgH7V2c4Qk6KQK","previousCounter":0,"rootKey":"N+/D/0E4qb2/K8zh4xU3k+U+h4/HMio1PB4XyxMgN1U="},"indexInfo":{"baseKey":"BcDhf+5AB14cmBkozWcYRS1jAS694u0c4cMXKAWLub9I","baseKeyType":1,"closed":1680671940032,"used":1680671935283,"created":1680671935283,"remoteIdentityKey":"Bc6bejJMi/iSrBMN+r1f5JkVpeL0wbbcVnOH4Z/Hofd6"},"_chains":{"Be32qcornQwgqXYhveAxQYlhpOeSllGrE/BJSt9kbb9q":{"chainKey":{"counter":-1,"key":"DRTTTaYVyrGaZxkgVpFyGfzoPzg8SDigiXnNXBTrP+s="},"chainType":1,"messageKeys":{}}},"pendingPreKey":{"signedKeyId":8,"baseKey":"BcDhf+5AB14cmBkozWcYRS1jAS694u0c4cMXKAWLub9I","preKeyId":627791}},"BR7BA0U0UMgHsDP6LfR3Ji/QvygQWFJMxBwHs/bW09RD":{"registrationId":1176251289,"currentRatchet":{"ephemeralKeyPair":{"pubKey":"BeBMxzMCCRe3dEvafZPiW56miEj54tya9TwYpQ6x+VxP","privKey":"wIqyfk8Ky/1NJNsm4921WCDo6gdFTOQ0HDlMhjqkBXg="},"lastRemoteEphemeralKey":"BYGB+uWulGf5tx0M8yjxYF7/6UwVCEmgH7V2c4Qk6KQK","previousCounter":0,"rootKey":"ASB8hDqmjftqrjGXEuZeYSxjudMbSX+geE3K2RIV9TE="},"indexInfo":{"baseKey":"BR7BA0U0UMgHsDP6LfR3Ji/QvygQWFJMxBwHs/bW09RD","baseKeyType":1,"closed":1680671946263,"used":1680671940029,"created":1680671940029,"remoteIdentityKey":"Bc6bejJMi/iSrBMN+r1f5JkVpeL0wbbcVnOH4Z/Hofd6"},"_chains":{"BeBMxzMCCRe3dEvafZPiW56miEj54tya9TwYpQ6x+VxP":{"chainKey":{"counter":-1,"key":"ejH7XFju08AJh7YziK1FJs/zIvAavdG5GJIydslGe/A="},"chainType":1,"messageKeys":{}}},"pendingPreKey":{"signedKeyId":8,"baseKey":"BR7BA0U0UMgHsDP6LfR3Ji/QvygQWFJMxBwHs/bW09RD","preKeyId":627707}},"BdCjIOzo9W8gSQ12H1T7ogMZXnn06xm692J0RYDbAxIi":{"registrationId":1176251289,"currentRatchet":{"ephemeralKeyPair":{"pubKey":"BUo+aa7XXuVbsDHMxD94+gPaiiGDHcYhvmob9SC4HJA+","privKey":"IDN7Lp1eBxncLjTKGPANAtzY6m8mcwi/lcym9H70QFQ="},"lastRemoteEphemeralKey":"BYGB+uWulGf5tx0M8yjxYF7/6UwVCEmgH7V2c4Qk6KQK","previousCounter":0,"rootKey":"hoteO07FURqLSZ3DWcmdNYn9KAUEgDIKRMecLbffBew="},"indexInfo":{"baseKey":"BdCjIOzo9W8gSQ12H1T7ogMZXnn06xm692J0RYDbAxIi","baseKeyType":1,"closed":-1,"used":1680671946261,"created":1680671946261,"remoteIdentityKey":"Bc6bejJMi/iSrBMN+r1f5JkVpeL0wbbcVnOH4Z/Hofd6"},"_chains":{"BUo+aa7XXuVbsDHMxD94+gPaiiGDHcYhvmob9SC4HJA+":{"chainKey":{"counter":1,"key":"azDjDXbmzZjZcNmHJCTK+hO03Fx6FcLPWSwd6+LgoCM="},"chainType":1,"messageKeys":{}}},"pendingPreKey":{"signedKeyId":8,"baseKey":"BdCjIOzo9W8gSQ12H1T7ogMZXnn06xm692J0RYDbAxIi","preKeyId":627816}}},"version":"v1"}