{"_sessions":{"BZnmKyOi0GvM93bL+kt3q84UkOi2sHQosrU1Vux6ilhK":{"registrationId":143,"currentRatchet":{"ephemeralKeyPair":{"pubKey":"BRR0gzBeZFDmqzJD14Rs2sBwJJg4riuOCosu/55i+mgM","privKey":"aJqjI1jxKMftsHam0Xn2aaTep2BAp5vuOi8NCsEtz24="},"lastRemoteEphemeralKey":"BQviGZ4CbTqzdN+d3ABEwMIIoxiHBx8MnOitlSoV5loR","previousCounter":0,"rootKey":"BCbdUVR4gIpWUBySnu1V9KOEzd9uF76jCUsyKG19KTA="},"indexInfo":{"baseKey":"BZnmKyOi0GvM93bL+kt3q84UkOi2sHQosrU1Vux6ilhK","baseKeyType":1,"closed":1680603744553,"used":1680603477007,"created":1680603477007,"remoteIdentityKey":"BUv+mWn3BAe5YOBl6P9AlhStnpu+y8IIiZscwJCAkggL"},"_chains":{"BRR0gzBeZFDmqzJD14Rs2sBwJJg4riuOCosu/55i+mgM":{"chainKey":{"counter":0,"key":"WC1bOjANEQaqDEdOY2t0lZ+soNaSSsatFuLJrfDusrQ="},"chainType":1,"messageKeys":{}}},"pendingPreKey":{"signedKeyId":1,"baseKey":"BZnmKyOi0GvM93bL+kt3q84UkOi2sHQosrU1Vux6ilhK"}},"BUvJm/PyzyP3QrbT635U9FReg2PxFdLycPwooJ4UIqRF":{"registrationId":143,"currentRatchet":{"ephemeralKeyPair":{"pubKey":"BSYoaChjmN/+ubDfyhlBN7XWqezbK0qadbO/L6qlOF8f","privKey":"CHDnIdF+kIPxUwQVJXj65RHO/QOjD6nf/iJo4ladplc="},"lastRemoteEphemeralKey":"BXJYw84caBGdMNlva0531vGSxfoNf32In49jyCJIRK80","previousCounter":2,"rootKey":"FudVT+D4esMR0YOwHS01nlOkvS/zep6KuAiMc6dnONs="},"indexInfo":{"baseKey":"BUvJm/PyzyP3QrbT635U9FReg2PxFdLycPwooJ4UIqRF","baseKeyType":2,"closed":1680606904134,"used":1680606767318,"created":1680603744561,"remoteIdentityKey":"BUv+mWn3BAe5YOBl6P9AlhStnpu+y8IIiZscwJCAkggL"},"_chains":{"BY5sjhFg87zUDsowJf4XfqtW8pJviQjE6QeQY4xD/AFS":{"chainKey":{"counter":0},"chainType":2,"messageKeys":{}},"BXJYw84caBGdMNlva0531vGSxfoNf32In49jyCJIRK80":{"chainKey":{"counter":0,"key":"QyypYxQLtgXju6kFeFBjCGYHtNrmnmYNlM3Ypu+Mgdc="},"chainType":2,"messageKeys":{}},"BSYoaChjmN/+ubDfyhlBN7XWqezbK0qadbO/L6qlOF8f":{"chainKey":{"counter":-1,"key":"+6mcozUdX9QXT7W1uI2HA9uFaY8mwB7LGa2McX/kDv4="},"chainType":1,"messageKeys":{}}}},"BZ+iK8JLi2kzWWllxarJmP/Y6vfCflhgXWUvhHkFT/9L":{"registrationId":143,"currentRatchet":{"ephemeralKeyPair":{"pubKey":"BdEpx8NHOCy96mn/cc0BNDIf/VGlvEB/UxtD6ylAARkY","privKey":"6ID+49WDTnCvtOgitb7bbvAVxB3i4BnQjEgtxZo94mw="},"lastRemoteEphemeralKey":"BeEHVsuz/T5hO6O2nGtu4dueMrdyqlXIafFsd2Hy9fET","previousCounter":1,"rootKey":"KtnqC5MhbaHUX11zZi5obFIsW/teHogzy1r9D+VW8K8="},"indexInfo":{"baseKey":"BZ+iK8JLi2kzWWllxarJmP/Y6vfCflhgXWUvhHkFT/9L","baseKeyType":1,"closed":1680607010033,"used":1680607009256,"created":1680606904131,"remoteIdentityKey":"BUv+mWn3BAe5YOBl6P9AlhStnpu+y8IIiZscwJCAkggL"},"_chains":{"BeEHVsuz/T5hO6O2nGtu4dueMrdyqlXIafFsd2Hy9fET":{"chainKey":{"counter":1,"key":"qT60861pHaVlJThd5EdoLl3P72XKMuHb2u0fm6+Ff4Q="},"chainType":2,"messageKeys":{}},"BdEpx8NHOCy96mn/cc0BNDIf/VGlvEB/UxtD6ylAARkY":{"chainKey":{"counter":-1,"key":"dJYWpw8KuBPQ5lrkpyFD45lRUp24AeEYTNAiYYtyWTc="},"chainType":1,"messageKeys":{}}}},"BazTVC8MWwGD/6eSn2v0RIcKBlJP91/RB5vRp0f9r28M":{"registrationId":143,"currentRatchet":{"ephemeralKeyPair":{"pubKey":"Bcu/nbrV8EGvpcIrrLXeAwh6FnWcny8SLGBNMnEEBswe","privKey":"KIUQi/ittnqJncgb5+WbOwZQ6Sd1J+fpP0YCYhUgDlE="},"lastRemoteEphemeralKey":"BQviGZ4CbTqzdN+d3ABEwMIIoxiHBx8MnOitlSoV5loR","previousCounter":0,"rootKey":"z7+JAro7NRvou67y3DNE926OuM+nzgvk8tkh2HYxPxA="},"indexInfo":{"baseKey":"BazTVC8MWwGD/6eSn2v0RIcKBlJP91/RB5vRp0f9r28M","baseKeyType":1,"closed":1680607067310,"used":1680607009991,"created":1680607009991,"remoteIdentityKey":"BUv+mWn3BAe5YOBl6P9AlhStnpu+y8IIiZscwJCAkggL"},"_chains":{"Bcu/nbrV8EGvpcIrrLXeAwh6FnWcny8SLGBNMnEEBswe":{"chainKey":{"counter":2,"key":"Va3gOFEto59RrgqLk+4AgLPhYyjEG7nw5w7C9dq8cl8="},"chainType":1,"messageKeys":{}}},"pendingPreKey":{"signedKeyId":1,"baseKey":"BazTVC8MWwGD/6eSn2v0RIcKBlJP91/RB5vRp0f9r28M","preKeyId":421}},"BTvDtI1kslG9+T/SP/kXqPjSPKK5KfWal08EGjsiGVwb":{"registrationId":143,"currentRatchet":{"ephemeralKeyPair":{"pubKey":"BYNjPIgQvRP9mHS1J8eZ8tn/B+1Tt790JEDsVVvwnE00","privKey":"YDbap66K9pJdecm36xGe8T/BvQmvqCH6TNmWWGeDFlE="},"lastRemoteEphemeralKey":"BfblokKYCaxiJm1X68M9TwZj5sv4jV8amlzvzYsiGwRa","previousCounter":0,"rootKey":"jIBj4YCTFApMg/cobksUPNGtFVRi4SbktUWMRaDk7dI="},"indexInfo":{"baseKey":"BTvDtI1kslG9+T/SP/kXqPjSPKK5KfWal08EGjsiGVwb","baseKeyType":2,"closed":-1,"used":1680607067313,"created":1680607067313,"remoteIdentityKey":"BUv+mWn3BAe5YOBl6P9AlhStnpu+y8IIiZscwJCAkggL"},"_chains":{"BfblokKYCaxiJm1X68M9TwZj5sv4jV8amlzvzYsiGwRa":{"chainKey":{"counter":0,"key":"bP+4DExpMUDzV2eIAJ/Vclo8Yd/4RWp33dWSImQrktc="},"chainType":2,"messageKeys":{}},"BYNjPIgQvRP9mHS1J8eZ8tn/B+1Tt790JEDsVVvwnE00":{"chainKey":{"counter":-1,"key":"F7MNH+akWxGUjmmUO7351mR10N3E6gRyUb0ZQd6Sq/s="},"chainType":1,"messageKeys":{}}}}},"version":"v1"}