{"_sessions":{"BTFMToABF53H19UOnkMJJhv6SNNRQWyEQdySl5/cA8Ao":{"registrationId":16318696,"currentRatchet":{"ephemeralKeyPair":{"pubKey":"BZ65ecHcrJkE9H2mSvjQ015mkBuQ/D/UTx18DSsjKBAq","privKey":"6Bi6+8zdCXKvK3KkCQCOqkkZP6LC6HVCK9es7hQwt1k="},"lastRemoteEphemeralKey":"BUp0bbhVvmPgaO0JsmAQhAWWPkgaJsqfiJ7eFWLolKY0","previousCounter":0,"rootKey":"uKl+Dwn7JIDcRcbl63O6dztCWX7qVNKvn+5ug1kqohk="},"indexInfo":{"baseKey":"BTFMToABF53H19UOnkMJJhv6SNNRQWyEQdySl5/cA8Ao","baseKeyType":1,"closed":1680606662771,"used":1680606655924,"created":1680606655924,"remoteIdentityKey":"BVf9uVaET+VSPptVJNlO4k5vvYo5xAiFWY13KC4QaMp3"},"_chains":{"BZ65ecHcrJkE9H2mSvjQ015mkBuQ/D/UTx18DSsjKBAq":{"chainKey":{"counter":0,"key":"oRf2PAMn7XlVbJc/H8H/D/1Lb/3MnqCiBY0deiL+7j8="},"chainType":1,"messageKeys":{}}},"pendingPreKey":{"signedKeyId":0,"baseKey":"BTFMToABF53H19UOnkMJJhv6SNNRQWyEQdySl5/cA8Ao"}},"BRt5bf3iZw96Q3NU4zpd9rVp16YtJEeKzCfbRXNf+aAC":{"registrationId":16318696,"currentRatchet":{"ephemeralKeyPair":{"pubKey":"BfFgj0WS++Rgm2mNY7B7PsP/Uuw3ZhAjBOsGBSHnKzJC","privKey":"8I8lhiZynZlixNbmG+7e07lCk8HziTYU7TM0P2tMtX0="},"lastRemoteEphemeralKey":"BUp0bbhVvmPgaO0JsmAQhAWWPkgaJsqfiJ7eFWLolKY0","previousCounter":0,"rootKey":"klk0wIxpi6xbrtimRcJukkmbIVjf9Y7Pt9QPDNedJ+s="},"indexInfo":{"baseKey":"BRt5bf3iZw96Q3NU4zpd9rVp16YtJEeKzCfbRXNf+aAC","baseKeyType":1,"closed":-1,"used":1680606661955,"created":1680606661955,"remoteIdentityKey":"BVf9uVaET+VSPptVJNlO4k5vvYo5xAiFWY13KC4QaMp3"},"_chains":{"BfFgj0WS++Rgm2mNY7B7PsP/Uuw3ZhAjBOsGBSHnKzJC":{"chainKey":{"counter":30,"key":"RfHjEhJsx3hZXje0y6Hg9SEn2GUFdqxHfk0UfKO37SY="},"chainType":1,"messageKeys":{}}},"pendingPreKey":{"signedKeyId":0,"baseKey":"BRt5bf3iZw96Q3NU4zpd9rVp16YtJEeKzCfbRXNf+aAC"}}},"version":"v1"}