{"_sessions":{"BTHjIRjxiXoJjvH/qWQRuZZC0T30ZguJV2W0Ma94+act":{"registrationId":1678070169,"currentRatchet":{"ephemeralKeyPair":{"pubKey":"BaYaI5IzcAx+uSfrDXLyrdZM81qzmQjSlc48HX3O/hBU","privKey":"IOaDUM8W7b9gE5fi+awnhw5+yEG27dPqr+OjFEK9tkY="},"lastRemoteEphemeralKey":"BXIjOpKi6gMskv6tNPStrWppRRLyw8xITfyKBELq5XYR","previousCounter":0,"rootKey":"azJv/M+Um0tzpduEWwlF9y4DZH+ZOCofFqNivrVmqrA="},"indexInfo":{"baseKey":"BTHjIRjxiXoJjvH/qWQRuZZC0T30ZguJV2W0Ma94+act","baseKeyType":1,"closed":-1,"used":1680604735018,"created":1680604735018,"remoteIdentityKey":"BSf181tjDrYncH5ik9rObYxhXL5nYfdpVTknFCu8++M/"},"_chains":{"BaYaI5IzcAx+uSfrDXLyrdZM81qzmQjSlc48HX3O/hBU":{"chainKey":{"counter":7,"key":"8Fdx+CWGVtdN+JtmzdN0hmtr0b/FfnhijWjZ5AkNQFk="},"chainType":1,"messageKeys":{}}},"pendingPreKey":{"signedKeyId":0,"baseKey":"BTHjIRjxiXoJjvH/qWQRuZZC0T30ZguJV2W0Ma94+act","preKeyId":11308660}}},"version":"v1"}