{"_sessions":{"BT5yvB05dn4mMsg1VSvZTuWFPjYKmAmJ8DSeGCW6Etpv":{"registrationId":1826537067,"currentRatchet":{"ephemeralKeyPair":{"pubKey":"BYx4QZr2dv6/SSOWlQO9Ykp3qNG7f3vvj622eyusU7oa","privKey":"EMKKssRPt6UcMWypZK8E7u95uZwprN8c+6lgxYGgl2g="},"lastRemoteEphemeralKey":"BZ88hrfrOfn6Ey/RyyvyPzhdPiAqfzp9RFOia2LM2Ysq","previousCounter":0,"rootKey":"grIzJk9fIpB+2TSQirbzkgLYCtZ2NEVTB3VlCu9vpJw="},"indexInfo":{"baseKey":"BT5yvB05dn4mMsg1VSvZTuWFPjYKmAmJ8DSeGCW6Etpv","baseKeyType":1,"closed":-1,"used":1680607864626,"created":1680607864626,"remoteIdentityKey":"BY1RFledZsBo7wp9QM+geC4thItXcHRA8Zm2P/3MDihp"},"_chains":{"BYx4QZr2dv6/SSOWlQO9Ykp3qNG7f3vvj622eyusU7oa":{"chainKey":{"counter":101,"key":"r/fn1ewcdQsUNtUJErYaXX8qtMvhwIWwsd2WD/sjt1c="},"chainType":1,"messageKeys":{}}},"pendingPreKey":{"signedKeyId":2,"baseKey":"BT5yvB05dn4mMsg1VSvZTuWFPjYKmAmJ8DSeGCW6Etpv","preKeyId":1259421}}},"version":"v1"}