{"_sessions":{"Bd2x6sJDQCTyXrrrWuiJKtpsNG5CV5Z3HxvWcLKtk9JG":{"registrationId":118,"currentRatchet":{"ephemeralKeyPair":{"pubKey":"BSSA8KDBa6EvbTv5Qvt9xzepxVQepaosFTZuCChCwFZr","privKey":"GHcKiyXALLtmz614yIvqf+dOrL+7FDGw+6zqGLs8bn0="},"lastRemoteEphemeralKey":"Bbaoe7yUunh3E/ydxjGMf43GP78vquOQyg/ozlnpMmh5","previousCounter":0,"rootKey":"HCvXlBFGaeUhILFS2DqMeLj30Y38xcrtMlhcJLF/w6E="},"indexInfo":{"baseKey":"Bd2x6sJDQCTyXrrrWuiJKtpsNG5CV5Z3HxvWcLKtk9JG","baseKeyType":1,"closed":-1,"used":1680605960083,"created":1680605960083,"remoteIdentityKey":"BQ/gGJ1cF3qLOJC9VYHiMdaxK5L+uBXpHDY44Wu3KYBI"},"_chains":{"BSSA8KDBa6EvbTv5Qvt9xzepxVQepaosFTZuCChCwFZr":{"chainKey":{"counter":3,"key":"Sy+FEjI0PxtAm82WlyVM6x9Tp0ZTQCaYpwUP1VQEsYc="},"chainType":1,"messageKeys":{}}},"pendingPreKey":{"signedKeyId":1,"baseKey":"Bd2x6sJDQCTyXrrrWuiJKtpsNG5CV5Z3HxvWcLKtk9JG"}}},"version":"v1"}