{"_sessions":{"BYCmYBibOUDu9sSMeNw1s20JEOZ4EyOtGK64keb2TJ55":{"registrationId":176014927,"currentRatchet":{"ephemeralKeyPair":{"pubKey":"BcjHTH8QVjzt8TAW7WZrjRE/9NNDnypp+WiYAMTpDo8d","privKey":"oLMF5KPS4WWM3scs6K7bkiSxOgMFMKxE8dcBTZ5Y3H8="},"lastRemoteEphemeralKey":"BW7AzsQzPEX1zgVN8VAM/KHAokYqn5/zBdXpUEs33ihn","previousCounter":0,"rootKey":"Yq3626LlltjB/N+IkeVkANOxarhwFbmue29eMx1n36I="},"indexInfo":{"baseKey":"BYCmYBibOUDu9sSMeNw1s20JEOZ4EyOtGK64keb2TJ55","baseKeyType":1,"closed":-1,"used":1680677414629,"created":1680677414629,"remoteIdentityKey":"BagjudS0TTPWN8+DExZjUZZYWJvKnvwbj+pc9nUyUtQv"},"_chains":{"BcjHTH8QVjzt8TAW7WZrjRE/9NNDnypp+WiYAMTpDo8d":{"chainKey":{"counter":2,"key":"hWkPotWqKVuktlIYIzKAlbPgsrX+N6/5aiWybNgvTN8="},"chainType":1,"messageKeys":{}}},"pendingPreKey":{"signedKeyId":3,"baseKey":"BYCmYBibOUDu9sSMeNw1s20JEOZ4EyOtGK64keb2TJ55","preKeyId":777690}}},"version":"v1"}