{"_sessions":{"BaE35z7gaPBQTGe9+JBTipIzOTUSK1Ta2fFMIgU0npdK":{"registrationId":2141518213,"currentRatchet":{"ephemeralKeyPair":{"pubKey":"BbbBm8TmkLlTxQ8jGgn5xvpIrpKjyy99Hwi85bIwyHZF","privKey":"MKgrekWbatncE7A2SNg8eT0qKX/RTJXUeX7iNyzAT2A="},"lastRemoteEphemeralKey":"BRBrkrEVpSRWYVTUQA5fY03ashgodxeIAWYgC8TEGEUI","previousCounter":0,"rootKey":"GkP3QdozHj01Gs8mnQn2OE712f4+w6jlfbEZECDAUrI="},"indexInfo":{"baseKey":"BaE35z7gaPBQTGe9+JBTipIzOTUSK1Ta2fFMIgU0npdK","baseKeyType":1,"closed":-1,"used":1680607864399,"created":1680607864399,"remoteIdentityKey":"Bd81bGSq5Q2qwaBBO8IZF5pmw0V7Z4cJmBWgDMRifvE/"},"_chains":{"BbbBm8TmkLlTxQ8jGgn5xvpIrpKjyy99Hwi85bIwyHZF":{"chainKey":{"counter":104,"key":"rKX/84GdGMWl/sb/PjM09wleJdS302Fmk+0Is45eKA8="},"chainType":1,"messageKeys":{}}},"pendingPreKey":{"signedKeyId":13,"baseKey":"BaE35z7gaPBQTGe9+JBTipIzOTUSK1Ta2fFMIgU0npdK","preKeyId":12550792}}},"version":"v1"}