{"_sessions":{"BbM4G7SrbrJ33v48Q5rLT+9e+N2jFwtcwD948jnUZbNr":{"registrationId":908048932,"currentRatchet":{"ephemeralKeyPair":{"pubKey":"Be2zx7nmVCEuF+nFcfWjqOMvtxgKPPcilPx2GrLJGDlK","privKey":"mLIeDLnEWR+Xcv0mLdziyaIbWgoW6sGtwugSCD7KDE4="},"lastRemoteEphemeralKey":"BZrHqL+B+p4Eoaj/8jNdJb4GeuTHzFILvaEgX5tfUZhZ","previousCounter":0,"rootKey":"odzOddm+Rc9Ll3eTvb6exDOCfRcscJuZML8AVUUoieA="},"indexInfo":{"baseKey":"BbM4G7SrbrJ33v48Q5rLT+9e+N2jFwtcwD948jnUZbNr","baseKeyType":1,"closed":1680606662776,"used":1680606656702,"created":1680606656702,"remoteIdentityKey":"BQadgjaG/CZmdL++F/hKGgh/3LAc36ZOsg9vmEJrXANU"},"_chains":{"Be2zx7nmVCEuF+nFcfWjqOMvtxgKPPcilPx2GrLJGDlK":{"chainKey":{"counter":0,"key":"GKR2d5fXWaa24Knwy7CROA19C7rJHlnBYX28GAzljzU="},"chainType":1,"messageKeys":{}}},"pendingPreKey":{"signedKeyId":3,"baseKey":"BbM4G7SrbrJ33v48Q5rLT+9e+N2jFwtcwD948jnUZbNr"}},"BbaGcbnygazZodvSbiiq1GNye6yTfUbzkX6h2jG7lD9z":{"registrationId":908048932,"currentRatchet":{"ephemeralKeyPair":{"pubKey":"BbCqKZTZ8nxQOMa+QpkEie1e+e4juPEAUn+/+9PMchc9","privKey":"mHVa8sgVh6++yorWkxG1oJuITiBKJkXgMeobwiO900U="},"lastRemoteEphemeralKey":"BZrHqL+B+p4Eoaj/8jNdJb4GeuTHzFILvaEgX5tfUZhZ","previousCounter":0,"rootKey":"XUJrSsDMbSQUzPGiEa/6uBtT1bb/VDo0e7cYJqrbUoA="},"indexInfo":{"baseKey":"BbaGcbnygazZodvSbiiq1GNye6yTfUbzkX6h2jG7lD9z","baseKeyType":1,"closed":-1,"used":1680606662732,"created":1680606662732,"remoteIdentityKey":"BQadgjaG/CZmdL++F/hKGgh/3LAc36ZOsg9vmEJrXANU"},"_chains":{"BbCqKZTZ8nxQOMa+QpkEie1e+e4juPEAUn+/+9PMchc9":{"chainKey":{"counter":30,"key":"9KqDCH02Ey4chiGVAYszZ4EIoXHWX4wT9oirdZTAonw="},"chainType":1,"messageKeys":{}}},"pendingPreKey":{"signedKeyId":3,"baseKey":"BbaGcbnygazZodvSbiiq1GNye6yTfUbzkX6h2jG7lD9z"}}},"version":"v1"}