{"_sessions":{"BcDlR9naM2Pv47pgVjpXIOUnEq02oEqiSRxoV2XIgjkw":{"registrationId":1445260442,"currentRatchet":{"ephemeralKeyPair":{"pubKey":"BeXPaZhIwrCHBQOIeLcrenWYvtz2rWUEoDLmHZY5dmJ6","privKey":"SAW44HsoDXho1xdJyez2yRf6tZS1WgHpcULGElIJJGY="},"lastRemoteEphemeralKey":"Bf1rsaf5RNtKJWLPONFX2GXun3S3VUC3PzRwyXbl6K0I","previousCounter":0,"rootKey":"r+WSoItAkwm0wLiy7kasNP4qaIP3zRm1OKTVOkJhIeA="},"indexInfo":{"baseKey":"BcDlR9naM2Pv47pgVjpXIOUnEq02oEqiSRxoV2XIgjkw","baseKeyType":1,"closed":1680606662776,"used":1680606656657,"created":1680606656657,"remoteIdentityKey":"BUYYZd7Ds3dgxL1aT3mncradBkJd5aXZj/LzvANdbA80"},"_chains":{"BeXPaZhIwrCHBQOIeLcrenWYvtz2rWUEoDLmHZY5dmJ6":{"chainKey":{"counter":0,"key":"Glg92qQ0t2He+lrDStbBbJ77tiO1L/IR7n57GnFwRhM="},"chainType":1,"messageKeys":{}}},"pendingPreKey":{"signedKeyId":0,"baseKey":"BcDlR9naM2Pv47pgVjpXIOUnEq02oEqiSRxoV2XIgjkw"}},"BUinhML84OYBMYiyGycCZNPLBbPNzr4mVM9S1dFEl2k/":{"registrationId":1445260442,"currentRatchet":{"ephemeralKeyPair":{"pubKey":"BctCnop55uauTK8Kb6Tj+E+AFBBS3N6Fg9pNJraTBeYr","privKey":"8EI457aHb/ArFXakLCRPRBPIDHEGZoVqL263GnJmo2k="},"lastRemoteEphemeralKey":"Bf1rsaf5RNtKJWLPONFX2GXun3S3VUC3PzRwyXbl6K0I","previousCounter":0,"rootKey":"WlpEflGn+E9zEZcN1lcpG3q9KabuaSkdev1okhPISvQ="},"indexInfo":{"baseKey":"BUinhML84OYBMYiyGycCZNPLBbPNzr4mVM9S1dFEl2k/","baseKeyType":1,"closed":-1,"used":1680606662681,"created":1680606662681,"remoteIdentityKey":"BUYYZd7Ds3dgxL1aT3mncradBkJd5aXZj/LzvANdbA80"},"_chains":{"BctCnop55uauTK8Kb6Tj+E+AFBBS3N6Fg9pNJraTBeYr":{"chainKey":{"counter":30,"key":"kPXMMYCDIRJH1fczWqfeA535qZcCQxztzZgMH7ARTLQ="},"chainType":1,"messageKeys":{}}},"pendingPreKey":{"signedKeyId":0,"baseKey":"BUinhML84OYBMYiyGycCZNPLBbPNzr4mVM9S1dFEl2k/"}}},"version":"v1"}