{"_sessions":{"BW9X1Q5Cm/OoH/P/yUiujdbiKjeGIvgSFuCu8DB2PiJl":{"registrationId":108,"currentRatchet":{"ephemeralKeyPair":{"pubKey":"BZAtQiXevKZzGJPkmcPwMM5E6PrSAp6MwHJRNAR+4Vo9","privKey":"AOKQ36gNdifNPxhphVcKz2o8Czr1n4n98dNQSJymxUw="},"lastRemoteEphemeralKey":"BcC78+H5NkV8tgRoFZ8ABDAuyfP9XactzZkJ/UjH6GVq","previousCounter":0,"rootKey":"/pkMQzUyzCOd5y3ojgkgUSb8Wy+hLS7X4fpi9jZcjao="},"indexInfo":{"baseKey":"BW9X1Q5Cm/OoH/P/yUiujdbiKjeGIvgSFuCu8DB2PiJl","baseKeyType":1,"closed":-1,"used":1680603477042,"created":1680603477042,"remoteIdentityKey":"BdtZCP5E8/rJzrzKttUVZqJu/k5y68G0aT5qPye+iTs7"},"_chains":{"BZAtQiXevKZzGJPkmcPwMM5E6PrSAp6MwHJRNAR+4Vo9":{"chainKey":{"counter":36,"key":"b+MCfCa4f5qDPoy9O7VWfMHY50SBAhhZwovJsCfG6x8="},"chainType":1,"messageKeys":{}}},"pendingPreKey":{"signedKeyId":1,"baseKey":"BW9X1Q5Cm/OoH/P/yUiujdbiKjeGIvgSFuCu8DB2PiJl"}}},"version":"v1"}