{"_sessions":{"BQAj+2eMTch+bYD/h/SLDatjexbKiz4UZFrw9P9uzEVJ":{"registrationId":468951359,"currentRatchet":{"ephemeralKeyPair":{"pubKey":"BVZJSC0YOCPhu5+ReRXLAcGoVasrcslYCztOUlvOMWcs","privKey":"OKAoAvY3PMHr9fbl3vjzEZGNt3/35V6Rsv5FAprMnGI="},"lastRemoteEphemeralKey":"BZzPa8L2bxdAw8n+UzJJTzphZe8OKrvvv2Aj0jr8i9oR","previousCounter":0,"rootKey":"4Dq0bsOQO2Ctt3aU0C5VOdMt/SRfj9sSasZrtt5pRvA="},"indexInfo":{"baseKey":"BQAj+2eMTch+bYD/h/SLDatjexbKiz4UZFrw9P9uzEVJ","baseKeyType":1,"closed":1680606662776,"used":1680606656616,"created":1680606656616,"remoteIdentityKey":"BdQ77nr0RUckD1tO8ypqoWBUDceb5XtJc3bU2SY57lB2"},"_chains":{"BVZJSC0YOCPhu5+ReRXLAcGoVasrcslYCztOUlvOMWcs":{"chainKey":{"counter":0,"key":"CA9CQYg2cxcaK7BKVHiVIWAWsnmYZNVG/s7mvGvnTqI="},"chainType":1,"messageKeys":{}}},"pendingPreKey":{"signedKeyId":2,"baseKey":"BQAj+2eMTch+bYD/h/SLDatjexbKiz4UZFrw9P9uzEVJ"}},"BeC5kxKdyIpL3WZbNZrghjNQ4knWP9h/CfLExqoRpxch":{"registrationId":468951359,"currentRatchet":{"ephemeralKeyPair":{"pubKey":"BVtDICGG4r3oQt8Nl0nO6qaiBEGiWnEpMpmT6jb/3593","privKey":"uO5H7q1iYvWK4J/PjYNLm1YJ91FTcZd5bWYTIesZMHI="},"lastRemoteEphemeralKey":"BZzPa8L2bxdAw8n+UzJJTzphZe8OKrvvv2Aj0jr8i9oR","previousCounter":0,"rootKey":"hHFqsamwFvvYYXFHLSG5ISgFUDMvuy96+KwC2Cf8df0="},"indexInfo":{"baseKey":"BeC5kxKdyIpL3WZbNZrghjNQ4knWP9h/CfLExqoRpxch","baseKeyType":1,"closed":-1,"used":1680606662638,"created":1680606662638,"remoteIdentityKey":"BdQ77nr0RUckD1tO8ypqoWBUDceb5XtJc3bU2SY57lB2"},"_chains":{"BVtDICGG4r3oQt8Nl0nO6qaiBEGiWnEpMpmT6jb/3593":{"chainKey":{"counter":30,"key":"HmAxFChMCUFAkhD2awqtvI4rYc9PaumMOHGgcZoyQu0="},"chainType":1,"messageKeys":{}}},"pendingPreKey":{"signedKeyId":2,"baseKey":"BeC5kxKdyIpL3WZbNZrghjNQ4knWP9h/CfLExqoRpxch"}}},"version":"v1"}