{"_sessions":{"BYUZuaLqya66npsVykAFB2I9cAbBOTvMhT+XFWqcr2IO":{"registrationId":303267784,"currentRatchet":{"ephemeralKeyPair":{"pubKey":"BdrePWkS35qjFCTh4WUC6087YCnh6Po2xjDo1BJmnKNw","privKey":"INJ1qF4eOhsPJbSgKgCwfQHGwpAwfXpRtSHwL6tVfUI="},"lastRemoteEphemeralKey":"Bb/f2MbLZV1emVVkUCSeraclGsd8uHX+5RA+vtegwbRq","previousCounter":0,"rootKey":"lU4Vcqsqdy+Wz94p1S51r+AtWmXytnWA5uf9+Xe9KTc="},"indexInfo":{"baseKey":"BYUZuaLqya66npsVykAFB2I9cAbBOTvMhT+XFWqcr2IO","baseKeyType":1,"closed":-1,"used":1680677414575,"created":1680677414575,"remoteIdentityKey":"BV4PHn0tR2OC8IjovqO/Ln3uczLN/Yn2XQrjNutVmLF6"},"_chains":{"BdrePWkS35qjFCTh4WUC6087YCnh6Po2xjDo1BJmnKNw":{"chainKey":{"counter":2,"key":"rl0smf7I65o5Lyh+x++Dzeju3X68R57plwZLnoeOgSQ="},"chainType":1,"messageKeys":{}}},"pendingPreKey":{"signedKeyId":1,"baseKey":"BYUZuaLqya66npsVykAFB2I9cAbBOTvMhT+XFWqcr2IO","preKeyId":5123286}}},"version":"v1"}