{"_sessions":{"BQBSHnhFTgneF+oyDVuCaeeE0dNZmFDQvwB2NDZC+gF9":{"registrationId":64,"currentRatchet":{"ephemeralKeyPair":{"pubKey":"BaOiyOvMAidwh2a2g16ov6GL9gqi5X5V/eXgRYHh2PhB","privKey":"8CbnmbkMDxzd9+gAeftZjPoOkIaEOjznVEMwGK8i5Xo="},"lastRemoteEphemeralKey":"BS7zaZytOaY+cL93n3tcY+QEGrvnsbXfaUmH/Tegwzhl","previousCounter":0,"rootKey":"WvUxnjC7gMFBdRRLpKcEHM7hfUWbgnmRAz3Ww/bJjE4="},"indexInfo":{"baseKey":"BQBSHnhFTgneF+oyDVuCaeeE0dNZmFDQvwB2NDZC+gF9","baseKeyType":1,"closed":-1,"used":1680677414140,"created":1680677414140,"remoteIdentityKey":"BQr9kLD00i6eaSX2lYP0SlIr9IBBGzOO+vLkyfpfi7wQ"},"_chains":{"BaOiyOvMAidwh2a2g16ov6GL9gqi5X5V/eXgRYHh2PhB":{"chainKey":{"counter":2,"key":"7MfMh7wN5Bc7Wo/+12TWAvbe++irgHVYiU0k/+0EXH8="},"chainType":1,"messageKeys":{}}},"pendingPreKey":{"signedKeyId":1,"baseKey":"BQBSHnhFTgneF+oyDVuCaeeE0dNZmFDQvwB2NDZC+gF9"}}},"version":"v1"}