{"_sessions":{"BSGs4WIs1RoAS0UpZ4CboIe82xQX8KqZm62UDrZISj8X":{"registrationId":964707353,"currentRatchet":{"ephemeralKeyPair":{"pubKey":"BajnJfvQiLN8tj4SMbbOylcoaF/ZR6VtVwfdvrOWTytR","privKey":"MECr+ExzOAhUjQv3Nk4p7OBo2loBxcDwmjUD+T7NLWI="},"lastRemoteEphemeralKey":"BU0GivzwDTPxvFwWXoVbJ9knIxf3g3DLPCGCnUWlg0Jh","previousCounter":20,"rootKey":"SgijfaUjaLtZunno3xTyRUvukpLML3Jf0r/YUxpmqLc="},"indexInfo":{"baseKey":"BSGs4WIs1RoAS0UpZ4CboIe82xQX8KqZm62UDrZISj8X","baseKeyType":1,"closed":-1,"used":1680650948174,"created":1680603477247,"remoteIdentityKey":"BZoW52hwttUJ39MAlKxsd85dcN5GsL4T0trCBRzRtstW"},"_chains":{"BU0GivzwDTPxvFwWXoVbJ9knIxf3g3DLPCGCnUWlg0Jh":{"chainKey":{"counter":0,"key":"07o6E2K9iakNuGlGcrJ+rZ+5RJ2CZe8+cU2jhYttF1E="},"chainType":2,"messageKeys":{}},"BajnJfvQiLN8tj4SMbbOylcoaF/ZR6VtVwfdvrOWTytR":{"chainKey":{"counter":15,"key":"5u+N/yTEF5LreRPQyDBupy+Vt4BLWoN6ldTG9Ovul4U="},"chainType":1,"messageKeys":{}}}}},"version":"v1"}