{"_sessions":{"BVMmj5ijjnCnTnkXvCc3df0JZvAjNDP/6XoFgZEqpltS":{"registrationId":1492134766,"currentRatchet":{"ephemeralKeyPair":{"pubKey":"BRNEo7NiJRbQN7WadHZ31nmvnTpTUnswAikgTwSjsiYy","privKey":"WFnTCeUxQGEqsLAO0lKZwzBpfysz1zJQHs34CA116E4="},"lastRemoteEphemeralKey":"BdNstIEnVjENTNMVvevtPyaFRd3cYGMxY03g6DmnQhMC","previousCounter":3,"rootKey":"N93z3U4cREYxMV6FKZ1SaipmEPnelHIwggKA13lGGNs="},"indexInfo":{"baseKey":"BVMmj5ijjnCnTnkXvCc3df0JZvAjNDP/6XoFgZEqpltS","baseKeyType":1,"closed":-1,"used":1680682256366,"created":1680607864665,"remoteIdentityKey":"BRnNy0yhYMRcb3moKQpWXPJy0lim33Fo2UNHswZ73JQq"},"_chains":{"BVPrJWVpzlIi13McKyb0MPct7g7+uAvFc6fRi3TJUZgE":{"chainKey":{"counter":0},"chainType":2,"messageKeys":{}},"Bfe/ZDIxi0iy0G3oF+JxYbnF/Yt2EQGGGhPWHZEl/7RI":{"chainKey":{"counter":0},"chainType":2,"messageKeys":{}},"BdNstIEnVjENTNMVvevtPyaFRd3cYGMxY03g6DmnQhMC":{"chainKey":{"counter":0,"key":"HnMF/ph1urougILt6agenEGhYrMvTy6y/eRXG4pYefo="},"chainType":2,"messageKeys":{}},"BRNEo7NiJRbQN7WadHZ31nmvnTpTUnswAikgTwSjsiYy":{"chainKey":{"counter":23,"key":"fU5fAFA2WEbmgqwyg9DcFkqp/ITz5M1wSTDCGWwzgFM="},"chainType":1,"messageKeys":{}}}}},"version":"v1"}