{"_sessions":{"Be02IxisD4Mf+eeveR51Cm9xbhYc/4oA9IX+jrax86ls":{"registrationId":1521971493,"currentRatchet":{"ephemeralKeyPair":{"pubKey":"Bf1bGE+sHWpxziDL3mGIPy4irrdDdt7qqCBisHKmyfgt","privKey":"UG9lGlCTAD04MzcCEyrQXxlLP/5iJpYqVXUcwTfCMVo="},"lastRemoteEphemeralKey":"BfexBBdfnjC4qjxqIdkiQb7KWEEwr0OofiDXhK70gtN+","previousCounter":0,"rootKey":"TdDUtl0sSTXQgzNjyp0HHeUYGxRDdR7/CL+uztNgvJQ="},"indexInfo":{"baseKey":"Be02IxisD4Mf+eeveR51Cm9xbhYc/4oA9IX+jrax86ls","baseKeyType":1,"closed":-1,"used":1680607864385,"created":1680607864385,"remoteIdentityKey":"BcZn+x3XMjySNAq7zOjO1by15JOEYqgQvUFpmyJ9MIp1"},"_chains":{"Bf1bGE+sHWpxziDL3mGIPy4irrdDdt7qqCBisHKmyfgt":{"chainKey":{"counter":104,"key":"CYGjuxnl5XCHOaSGar3zjoj6V5FwrYXWOvtCAJMwibQ="},"chainType":1,"messageKeys":{}}},"pendingPreKey":{"signedKeyId":0,"baseKey":"Be02IxisD4Mf+eeveR51Cm9xbhYc/4oA9IX+jrax86ls","preKeyId":8000698}}},"version":"v1"}