{"_sessions":{"BY8TsP+3R+nCOLqVvVqUkWaDDQ8a+b5kwQ2S66PRLPwu":{"registrationId":242003968,"currentRatchet":{"ephemeralKeyPair":{"pubKey":"BUGtsLSKIsH6jn0GP50LKMOioWBTovMX4JmiTKnrndoW","privKey":"4KW9QfVPHVHmEHPWp0eKpEXQ++mUQ9aH+bzchgFudnA="},"lastRemoteEphemeralKey":"BdGvt6stDCvWYczCpUYlhzpfhCOVNE63jxJtEYSBajQI","previousCounter":0,"rootKey":"Wtg1JozhzOTJVU3BYfUoukHwWSH7pwbml4INbI2iYJg="},"indexInfo":{"baseKey":"BY8TsP+3R+nCOLqVvVqUkWaDDQ8a+b5kwQ2S66PRLPwu","baseKeyType":1,"closed":-1,"used":1680677415260,"created":1680677415260,"remoteIdentityKey":"BYZGCKRM3IkIsqQGJ7GWuLo542+8iTg4U/oo4lGOMBsN"},"_chains":{"BUGtsLSKIsH6jn0GP50LKMOioWBTovMX4JmiTKnrndoW":{"chainKey":{"counter":2,"key":"RRPS1mN3bAwxERDpYrZOZjC0j9mCfwWrI3+C+F23mEY="},"chainType":1,"messageKeys":{}}},"pendingPreKey":{"signedKeyId":1,"baseKey":"BY8TsP+3R+nCOLqVvVqUkWaDDQ8a+b5kwQ2S66PRLPwu","preKeyId":15566788}}},"version":"v1"}