{"_sessions":{"BXilg679UwyEye7F7wr+KRLsMrRiLurumwr5ZZOatX16":{"registrationId":142,"currentRatchet":{"ephemeralKeyPair":{"pubKey":"BW6qW5G0zndJ5vy9O+HFAVtID+xgjDKTFl1tGjTXFdst","privKey":"4LtU+TGy8mwmjB25FJX01hFt/t3zRGdFK4AO7OnjlWc="},"lastRemoteEphemeralKey":"BfUxXJSqUwky++AbmIpZj/7N5ETT6GrWtBpqWU/D/fNq","previousCounter":0,"rootKey":"4n9X8xiDnrpP0P6DASy2EF2wRBnG0pee408k8cOkxtA="},"indexInfo":{"baseKey":"BXilg679UwyEye7F7wr+KRLsMrRiLurumwr5ZZOatX16","baseKeyType":1,"closed":1680606662771,"used":1680606655787,"created":1680606655787,"remoteIdentityKey":"BUxxucQBO1cavjx3x2eHP8ljRSxlOuwXXnBJutN5NkI5"},"_chains":{"BW6qW5G0zndJ5vy9O+HFAVtID+xgjDKTFl1tGjTXFdst":{"chainKey":{"counter":0,"key":"B1Jtg4z+xPFYV1+DulbmEGhhNj7iT22Ht7V1zzxAf88="},"chainType":1,"messageKeys":{}}},"pendingPreKey":{"signedKeyId":1,"baseKey":"BXilg679UwyEye7F7wr+KRLsMrRiLurumwr5ZZOatX16"}},"BS0b7Oy7NMitdHySCw20wCZHuX7ajfWU7n2rT0VObFko":{"registrationId":142,"currentRatchet":{"ephemeralKeyPair":{"pubKey":"BY/iXLweuRWvunGombNB2J2dD8VVx42n0uknIveisSw6","privKey":"2NJBcRUtsSKbWEO0/7YemTarDRzkw3H6p1Ev88ctzFw="},"lastRemoteEphemeralKey":"BfUxXJSqUwky++AbmIpZj/7N5ETT6GrWtBpqWU/D/fNq","previousCounter":0,"rootKey":"vzaFzOwnD3T2h1VFwQgf0B7CXqFtcJsx7N3T5CZv3yM="},"indexInfo":{"baseKey":"BS0b7Oy7NMitdHySCw20wCZHuX7ajfWU7n2rT0VObFko","baseKeyType":1,"closed":-1,"used":1680606661724,"created":1680606661724,"remoteIdentityKey":"BUxxucQBO1cavjx3x2eHP8ljRSxlOuwXXnBJutN5NkI5"},"_chains":{"BY/iXLweuRWvunGombNB2J2dD8VVx42n0uknIveisSw6":{"chainKey":{"counter":30,"key":"bJcbcXRfsOoWBzUn+dgtxlWILJ3cUzUYeWldwZhVp6Q="},"chainType":1,"messageKeys":{}}},"pendingPreKey":{"signedKeyId":1,"baseKey":"BS0b7Oy7NMitdHySCw20wCZHuX7ajfWU7n2rT0VObFko"}}},"version":"v1"}