{"_sessions":{"BTXc0M9gKdHSNnHytI0jWdoIIJtFTvrrVW9hVLFWFI0w":{"registrationId":869418051,"currentRatchet":{"ephemeralKeyPair":{"pubKey":"BXa5Hy+2nWxkxKg1KbpkXkp1bby8GLVG5WWSWR6nC2Zh","privKey":"IPt9xd5F1pJ3ZONczuwfZF2muDG7zDBoWiaR267MTmE="},"lastRemoteEphemeralKey":"Bcxy7zZ5epOEf1YXnQHnIUjXLo5NeDUhJbv09zpadt0z","previousCounter":0,"rootKey":"nKl5yewbfmwJFLIWoGqjrZZorcClbGtRVSPh+WuJudU="},"indexInfo":{"baseKey":"BTXc0M9gKdHSNnHytI0jWdoIIJtFTvrrVW9hVLFWFI0w","baseKeyType":1,"closed":-1,"used":1680677414974,"created":1680677414974,"remoteIdentityKey":"BXSEmpn6319Cx4mfk2qMb6B/lIxGc/bSxm5N3OPrgXIB"},"_chains":{"BXa5Hy+2nWxkxKg1KbpkXkp1bby8GLVG5WWSWR6nC2Zh":{"chainKey":{"counter":2,"key":"Ck8AuQlOTOmDMqXPED4yM9OKCy06l11ZApzaC4m/ysc="},"chainType":1,"messageKeys":{}}},"pendingPreKey":{"signedKeyId":3,"baseKey":"BTXc0M9gKdHSNnHytI0jWdoIIJtFTvrrVW9hVLFWFI0w","preKeyId":5083271}}},"version":"v1"}