{"_sessions":{"BWJqN4SrfdVx+OCeb86XcNqg23qfkWGRZBUaKrwxmGID":{"registrationId":1664269044,"currentRatchet":{"ephemeralKeyPair":{"pubKey":"Bew6Gs1PtrRvZGaxdhxDZM5VoVP4IFL4+tv4+S9W6wRZ","privKey":"SA0vFmwipZ8rRrl028B5rYL1U29EQjzeWQo1FRJoNUk="},"lastRemoteEphemeralKey":"BdpNkkvTur6Q+bKYy3S58hK7W8jxEcneeOE5lXbvIPFr","previousCounter":0,"rootKey":"8magBNBwMOegX2gN8ViA/A4BGrTbkDe0LzVo8wECcpg="},"indexInfo":{"baseKey":"BWJqN4SrfdVx+OCeb86XcNqg23qfkWGRZBUaKrwxmGID","baseKeyType":2,"closed":-1,"used":1680680617449,"created":1680680617449,"remoteIdentityKey":"BZGFfRlwSbnS830XDZDdbMQuLqVlVFZZCPy6y/5weTA4"},"_chains":{"BdpNkkvTur6Q+bKYy3S58hK7W8jxEcneeOE5lXbvIPFr":{"chainKey":{"counter":0,"key":"eRGNPWXUAtlDOnKv+nbvHF15G8FNMfBkK8GG8KzdQSQ="},"chainType":2,"messageKeys":{}},"Bew6Gs1PtrRvZGaxdhxDZM5VoVP4IFL4+tv4+S9W6wRZ":{"chainKey":{"counter":-1,"key":"l9+/YuWk2HmeIdGlsgAoBR65V5aHmW1Ryx6GPVWKjgw="},"chainType":1,"messageKeys":{}}}}},"version":"v1"}