{"_sessions":{"BQfSswAskCZD/6MBV2Kk0dH0JuXyv8wsjmYCQSZC55Y7":{"registrationId":3473,"currentRatchet":{"ephemeralKeyPair":{"pubKey":"BfgICWfHy94t9sQ5+P+rQbLC1R9kNWRC8NEEwJJ3wwhb","privKey":"KLGLKQd43hHJF8FYroa3oJ0kZsKbVnBl+dSzb4jWTkg="},"lastRemoteEphemeralKey":"BWr+kdDZ2arG6Iklnwg9Emsw+Jm3FxMQygoSEaBOd1Rg","previousCounter":0,"rootKey":"M/s3qUUIIKNm2Z7BR3nIQaneTu5AVlmRCCyS/iTQEzg="},"indexInfo":{"baseKey":"BQfSswAskCZD/6MBV2Kk0dH0JuXyv8wsjmYCQSZC55Y7","baseKeyType":1,"closed":-1,"used":1680651478095,"created":1680651478095,"remoteIdentityKey":"BRHRw6DRudW6ZfpDhyjc+YgX36DSM21/C5muS/ttM+1u"},"_chains":{"BfgICWfHy94t9sQ5+P+rQbLC1R9kNWRC8NEEwJJ3wwhb":{"chainKey":{"counter":3,"key":"gg/FUoJqx4EWnRw84Vs7YFJyysHGE3CHA0kWYvIWvIo="},"chainType":1,"messageKeys":{}}},"pendingPreKey":{"signedKeyId":1,"baseKey":"BQfSswAskCZD/6MBV2Kk0dH0JuXyv8wsjmYCQSZC55Y7","preKeyId":126}}},"version":"v1"}