{"_sessions":{"BRiXJhAM2nJ9vj8lS5pz9x+qJVHbMhZNvPJ0IAIKDf14":{"registrationId":1642820071,"currentRatchet":{"ephemeralKeyPair":{"pubKey":"BXaNGS6Dbkq5FIzyXfluuq1M78QArBz4enRIGcM1j682","privKey":"4JuoOKfMfMK6hW3Z2ASRhbVBVRDm3tz7WPUu8v3ga0g="},"lastRemoteEphemeralKey":"BcuYOUdBLYlq6j0U6OWki6L2zdH0eDBj8p8r5h4xzsxr","previousCounter":0,"rootKey":"g8Gzfd2pIiaCMSA+d2sqOuJp2jfkYkobIrkpGK+78k8="},"indexInfo":{"baseKey":"BRiXJhAM2nJ9vj8lS5pz9x+qJVHbMhZNvPJ0IAIKDf14","baseKeyType":1,"closed":-1,"used":1680677415275,"created":1680677415275,"remoteIdentityKey":"BdE919j4oDU+FwjWTZTjWKGs/Uonjq4fMysGUkVZ0QsX"},"_chains":{"BXaNGS6Dbkq5FIzyXfluuq1M78QArBz4enRIGcM1j682":{"chainKey":{"counter":2,"key":"wv/LN3ibwb2CWhV8EYbFHNNwcLg51nLZg/MH3Bt+JiI="},"chainType":1,"messageKeys":{}}},"pendingPreKey":{"signedKeyId":0,"baseKey":"BRiXJhAM2nJ9vj8lS5pz9x+qJVHbMhZNvPJ0IAIKDf14"}}},"version":"v1"}