{"_sessions":{"BYbvIzsOstg7l96MEWM2ojxX+lFNFuT1KUkSsrllfPAq":{"registrationId":2664,"currentRatchet":{"ephemeralKeyPair":{"pubKey":"BUCmdzni/cRmzrsiwxZZ1UOtwkyOTiJIvbPqYIn/AZwd","privKey":"gKAjWmNqxGgbIpUuSvTa5eG/PlZLtqagR0tQ0GcVTE8="},"lastRemoteEphemeralKey":"Bf3zBFGIKYxxVInCV5zsWleiZrMuRzManHX2KQT30Zcr","previousCounter":0,"rootKey":"PKuByaCUSN/OvDXV14Q6DowHskLv83Z8oY+/6lOtgVU="},"indexInfo":{"baseKey":"BYbvIzsOstg7l96MEWM2ojxX+lFNFuT1KUkSsrllfPAq","baseKeyType":1,"closed":-1,"used":1680607863816,"created":1680607863816,"remoteIdentityKey":"BUZtpfkuv6MpeSq6ZEctBjtKUUfFxr/13WlRI6kT2YR9"},"_chains":{"BUCmdzni/cRmzrsiwxZZ1UOtwkyOTiJIvbPqYIn/AZwd":{"chainKey":{"counter":101,"key":"HkYi5Ub0A4WBq9SXSpjFOELas+/ZYjVP74wDQ8gSRFA="},"chainType":1,"messageKeys":{}}},"pendingPreKey":{"signedKeyId":1,"baseKey":"BYbvIzsOstg7l96MEWM2ojxX+lFNFuT1KUkSsrllfPAq"}}},"version":"v1"}