{"_sessions":{"BUb1cPozUGxwEtA3crUr3yv1KeFU5c9NrIg9UpPD52AC":{"registrationId":1108917492,"currentRatchet":{"ephemeralKeyPair":{"pubKey":"BTJQ/MYB+zRRUlkUigGww/RN1T7srXnhnZQ0208SK5It","privKey":"SPE7OkEyqQkXCl1exB192hEi+nfWUmjuNG13m+ir3ls="},"lastRemoteEphemeralKey":"BX8pBDTet+9WLfIrjtxBaYn+aF9+efFi/aUBi4tWmBpp","previousCounter":25,"rootKey":"Bg5plyqXQnT4tU04bgT5hu1vahuQ6cHupLTVHhI9spA="},"indexInfo":{"baseKey":"BUb1cPozUGxwEtA3crUr3yv1KeFU5c9NrIg9UpPD52AC","baseKeyType":2,"closed":-1,"used":1680668026622,"created":1680607663274,"remoteIdentityKey":"BXUFumdjnl9oFtKGOHjbAY5JtQK0JzqkwFo+RgRdffNM"},"_chains":{"BfCNheLiyit8gZMgWQ04OlYvfEYfWMaUFgoY6+Il/ONQ":{"chainKey":{"counter":0},"chainType":2,"messageKeys":{}},"BX8pBDTet+9WLfIrjtxBaYn+aF9+efFi/aUBi4tWmBpp":{"chainKey":{"counter":0,"key":"EmDR2sLFJHBs+rIceJmZzdtt0q7Bt+SvsBxWcajwmso="},"chainType":2,"messageKeys":{}},"BTJQ/MYB+zRRUlkUigGww/RN1T7srXnhnZQ0208SK5It":{"chainKey":{"counter":1,"key":"N1HhKgp7aBmI8sMtTMZ2TwL6q1GH71Wm9X4itFo+17Y="},"chainType":1,"messageKeys":{}}}}},"version":"v1"}