{"_sessions":{"BZD1ekhXNv2tRSGsnDW75H/2/Ly2xCEaDgTJP+63OhYV":{"registrationId":2120595446,"currentRatchet":{"ephemeralKeyPair":{"pubKey":"BSnGHXcvef+epEf9q9rZgEFng9/9zgKR6W+Ylj/MhbRx","privKey":"8MLzPswGO1+pB3CIA4IG1sFFb2WCROMDAxEKc7A9t2o="},"lastRemoteEphemeralKey":"Be5hDy4v4mbmQYQwSs/wwweDU6awcsUKrnY5p/cM6g1T","previousCounter":0,"rootKey":"bWo2ebePNqB4QlDy1S5D1U/SzeUcrGI6KajO2qGnVws="},"indexInfo":{"baseKey":"BZD1ekhXNv2tRSGsnDW75H/2/Ly2xCEaDgTJP+63OhYV","baseKeyType":1,"closed":1680606662775,"used":1680606656530,"created":1680606656530,"remoteIdentityKey":"BREW6d9IKNmTrjFPG07oiPtWqFjadOG9l2X1UXzj+Vhd"},"_chains":{"BSnGHXcvef+epEf9q9rZgEFng9/9zgKR6W+Ylj/MhbRx":{"chainKey":{"counter":0,"key":"kLIweigDxysbD+lMksPrXBD99YgSSP/Xy0cxsltevYg="},"chainType":1,"messageKeys":{}}},"pendingPreKey":{"signedKeyId":2,"baseKey":"BZD1ekhXNv2tRSGsnDW75H/2/Ly2xCEaDgTJP+63OhYV","preKeyId":2550007}},"BWQAND341ooTZMNZGO/h4/jKt3l7XI4CpMopz9WXmHwz":{"registrationId":2120595446,"currentRatchet":{"ephemeralKeyPair":{"pubKey":"BXHRSB9V0QKcRuik3NeRccwSyhESraYuC1GY0as+MhM4","privKey":"EPkCcB34mpeAppfQquJFIThiKJ+oG8IWpACz9Q57wHs="},"lastRemoteEphemeralKey":"BYCtCj3q5HYIzeVcL+8Np7a+Rdqf1b1uTf1E/E4LkBMz","previousCounter":1,"rootKey":"2o7Z/sUnU/WBN09XL4oyw/QK8l1+FFnE3qEVeHV4bRQ="},"indexInfo":{"baseKey":"BWQAND341ooTZMNZGO/h4/jKt3l7XI4CpMopz9WXmHwz","baseKeyType":1,"closed":-1,"used":1680607880085,"created":1680606662539,"remoteIdentityKey":"BREW6d9IKNmTrjFPG07oiPtWqFjadOG9l2X1UXzj+Vhd"},"_chains":{"BYCtCj3q5HYIzeVcL+8Np7a+Rdqf1b1uTf1E/E4LkBMz":{"chainKey":{"counter":0,"key":"UIyLLXnWAXh7KYWLJ/LvtkYrQGnJAOHglQr2Sc6xSgQ="},"chainType":2,"messageKeys":{}},"BXHRSB9V0QKcRuik3NeRccwSyhESraYuC1GY0as+MhM4":{"chainKey":{"counter":28,"key":"PgcC3G0EZqW/UvVQb8YCqLC9ST5Ff/eE2HC8MBtNPJQ="},"chainType":1,"messageKeys":{}}}}},"version":"v1"}