{"_sessions":{"BbhnUmu2FZW3iAQ9MivuPyYrdsJ9TkgDpwoFinwC2ERZ":{"registrationId":1348867585,"currentRatchet":{"ephemeralKeyPair":{"pubKey":"BZ9xqpiQWQPJrdK5Wu1lPA6yRqr03qn4EBQ8PpyiE4EN","privKey":"6EB/Wklb4RdK/TcODNGPGqEpBq8rpvlR3ehMaDWik2w="},"lastRemoteEphemeralKey":"BRcNglHsgauVTtMQbMJry9lZzBlz3JvgipD9qi6pvwsr","previousCounter":0,"rootKey":"9dVnwnEz63QgBDTf6PUJGkI9X+tYdEP3yAAWnrePvlE="},"indexInfo":{"baseKey":"BbhnUmu2FZW3iAQ9MivuPyYrdsJ9TkgDpwoFinwC2ERZ","baseKeyType":1,"closed":1680606662775,"used":1680606656542,"created":1680606656542,"remoteIdentityKey":"BWjy07cD1MFMVh4kJg5zQD3iwfF9rgh6uunv2f06Fg4k"},"_chains":{"BZ9xqpiQWQPJrdK5Wu1lPA6yRqr03qn4EBQ8PpyiE4EN":{"chainKey":{"counter":0,"key":"rm3hRDXwsFIOZb72mSZoTzfw4PAiXfseWgz8WzyZCFo="},"chainType":1,"messageKeys":{}}},"pendingPreKey":{"signedKeyId":0,"baseKey":"BbhnUmu2FZW3iAQ9MivuPyYrdsJ9TkgDpwoFinwC2ERZ"}},"BeQuITfelRoxWWemgsP6Bjia6J4XIcJYeP87CLa5d35F":{"registrationId":1348867585,"currentRatchet":{"ephemeralKeyPair":{"pubKey":"BaQ9C1b6fLDKER5GCwUrGNK6qv6KWqn5WCno8gCYSBE8","privKey":"OMPq5aXUrEsBsKeEAz1UwUFbB5gcBSN1Tk5BzXzPmm8="},"lastRemoteEphemeralKey":"BRcNglHsgauVTtMQbMJry9lZzBlz3JvgipD9qi6pvwsr","previousCounter":0,"rootKey":"0Ucz4RMGESbZc+3NgTLIvgP0K4tKvJHcbYGaTHJ00Js="},"indexInfo":{"baseKey":"BeQuITfelRoxWWemgsP6Bjia6J4XIcJYeP87CLa5d35F","baseKeyType":1,"closed":-1,"used":1680606662550,"created":1680606662550,"remoteIdentityKey":"BWjy07cD1MFMVh4kJg5zQD3iwfF9rgh6uunv2f06Fg4k"},"_chains":{"BaQ9C1b6fLDKER5GCwUrGNK6qv6KWqn5WCno8gCYSBE8":{"chainKey":{"counter":132,"key":"Z7S+aWknDximk1SHC0aSHM3xArWbYvq5vf2zGsWtHHI="},"chainType":1,"messageKeys":{}}},"pendingPreKey":{"signedKeyId":0,"baseKey":"BeQuITfelRoxWWemgsP6Bjia6J4XIcJYeP87CLa5d35F"}}},"version":"v1"}