{"_sessions":{"BWFt3LfsU9ZMq12B7vnVfsklDnU73m0jS2HDmDIDZIpW":{"registrationId":773439571,"currentRatchet":{"ephemeralKeyPair":{"pubKey":"BT2NWx2PnpPCWAC7UHDArItIYOGL5U1QQrUfT7rgYJZd","privKey":"CGaOaNQdMmC+Z1xEwyVmrvPA3w7DmpIGJzmLmRFuv1c="},"lastRemoteEphemeralKey":"BTF/0Q7RDBEYLxKv/PE9sNF7EsC0CEKd4/3u5kDpcp1w","previousCounter":15,"rootKey":"BdXiwyHkg+o0rlOa170zQvVI0/jgbxhytlwpy4Bz6pQ="},"indexInfo":{"baseKey":"BWFt3LfsU9ZMq12B7vnVfsklDnU73m0jS2HDmDIDZIpW","baseKeyType":1,"closed":-1,"used":1680650945530,"created":1680607864467,"remoteIdentityKey":"BVPeX+p0lnKmInDtyMwnbnyBKqi6UVUd8Z+/O6ZQ9kIp"},"_chains":{"BTF/0Q7RDBEYLxKv/PE9sNF7EsC0CEKd4/3u5kDpcp1w":{"chainKey":{"counter":0,"key":"scoNVmKpVgWCv14qWCxXo3FJtP8cYe+2ugN4XA7PrHk="},"chainType":2,"messageKeys":{}},"BT2NWx2PnpPCWAC7UHDArItIYOGL5U1QQrUfT7rgYJZd":{"chainKey":{"counter":85,"key":"uEJIOrQA9x8ZTLrW3iieBIZpAGsfr8XTuejzdg1KFSs="},"chainType":1,"messageKeys":{}}}}},"version":"v1"}