{"_sessions":{"BW0RCx7YRmUPcUpE2STQtrwWDRKj14fa2SL6DUXgj4hU":{"registrationId":846165506,"currentRatchet":{"ephemeralKeyPair":{"pubKey":"BcJB3ESa8u6YvtGEbHGfu97rrmePNI+RSC4kvWwXy1QC","privKey":"CF7nYZTKWEPu9zohgenW5cgZFszcPicfRJHdSJWRfEs="},"lastRemoteEphemeralKey":"BVeIQtOVbWFa0UfYM6JA1/YmfvmLNR+qu86MAJrWmmQ/","previousCounter":0,"rootKey":"vOX5uEhdCLkP5TN0iy6bg2ZxaLQ6KvoNDngRvE3H0iY="},"indexInfo":{"baseKey":"BW0RCx7YRmUPcUpE2STQtrwWDRKj14fa2SL6DUXgj4hU","baseKeyType":1,"closed":-1,"used":1680607863743,"created":1680607863743,"remoteIdentityKey":"Bdh/OZsa/qSqc940L25MQNHnpjTU113hopWzW0dCysEa"},"_chains":{"BcJB3ESa8u6YvtGEbHGfu97rrmePNI+RSC4kvWwXy1QC":{"chainKey":{"counter":101,"key":"5OlYknACxUEFvqTSY1342jlAi7dZVQIs0L7RG9Z83pk="},"chainType":1,"messageKeys":{}}},"pendingPreKey":{"signedKeyId":8,"baseKey":"BW0RCx7YRmUPcUpE2STQtrwWDRKj14fa2SL6DUXgj4hU","preKeyId":4816415}}},"version":"v1"}