{"_sessions":{"BUhMII97FDxX41OsfkrI2UPTAqh7VdX2s3s0fA88+3NB":{"registrationId":1172790514,"currentRatchet":{"ephemeralKeyPair":{"pubKey":"BauEX3KHpA4mTq4k40EP3/EfXV/4UnGgYF5B1UKZMDR5","privKey":"uAHIIKpz8LRMdDxQ41dJo5r80iS4qAH53jj2tJoUbU8="},"lastRemoteEphemeralKey":"BdJcqGTe9eouzjj7B5VSpsVFNb2UrV0ahGMgiAGLnQhV","previousCounter":0,"rootKey":"Yt3cslh7OAiqbHTV7xIMA2vgICy3+tcdAFPdIcOXAX0="},"indexInfo":{"baseKey":"BUhMII97FDxX41OsfkrI2UPTAqh7VdX2s3s0fA88+3NB","baseKeyType":1,"closed":-1,"used":1680603477319,"created":1680603477319,"remoteIdentityKey":"Bb1rEPtqrMrjuMNW/plInk8uPkh2sopAoals3RhgbA55"},"_chains":{"BauEX3KHpA4mTq4k40EP3/EfXV/4UnGgYF5B1UKZMDR5":{"chainKey":{"counter":36,"key":"ZH5+8fZ/5mPc+lftwla46sWfoxLoQYTSv+UePN3CaHY="},"chainType":1,"messageKeys":{}}},"pendingPreKey":{"signedKeyId":2,"baseKey":"BUhMII97FDxX41OsfkrI2UPTAqh7VdX2s3s0fA88+3NB","preKeyId":7842199}}},"version":"v1"}