{"_sessions":{"BYX5IKVCdxJ5S8T2GAOkBIUR6nTosQvGYq6/S0hxDkM0":{"registrationId":1286250641,"currentRatchet":{"ephemeralKeyPair":{"pubKey":"BdnS/S7NY2+QFyFkoW102+Vc8q/JbbFLm1j8mPHDWjNN","privKey":"MOoKdxE4GmtfRhWoTfCrgIbCGM7OHHIye9/+VXc/vms="},"lastRemoteEphemeralKey":"BZj8EAAFARFmDunsw5UFO/FbLYuinAotORn+DcmGYEMI","previousCounter":0,"rootKey":"SYqJrE3jjzDMwdpwnRJT4cWm+21GBJ51lL/W11K/WYI="},"indexInfo":{"baseKey":"BYX5IKVCdxJ5S8T2GAOkBIUR6nTosQvGYq6/S0hxDkM0","baseKeyType":1,"closed":-1,"used":1680677415174,"created":1680677415174,"remoteIdentityKey":"BX30ae2HNfl7rcr/NkPD9sGpes9yHu/+KfEuvumNPPgO"},"_chains":{"BdnS/S7NY2+QFyFkoW102+Vc8q/JbbFLm1j8mPHDWjNN":{"chainKey":{"counter":2,"key":"DaIdhyeNa2puDd4ybabXSmF1/Y14eHxO52wcLsVCLNA="},"chainType":1,"messageKeys":{}}},"pendingPreKey":{"signedKeyId":2,"baseKey":"BYX5IKVCdxJ5S8T2GAOkBIUR6nTosQvGYq6/S0hxDkM0","preKeyId":7118653}}},"version":"v1"}