{"_sessions":{"Bap8pO5ZAS/u4RmTt6n5SMgOP6XZH7YG5k0BnOPTzYJP":{"registrationId":153236134,"currentRatchet":{"ephemeralKeyPair":{"pubKey":"BV8sCiuhYsyU1llxfzVWMf1cxNgJ2jNFJxEm6H2WkR97","privKey":"oALGBe70Ko70vivFhNkmPRvF1m+YK6lCb36rj7nNVGs="},"lastRemoteEphemeralKey":"Bez1xcKFIOZhKAtZMWNxQPAj5TDrLKdBVW3M0FKs841l","previousCounter":0,"rootKey":"5eeCCVMFJ6TwyNRUy9A6ts5zMRLykPOpuLkngX32GJg="},"indexInfo":{"baseKey":"Bap8pO5ZAS/u4RmTt6n5SMgOP6XZH7YG5k0BnOPTzYJP","baseKeyType":1,"closed":1680606662774,"used":1680606656430,"created":1680606656430,"remoteIdentityKey":"BRbJJLogCz7DuigFtmDfADIUHLQrKzlXfEd+x21fYr4x"},"_chains":{"BV8sCiuhYsyU1llxfzVWMf1cxNgJ2jNFJxEm6H2WkR97":{"chainKey":{"counter":0,"key":"a6qVNNpiaKZVL3eXtiDctavmElzGTDOZmgWMPig1szA="},"chainType":1,"messageKeys":{}}},"pendingPreKey":{"signedKeyId":25,"baseKey":"Bap8pO5ZAS/u4RmTt6n5SMgOP6XZH7YG5k0BnOPTzYJP","preKeyId":10756372}},"BdE+lo2MCrQRlwZ6L9p0weYGmkYLltMHplQDbZyd/+k6":{"registrationId":153236134,"currentRatchet":{"ephemeralKeyPair":{"pubKey":"BW0Js8MM75xARo9sw5fXm6WLyRbZyxT91tzlaD5SLCRx","privKey":"uAo6wLeOLqeu5ZHrmPgLR2rAo6bZU5IazxwywGJ8qmg="},"lastRemoteEphemeralKey":"Bez1xcKFIOZhKAtZMWNxQPAj5TDrLKdBVW3M0FKs841l","previousCounter":0,"rootKey":"ZjTluskHr595iDfenMsmkkoX3G75Uo/smY37vjsYYIA="},"indexInfo":{"baseKey":"BdE+lo2MCrQRlwZ6L9p0weYGmkYLltMHplQDbZyd/+k6","baseKeyType":1,"closed":-1,"used":1680606662450,"created":1680606662450,"remoteIdentityKey":"BRbJJLogCz7DuigFtmDfADIUHLQrKzlXfEd+x21fYr4x"},"_chains":{"BW0Js8MM75xARo9sw5fXm6WLyRbZyxT91tzlaD5SLCRx":{"chainKey":{"counter":30,"key":"zQMRX9HWEZPvEhobj+h6T8kx8fbKqO+RQcxMX7jKw/U="},"chainType":1,"messageKeys":{}}},"pendingPreKey":{"signedKeyId":25,"baseKey":"BdE+lo2MCrQRlwZ6L9p0weYGmkYLltMHplQDbZyd/+k6","preKeyId":10756376}}},"version":"v1"}