{"_sessions":{"BXD1SxaSiuXdcZQmFCXceEoK0u5t9h4AwzZ/tZQ/i+FI":{"registrationId":170,"currentRatchet":{"ephemeralKeyPair":{"pubKey":"BU/wSCgbCqf9KGYinAIrx9Qua1l95TXfIPEkuWWC9W0Y","privKey":"EBO02f73ty9RFRueufksvIE9aeOLXLaRW2htAdpcTWI="},"lastRemoteEphemeralKey":"BSRYo5HywgpZvzBPPWsVvBHw47d4QrSHaV4vav+6jcV7","previousCounter":0,"rootKey":"MeIoHApx9Bf3u331lhCxahXhK245IdOj6JDXgB5nBEs="},"indexInfo":{"baseKey":"BXD1SxaSiuXdcZQmFCXceEoK0u5t9h4AwzZ/tZQ/i+FI","baseKeyType":2,"closed":1680606672634,"used":1680604739864,"created":1680604739864,"remoteIdentityKey":"BUdD4X4P43yC+c8nNzH+c+UZnWjuRju0/lL9bw7s+jUZ"},"_chains":{"BSRYo5HywgpZvzBPPWsVvBHw47d4QrSHaV4vav+6jcV7":{"chainKey":{"counter":0,"key":"+WwUwnL7XajDhrtCIMA0/QlYWho7Yo7igfHFXw3fh5w="},"chainType":2,"messageKeys":{}},"BU/wSCgbCqf9KGYinAIrx9Qua1l95TXfIPEkuWWC9W0Y":{"chainKey":{"counter":1,"key":"JFqFeAhM2BMll6jcaBorTQHFKOwjo9L2CPAk6+UOgS0="},"chainType":1,"messageKeys":{}}}},"BT6Icf2llpAUoZPagSp2sC16AZvzkZPUiKjDiOCyt5Qn":{"registrationId":170,"currentRatchet":{"ephemeralKeyPair":{"pubKey":"BXoPzjxsbJEKlVJMOT8sH1D82rTIWX9u1jxVlAajN1Qn","privKey":"ODr/udLsixM/p4TAvFKleMdZzSf0j7dn52npStcYKFg="},"lastRemoteEphemeralKey":"BcdD7S7e05k1QT7LB6/0KSDYL0KQQccJK9ZpRTi9p+g4","previousCounter":0,"rootKey":"q/eXBx5Y8t2B7vBeJSPU0CqIFSt8yXL+uACSRUxfB6M="},"indexInfo":{"baseKey":"BT6Icf2llpAUoZPagSp2sC16AZvzkZPUiKjDiOCyt5Qn","baseKeyType":1,"closed":1680606673339,"used":1680606672626,"created":1680606672626,"remoteIdentityKey":"BUdD4X4P43yC+c8nNzH+c+UZnWjuRju0/lL9bw7s+jUZ"},"_chains":{"BXoPzjxsbJEKlVJMOT8sH1D82rTIWX9u1jxVlAajN1Qn":{"chainKey":{"counter":-1,"key":"VRu64rbaGsHGliVF0+ctFMuhpyOR0tOLfnmIMG9HsUo="},"chainType":1,"messageKeys":{}}},"pendingPreKey":{"signedKeyId":1,"baseKey":"BT6Icf2llpAUoZPagSp2sC16AZvzkZPUiKjDiOCyt5Qn","preKeyId":14020}},"BevMx1dmEzQzW0mDE1jcYJtKiBMdId3cp5gpnx95HKt7":{"registrationId":170,"currentRatchet":{"ephemeralKeyPair":{"pubKey":"BQo79iWpdglBZYfuEtn4ST+P43TOZ4kGfehuGRgIi0ot","privKey":"sD4+0Pgtl7KMuslAF5EFrf5j8qRQHNlCWA8+TiGJiGM="},"lastRemoteEphemeralKey":"BcdD7S7e05k1QT7LB6/0KSDYL0KQQccJK9ZpRTi9p+g4","previousCounter":0,"rootKey":"ekJF7GX1PobBPPo6lNme9ur22J1TuZWted1Q5cUATXo="},"indexInfo":{"baseKey":"BevMx1dmEzQzW0mDE1jcYJtKiBMdId3cp5gpnx95HKt7","baseKeyType":1,"closed":1680606700460,"used":1680606673325,"created":1680606673325,"remoteIdentityKey":"BUdD4X4P43yC+c8nNzH+c+UZnWjuRju0/lL9bw7s+jUZ"},"_chains":{"BQo79iWpdglBZYfuEtn4ST+P43TOZ4kGfehuGRgIi0ot":{"chainKey":{"counter":0,"key":"XIrBnfB1RPh9u+nrXKaURYBuwA6fDHfFs42bdJk9EmI="},"chainType":1,"messageKeys":{}}},"pendingPreKey":{"signedKeyId":1,"baseKey":"BevMx1dmEzQzW0mDE1jcYJtKiBMdId3cp5gpnx95HKt7","preKeyId":14017}},"BehYTrLekyKsh041n7Dek3fJSwetpwneyOZMtCmCuDAM":{"registrationId":170,"currentRatchet":{"ephemeralKeyPair":{"pubKey":"BbJsC+9diYNqLBXldQfGND/nCw838MArPWhchJOgKHZX","privKey":"YND5+x/QLk9dANGyWy9N5ujL2t648bkbEzq9gJjHBm0="},"lastRemoteEphemeralKey":"BcdD7S7e05k1QT7LB6/0KSDYL0KQQccJK9ZpRTi9p+g4","previousCounter":0,"rootKey":"wa8xNsTgI5NH15UG6rQddUXH7F81FjcO0WxqW8IPmWQ="},"indexInfo":{"baseKey":"BehYTrLekyKsh041n7Dek3fJSwetpwneyOZMtCmCuDAM","baseKeyType":1,"closed":1680607828018,"used":1680606700458,"created":1680606700458,"remoteIdentityKey":"BUdD4X4P43yC+c8nNzH+c+UZnWjuRju0/lL9bw7s+jUZ"},"_chains":{"BbJsC+9diYNqLBXldQfGND/nCw838MArPWhchJOgKHZX":{"chainKey":{"counter":-1,"key":"B/qPo7Ss9NpP94OkSMy2/yrgkyOJTmNXwwGO6oXaaAM="},"chainType":1,"messageKeys":{}}},"pendingPreKey":{"signedKeyId":1,"baseKey":"BehYTrLekyKsh041n7Dek3fJSwetpwneyOZMtCmCuDAM","preKeyId":14021}},"BbHKPVczr8MOR0nkfOuH9TL/MA0c28PE9mmzhsuBkysY":{"registrationId":170,"currentRatchet":{"ephemeralKeyPair":{"pubKey":"BUJeSO0nRVwbtYHBjjqv7bDhv0ak1JSiX8o4E0qEVxYD","privKey":"OF+N+Glk+DAe3uhp4Nxz3ZfbuCmMXjguhKdJVL3sqEs="},"lastRemoteEphemeralKey":"BR7Ob3oUDYZqH1JbY2EQHX49AHC5p755Z1dDVporLw8I","previousCounter":0,"rootKey":"tF/4Wevs+osjsTntQ4DM1T7NhJBFuypDgDuyNMQgnTA="},"indexInfo":{"baseKey":"BbHKPVczr8MOR0nkfOuH9TL/MA0c28PE9mmzhsuBkysY","baseKeyType":2,"closed":1680607866279,"used":1680607828021,"created":1680607828021,"remoteIdentityKey":"BUdD4X4P43yC+c8nNzH+c+UZnWjuRju0/lL9bw7s+jUZ"},"_chains":{"BR7Ob3oUDYZqH1JbY2EQHX49AHC5p755Z1dDVporLw8I":{"chainKey":{"counter":0,"key":"hNQ2ZYxT0dXqtWvTCFLcqr7aFkJEfkCmSVfPljgCxuw="},"chainType":2,"messageKeys":{}},"BUJeSO0nRVwbtYHBjjqv7bDhv0ak1JSiX8o4E0qEVxYD":{"chainKey":{"counter":0,"key":"MBFsqIkHbWzYayY8ZvUiYwvRLpWaZFxXa+aIvR8ND/g="},"chainType":1,"messageKeys":{}}}},"BSlDhJrZbwZ3xNiYB5Jr/EXhKr+zubsD8qpcnfHMY9wA":{"registrationId":170,"currentRatchet":{"ephemeralKeyPair":{"pubKey":"BeIGY2bzTdZ020Mg407wlIWzyhG7KtKpp953hvr5YRhY","privKey":"GMxV3di7jQNQOwtktqPDBJHUQVbJWJUzqJqDXwBGH3s="},"lastRemoteEphemeralKey":"BcdD7S7e05k1QT7LB6/0KSDYL0KQQccJK9ZpRTi9p+g4","previousCounter":0,"rootKey":"X54Xx+2Fn7ttVNSQ9IHySBN5YMeL2uFAA/LpzA3QOBc="},"indexInfo":{"baseKey":"BSlDhJrZbwZ3xNiYB5Jr/EXhKr+zubsD8qpcnfHMY9wA","baseKeyType":1,"closed":1680608055439,"used":1680607866276,"created":1680607866276,"remoteIdentityKey":"BUdD4X4P43yC+c8nNzH+c+UZnWjuRju0/lL9bw7s+jUZ"},"_chains":{"BeIGY2bzTdZ020Mg407wlIWzyhG7KtKpp953hvr5YRhY":{"chainKey":{"counter":2,"key":"L1zzYoBS66eP6vCMZ9JUtfXOYe0BBoP2AiT428UJ4jU="},"chainType":1,"messageKeys":{}}},"pendingPreKey":{"signedKeyId":1,"baseKey":"BSlDhJrZbwZ3xNiYB5Jr/EXhKr+zubsD8qpcnfHMY9wA"}},"Bf+qawP5LKIAPqdNjo2t4/MjRM+Xs+3va+k9Yko3cCgv":{"registrationId":170,"currentRatchet":{"ephemeralKeyPair":{"pubKey":"BZROjm28/B3WNzFq7mZmG2WUlMO9sqY7ICMgrtg33y1p","privKey":"qL29SBRIwVuQVYY/312JP1xoeoHI52J0duJ5F+U+u2o="},"lastRemoteEphemeralKey":"BcdD7S7e05k1QT7LB6/0KSDYL0KQQccJK9ZpRTi9p+g4","previousCounter":0,"rootKey":"EOag3mXwNgfJRa65J/piB1FEGPoOFvuAnIXkuIJjtN8="},"indexInfo":{"baseKey":"Bf+qawP5LKIAPqdNjo2t4/MjRM+Xs+3va+k9Yko3cCgv","baseKeyType":1,"closed":1680608056294,"used":1680608055437,"created":1680608055437,"remoteIdentityKey":"BUdD4X4P43yC+c8nNzH+c+UZnWjuRju0/lL9bw7s+jUZ"},"_chains":{"BZROjm28/B3WNzFq7mZmG2WUlMO9sqY7ICMgrtg33y1p":{"chainKey":{"counter":-1,"key":"h3/CpiRW4TZKZsHyC7HGoGUP6JVz3AYu+V+v3QKk1as="},"chainType":1,"messageKeys":{}}},"pendingPreKey":{"signedKeyId":1,"baseKey":"Bf+qawP5LKIAPqdNjo2t4/MjRM+Xs+3va+k9Yko3cCgv","preKeyId":14092}},"BVqtzdqcOm+eoRBYIYjtac3hOwjKhrrjubO/BCsAQRh3":{"registrationId":170,"currentRatchet":{"ephemeralKeyPair":{"pubKey":"BZoPos25Mf1+atFvwKk4Ws+n0VGmXc5P8Ps76T8s8adh","privKey":"iN4PzabuzIbDiWCpzcGMcop0As5gLVMm7BRQDhHMqVs="},"lastRemoteEphemeralKey":"BcdD7S7e05k1QT7LB6/0KSDYL0KQQccJK9ZpRTi9p+g4","previousCounter":0,"rootKey":"Ztmb7I9avTTCz+QHl5QcMvPVrPLqo1W1jaFC4BBlBJ0="},"indexInfo":{"baseKey":"BVqtzdqcOm+eoRBYIYjtac3hOwjKhrrjubO/BCsAQRh3","baseKeyType":1,"closed":1680608215832,"used":1680608056292,"created":1680608056292,"remoteIdentityKey":"BUdD4X4P43yC+c8nNzH+c+UZnWjuRju0/lL9bw7s+jUZ"},"_chains":{"BZoPos25Mf1+atFvwKk4Ws+n0VGmXc5P8Ps76T8s8adh":{"chainKey":{"counter":1,"key":"X7I+6Uj/xjVAKO9OQxV95ySCsIyODvOjr1SGwdYszvQ="},"chainType":1,"messageKeys":{}}},"pendingPreKey":{"signedKeyId":1,"baseKey":"BVqtzdqcOm+eoRBYIYjtac3hOwjKhrrjubO/BCsAQRh3","preKeyId":14112}},"BYJSkYG8VpmC6MWWNUdhgN8LLw45RxFZW7yGJz9PKuhV":{"registrationId":170,"currentRatchet":{"ephemeralKeyPair":{"pubKey":"BaB3a46IrikFNVh4Mh2MZQ1or9J4/Fs+b6l0jMwDyZxF","privKey":"iG6mU58QqmeO09J3do5HRbeFtzpVu/y/aggzovx5eFY="},"lastRemoteEphemeralKey":"BcdD7S7e05k1QT7LB6/0KSDYL0KQQccJK9ZpRTi9p+g4","previousCounter":0,"rootKey":"BlAOI4QkbEhEQhgGsXGxFf+SEGvgpNxzubjhu0VfDJ0="},"indexInfo":{"baseKey":"BYJSkYG8VpmC6MWWNUdhgN8LLw45RxFZW7yGJz9PKuhV","baseKeyType":1,"closed":1680608216426,"used":1680608215829,"created":1680608215829,"remoteIdentityKey":"BUdD4X4P43yC+c8nNzH+c+UZnWjuRju0/lL9bw7s+jUZ"},"_chains":{"BaB3a46IrikFNVh4Mh2MZQ1or9J4/Fs+b6l0jMwDyZxF":{"chainKey":{"counter":-1,"key":"JAahJupGJejPXQvosxE/oxEoy4BKVFcBdZ7Sh6HVezI="},"chainType":1,"messageKeys":{}}},"pendingPreKey":{"signedKeyId":1,"baseKey":"BYJSkYG8VpmC6MWWNUdhgN8LLw45RxFZW7yGJz9PKuhV"}},"BeM6ZPNd0LbU9ViEeHQ2TmEITcRxtPqGYNw3jPHK/1Io":{"registrationId":170,"currentRatchet":{"ephemeralKeyPair":{"pubKey":"BcpIaBo3pySVEaqyxcgOvMqjsoV0BD1bsFXX8b7wO0h/","privKey":"kKzrhHiNQJmHBPuShaIYoY7YJ1oDivOEHl2AvW4BIEM="},"lastRemoteEphemeralKey":"BcdD7S7e05k1QT7LB6/0KSDYL0KQQccJK9ZpRTi9p+g4","previousCounter":0,"rootKey":"JILjBM0BZuWyKeeeqyoiZSv7paCpB1o5lcaPnyBdPJY="},"indexInfo":{"baseKey":"BeM6ZPNd0LbU9ViEeHQ2TmEITcRxtPqGYNw3jPHK/1Io","baseKeyType":1,"closed":1680608894749,"used":1680608216424,"created":1680608216424,"remoteIdentityKey":"BUdD4X4P43yC+c8nNzH+c+UZnWjuRju0/lL9bw7s+jUZ"},"_chains":{"BcpIaBo3pySVEaqyxcgOvMqjsoV0BD1bsFXX8b7wO0h/":{"chainKey":{"counter":3,"key":"ekikSBVWCdi2D1TcnMYWb5lpqAYMql3+wn0OWkgvLoY="},"chainType":1,"messageKeys":{}}},"pendingPreKey":{"signedKeyId":1,"baseKey":"BeM6ZPNd0LbU9ViEeHQ2TmEITcRxtPqGYNw3jPHK/1Io"}},"BX6f3pCSt6CNbRbKCi2a+y4fcz2ucpJMAM01cFG4KFIc":{"registrationId":170,"currentRatchet":{"ephemeralKeyPair":{"pubKey":"BVXjPyrJ+36jiWsDqroka18LyYDzM0bP2rl3eQz+whxY","privKey":"gCf9L8fCPL899Q3HZpLJhIcy1r1r8eRKpGlinfN4ZWk="},"lastRemoteEphemeralKey":"BVjATUda0c2biB77c/m7+MeybkpkiZMMlppOa4kDihMQ","previousCounter":0,"rootKey":"S2+xh7pP4A2m/vHRIK6tEJElzk6UZ6shoBO6c/yOlnw="},"indexInfo":{"baseKey":"BX6f3pCSt6CNbRbKCi2a+y4fcz2ucpJMAM01cFG4KFIc","baseKeyType":2,"closed":1680608918369,"used":1680608894754,"created":1680608894754,"remoteIdentityKey":"BUdD4X4P43yC+c8nNzH+c+UZnWjuRju0/lL9bw7s+jUZ"},"_chains":{"BVjATUda0c2biB77c/m7+MeybkpkiZMMlppOa4kDihMQ":{"chainKey":{"counter":0,"key":"T7CsPhsGwis2jkyH/9uGB25Rr9VLH7Eyn4YOXASvzIE="},"chainType":2,"messageKeys":{}},"BVXjPyrJ+36jiWsDqroka18LyYDzM0bP2rl3eQz+whxY":{"chainKey":{"counter":0,"key":"/oLKxqwjRU+Bnb5ER4Mj/rU+xyzLwduYoMyduc0jab0="},"chainType":1,"messageKeys":{}}}},"BU76EKycI4hINW/wsQ3FA2kpR0H+QrpOw3G8y6Nw4Jkp":{"registrationId":170,"currentRatchet":{"ephemeralKeyPair":{"pubKey":"BXwfbl2ZHBxUw09zZ6/mO4BpINg2A7D2M3cG9UXqagBH","privKey":"mJJrVKqV/eBVn3OXktgmHAlYvdTTILBmPkHzT6rBknU="},"lastRemoteEphemeralKey":"BcdD7S7e05k1QT7LB6/0KSDYL0KQQccJK9ZpRTi9p+g4","previousCounter":0,"rootKey":"iT26BToBnhxzjgo4HAW48TMGLX17QPPM6VlxFsJNOL4="},"indexInfo":{"baseKey":"BU76EKycI4hINW/wsQ3FA2kpR0H+QrpOw3G8y6Nw4Jkp","baseKeyType":1,"closed":1680608958386,"used":1680608918363,"created":1680608918363,"remoteIdentityKey":"BUdD4X4P43yC+c8nNzH+c+UZnWjuRju0/lL9bw7s+jUZ"},"_chains":{"BXwfbl2ZHBxUw09zZ6/mO4BpINg2A7D2M3cG9UXqagBH":{"chainKey":{"counter":1,"key":"1sdBTetz7deO/HxuabsDBCzqyqG5uujCVSlpGkozwCU="},"chainType":1,"messageKeys":{}}},"pendingPreKey":{"signedKeyId":1,"baseKey":"BU76EKycI4hINW/wsQ3FA2kpR0H+QrpOw3G8y6Nw4Jkp"}},"BWRrCRigvbGXMSNCOOeI/nQL6ZPySTcP3WRhZ/fTq/8a":{"registrationId":170,"currentRatchet":{"ephemeralKeyPair":{"pubKey":"BbYxOU3JhpYpW6TOrtlopCEVHfmRH3pTgDrC7qx2mphS","privKey":"OPouIviuluSvxogZxeqofSlNXf0GA0PXRcttP5WXT20="},"lastRemoteEphemeralKey":"Bb9luomWdZLdTW1n2J4SNIi/e/w6Ag+9DMYTLostiJIk","previousCounter":0,"rootKey":"RNKTy2UaRgXGBVhmLE3M82+ScDxZ9UCAnfFOTmyGgVs="},"indexInfo":{"baseKey":"BWRrCRigvbGXMSNCOOeI/nQL6ZPySTcP3WRhZ/fTq/8a","baseKeyType":2,"closed":1680609652214,"used":1680608958390,"created":1680608958390,"remoteIdentityKey":"BUdD4X4P43yC+c8nNzH+c+UZnWjuRju0/lL9bw7s+jUZ"},"_chains":{"Bb9luomWdZLdTW1n2J4SNIi/e/w6Ag+9DMYTLostiJIk":{"chainKey":{"counter":0,"key":"7c3wFOKttBGGdIEuBpC6ATnCsUdjlkMIAdsEPBpl4oo="},"chainType":2,"messageKeys":{}},"BbYxOU3JhpYpW6TOrtlopCEVHfmRH3pTgDrC7qx2mphS":{"chainKey":{"counter":0,"key":"5nqL7Mf0BMw1OoEGnanYMrVxi/NcdXe0IbxXyXcAza0="},"chainType":1,"messageKeys":{}}}},"BRVTpwyeebAuWSL08OqgYOmbCPDeBtxst+c0tAZydZ4q":{"registrationId":170,"currentRatchet":{"ephemeralKeyPair":{"pubKey":"BW0kWf8mxRn0pnA+GSQQm1JITgT+0vg1v+JT28wnJfsr","privKey":"EEyXbdvCqg+FRZQqw7/brl7ZFqZtNz4DIGxJFtw7r20="},"lastRemoteEphemeralKey":"BcdD7S7e05k1QT7LB6/0KSDYL0KQQccJK9ZpRTi9p+g4","previousCounter":0,"rootKey":"HvKkJCoIpBV9SH0rubQBW45QPKieBtGWY2dpyGpQauE="},"indexInfo":{"baseKey":"BRVTpwyeebAuWSL08OqgYOmbCPDeBtxst+c0tAZydZ4q","baseKeyType":1,"closed":1680609672395,"used":1680609652211,"created":1680609652211,"remoteIdentityKey":"BUdD4X4P43yC+c8nNzH+c+UZnWjuRju0/lL9bw7s+jUZ"},"_chains":{"BW0kWf8mxRn0pnA+GSQQm1JITgT+0vg1v+JT28wnJfsr":{"chainKey":{"counter":0,"key":"mUHKqp4NGS2YcfvQNmz7sG7lVP5wUPX8muUQLOM+c3A="},"chainType":1,"messageKeys":{}}},"pendingPreKey":{"signedKeyId":1,"baseKey":"BRVTpwyeebAuWSL08OqgYOmbCPDeBtxst+c0tAZydZ4q"}},"BdRWZO0tqDkkI5ZFgzIQvI87M5CV2np4ST22kIizvlpj":{"registrationId":170,"currentRatchet":{"ephemeralKeyPair":{"pubKey":"BQczrCVZWthJPKvLg8ByVILgadYLLO/msqWQCDR/L/5t","privKey":"KFfHZzCFKhEVwcww8D2LZf/foRfokrD2FCbW/6ugy2w="},"lastRemoteEphemeralKey":"BY5I14Cj6ICoVK3VwxRAbNXFTQeRPlnKPhsVfzNM5gpK","previousCounter":0,"rootKey":"M93QDS0qygK07eTtkxZFr3TGc6dB7GzIxDxLhaPKygc="},"indexInfo":{"baseKey":"BdRWZO0tqDkkI5ZFgzIQvI87M5CV2np4ST22kIizvlpj","baseKeyType":2,"closed":1680610045895,"used":1680609672400,"created":1680609672400,"remoteIdentityKey":"BUdD4X4P43yC+c8nNzH+c+UZnWjuRju0/lL9bw7s+jUZ"},"_chains":{"BY5I14Cj6ICoVK3VwxRAbNXFTQeRPlnKPhsVfzNM5gpK":{"chainKey":{"counter":0,"key":"g/eGt7r25Fvj/CPqiOUmLRw6ygeclz74c2OfxaCQjN0="},"chainType":2,"messageKeys":{}},"BQczrCVZWthJPKvLg8ByVILgadYLLO/msqWQCDR/L/5t":{"chainKey":{"counter":0,"key":"IU8tw8/ANQEp2Cq8Ud6fRWDy1uFk0PL/UC7TSiGFsaw="},"chainType":1,"messageKeys":{}}}},"BSQYtMKqKd/7d5Akxc+oPjJgSkeFM1PhiuQfPFrYe0JH":{"registrationId":170,"currentRatchet":{"ephemeralKeyPair":{"pubKey":"BUA5fQruXkoh8fD7QGOXNhfK9fMGq6C32skZTQG+C9Qs","privKey":"ECPOGrmv6b24YQlJQ3nfNjeA0JLebHwuSDpPupKuNGE="},"lastRemoteEphemeralKey":"BRQfYQEMj5UEMAotaEKlop51XLsz3tZGh2bgq6EYiTpy","previousCounter":0,"rootKey":"rRTtBQAOobPA4ABEfs2+xHWPdXUiZk7lvi2d2wt8cSY="},"indexInfo":{"baseKey":"BSQYtMKqKd/7d5Akxc+oPjJgSkeFM1PhiuQfPFrYe0JH","baseKeyType":2,"closed":1680610046344,"used":1680610045900,"created":1680610045900,"remoteIdentityKey":"BUdD4X4P43yC+c8nNzH+c+UZnWjuRju0/lL9bw7s+jUZ"},"_chains":{"BRQfYQEMj5UEMAotaEKlop51XLsz3tZGh2bgq6EYiTpy":{"chainKey":{"counter":0,"key":"f5OkwhLA1Z0/mmdeTdBlMPHZiGeZ7RRTPiN9OsTD5KY="},"chainType":2,"messageKeys":{}},"BUA5fQruXkoh8fD7QGOXNhfK9fMGq6C32skZTQG+C9Qs":{"chainKey":{"counter":-1,"key":"0KVv/jBghvR0KxTaOFeAWmNfFg02SDzzwpsojFS9CFA="},"chainType":1,"messageKeys":{}}}},"BfnKJHg6cFV9eXrvT9KcPEyQd1MehZJh4uWs3lwAQVVy":{"registrationId":170,"currentRatchet":{"ephemeralKeyPair":{"pubKey":"BWU3vRXOY3BDIwtuHgxl8bviHS7t9Xjonhay3vNsu6tU","privKey":"WLf4kXqCAj6tNmuQEUSlE6HUz4dCun/A/EHIciS4DHA="},"lastRemoteEphemeralKey":"BcdD7S7e05k1QT7LB6/0KSDYL0KQQccJK9ZpRTi9p+g4","previousCounter":0,"rootKey":"k9gLjhZt3tgIRo2AFOkQSUAVCwjn7ghpWDaRa2krcig="},"indexInfo":{"baseKey":"BfnKJHg6cFV9eXrvT9KcPEyQd1MehZJh4uWs3lwAQVVy","baseKeyType":1,"closed":1680610601126,"used":1680610046342,"created":1680610046342,"remoteIdentityKey":"BUdD4X4P43yC+c8nNzH+c+UZnWjuRju0/lL9bw7s+jUZ"},"_chains":{"BWU3vRXOY3BDIwtuHgxl8bviHS7t9Xjonhay3vNsu6tU":{"chainKey":{"counter":0,"key":"EjcBTZmVwwgQoQ0OEvkSkm3IL9IkuS4cdEfHzFE/C14="},"chainType":1,"messageKeys":{}}},"pendingPreKey":{"signedKeyId":1,"baseKey":"BfnKJHg6cFV9eXrvT9KcPEyQd1MehZJh4uWs3lwAQVVy"}},"BVXneBJoPoMcYDXWiPx9Vv2LI3Xkm5SXV/RHQqIu+21M":{"registrationId":170,"currentRatchet":{"ephemeralKeyPair":{"pubKey":"BYOTuA3jugvDy9FBq0wT7rg4KkwgEK2syry0oyQzdMc9","privKey":"WOr9d9gddLBTMPZFMC+o1bP7NAh8UrIX9b2W/WCFs0U="},"lastRemoteEphemeralKey":"BTzZIElOdmcvIq3cvmRyaOw9C0rGjesXQmOYMVa0ehUJ","previousCounter":0,"rootKey":"NEpYC28rSbAlpWAVOBupJenm6qBsh37hHn+gA78qTQ4="},"indexInfo":{"baseKey":"BVXneBJoPoMcYDXWiPx9Vv2LI3Xkm5SXV/RHQqIu+21M","baseKeyType":2,"closed":1680611577791,"used":1680610601130,"created":1680610601130,"remoteIdentityKey":"BUdD4X4P43yC+c8nNzH+c+UZnWjuRju0/lL9bw7s+jUZ"},"_chains":{"BTzZIElOdmcvIq3cvmRyaOw9C0rGjesXQmOYMVa0ehUJ":{"chainKey":{"counter":0,"key":"xeiI7hU0vRLnRZqMZeyWwGJI47PLAd+/ZI5IS0iUSs4="},"chainType":2,"messageKeys":{}},"BYOTuA3jugvDy9FBq0wT7rg4KkwgEK2syry0oyQzdMc9":{"chainKey":{"counter":0,"key":"HmHa22gqotUNAsuUL3qnijyzqxgHBZUqRVuIySVEatk="},"chainType":1,"messageKeys":{}}}},"BYNIbZ/iyRzViYjP9x5hScQyssrSwr/Eq4ysFuYfgMAQ":{"registrationId":170,"currentRatchet":{"ephemeralKeyPair":{"pubKey":"BYdK3yqYvEKerqfZIEHckhglpCr0uL0ld8QOgVXIX90j","privKey":"sPZjCpNJrmzW2SShb94asRu6dYj6NhVjjosrNfUrS1I="},"lastRemoteEphemeralKey":"BcdD7S7e05k1QT7LB6/0KSDYL0KQQccJK9ZpRTi9p+g4","previousCounter":0,"rootKey":"HiaJr0JeQwPce5QiHrVojWRqlfkv1JCOkSiM4KPoxXM="},"indexInfo":{"baseKey":"BYNIbZ/iyRzViYjP9x5hScQyssrSwr/Eq4ysFuYfgMAQ","baseKeyType":1,"closed":1680611599363,"used":1680611577789,"created":1680611577789,"remoteIdentityKey":"BUdD4X4P43yC+c8nNzH+c+UZnWjuRju0/lL9bw7s+jUZ"},"_chains":{"BYdK3yqYvEKerqfZIEHckhglpCr0uL0ld8QOgVXIX90j":{"chainKey":{"counter":3,"key":"ufsf/bCLNF9LNLPn6Y9+T/+mkrhZq9UrG+wRdDX5sbM="},"chainType":1,"messageKeys":{}}},"pendingPreKey":{"signedKeyId":1,"baseKey":"BYNIbZ/iyRzViYjP9x5hScQyssrSwr/Eq4ysFuYfgMAQ"}},"BWlkqBxGo3B6aQGhkXuk8wzfkzKBOA8pSgpJ3eG+FBE6":{"registrationId":170,"currentRatchet":{"ephemeralKeyPair":{"pubKey":"BSZoD5fTMn2T2t+fQItQC+5ONCYEbQOTfz0Py53TGE0V","privKey":"QC3U8Ks7kRYBMhvODpBVhTsTcrHTBkyakvx40GrFUlI="},"lastRemoteEphemeralKey":"BfaofApMYQY3rnvZnrDZ9l+OsumyM5X7bEO/OM/Kf/98","previousCounter":0,"rootKey":"ITUUXmPkaRYI5PAxlLKVU2c/UoEvvoN5zbpo7xwRjFY="},"indexInfo":{"baseKey":"BWlkqBxGo3B6aQGhkXuk8wzfkzKBOA8pSgpJ3eG+FBE6","baseKeyType":2,"closed":1680611620350,"used":1680611599365,"created":1680611599365,"remoteIdentityKey":"BUdD4X4P43yC+c8nNzH+c+UZnWjuRju0/lL9bw7s+jUZ"},"_chains":{"BfaofApMYQY3rnvZnrDZ9l+OsumyM5X7bEO/OM/Kf/98":{"chainKey":{"counter":1,"key":"K5G2PGxuF7xKIBiPhn172l6IPBGNDz+h5dijNkpT+cg="},"chainType":2,"messageKeys":{}},"BSZoD5fTMn2T2t+fQItQC+5ONCYEbQOTfz0Py53TGE0V":{"chainKey":{"counter":0,"key":"LdE9AxvWQSkwq7mNV2+KQWVtiW0wNRI99MbVH+QLx/I="},"chainType":1,"messageKeys":{}}}},"BUs0gOl7Y1VpGwYuY5BJhh3+whNyDhaeEmMoXXgDIx4Q":{"registrationId":170,"currentRatchet":{"ephemeralKeyPair":{"pubKey":"BVs/an/HgC6mXiO5T1OrQn2OK0oY7KYS6bK0XUVUosNb","privKey":"6IeALlUp/KjA1/konr9mwT0L13KP0kVogcEu8HNbW2Q="},"lastRemoteEphemeralKey":"BcdD7S7e05k1QT7LB6/0KSDYL0KQQccJK9ZpRTi9p+g4","previousCounter":0,"rootKey":"S+Q9oV8yHMLmlbnKvaAp6zh6XaXEkIH93HGVD2fuohI="},"indexInfo":{"baseKey":"BUs0gOl7Y1VpGwYuY5BJhh3+whNyDhaeEmMoXXgDIx4Q","baseKeyType":1,"closed":1680611620600,"used":1680611620339,"created":1680611620339,"remoteIdentityKey":"BUdD4X4P43yC+c8nNzH+c+UZnWjuRju0/lL9bw7s+jUZ"},"_chains":{"BVs/an/HgC6mXiO5T1OrQn2OK0oY7KYS6bK0XUVUosNb":{"chainKey":{"counter":-1,"key":"zPp4CBBl6wBJc4UCStpt/HBHTxNn+zexaJbrkiWNa/w="},"chainType":1,"messageKeys":{}}},"pendingPreKey":{"signedKeyId":1,"baseKey":"BUs0gOl7Y1VpGwYuY5BJhh3+whNyDhaeEmMoXXgDIx4Q"}},"BZDnZoIUgbkzIT59pPKu05kDTV8HeuYZF2X9ORWuNppD":{"registrationId":170,"currentRatchet":{"ephemeralKeyPair":{"pubKey":"BcZse8RQUbmZYYX2xOHpwVMtwT93GiqM3pPF0DcomcRZ","privKey":"KCqrqoARvHBGV4ly9WG9onKEQGgp5FBjnLLD2AfPOXo="},"lastRemoteEphemeralKey":"BZjwtgoweTvS8LCH9JQ/lOCAzAlbvF6/rniBMln2ZQwa","previousCounter":0,"rootKey":"AwL12WnoeEFqp3wzatI5q9qZV7T/YlXMtbS+gSX9M/8="},"indexInfo":{"baseKey":"BZDnZoIUgbkzIT59pPKu05kDTV8HeuYZF2X9ORWuNppD","baseKeyType":1,"closed":1680611926518,"used":1680611648558,"created":1680611620598,"remoteIdentityKey":"BUdD4X4P43yC+c8nNzH+c+UZnWjuRju0/lL9bw7s+jUZ"},"_chains":{"BZjwtgoweTvS8LCH9JQ/lOCAzAlbvF6/rniBMln2ZQwa":{"chainKey":{"counter":1,"key":"+UdiWJA+RzplpSFTO6gNYO3ADT1PQlAFo9vjejR/nzc="},"chainType":2,"messageKeys":{}},"BcZse8RQUbmZYYX2xOHpwVMtwT93GiqM3pPF0DcomcRZ":{"chainKey":{"counter":1,"key":"1Imzishk7hjbhbkN4LCHXchN0BrKSlFWFdPMLyJxnKY="},"chainType":1,"messageKeys":{}}}},"BbeR2FJTj9CCGojB1a99I1SfHy9jcsftGXeqx0GufFpw":{"registrationId":170,"currentRatchet":{"ephemeralKeyPair":{"pubKey":"BahGK6KO4F898mxcrWAoaLZJAVPEsMorH8O5QFBdt/Q+","privKey":"2Iq/uTLxCYM920YvKV/lglXQ08BqKvFYG9R50GnWqkQ="},"lastRemoteEphemeralKey":"BZzKOlIFqAQJGMvsO/lUYTEoJGCLfWyOK4quSRdID20Z","previousCounter":0,"rootKey":"E4ayfCWWzT1BAIhwjHutkbccZ+lJZ5g6z5M2TdR2CbM="},"indexInfo":{"baseKey":"BbeR2FJTj9CCGojB1a99I1SfHy9jcsftGXeqx0GufFpw","baseKeyType":2,"closed":1680611927442,"used":1680611926522,"created":1680611926522,"remoteIdentityKey":"BUdD4X4P43yC+c8nNzH+c+UZnWjuRju0/lL9bw7s+jUZ"},"_chains":{"BZzKOlIFqAQJGMvsO/lUYTEoJGCLfWyOK4quSRdID20Z":{"chainKey":{"counter":0,"key":"ZdfW7gNEAYLxEVD+LllgqtppWxJ0qkxevc5jhxs4Y3A="},"chainType":2,"messageKeys":{}},"BahGK6KO4F898mxcrWAoaLZJAVPEsMorH8O5QFBdt/Q+":{"chainKey":{"counter":-1,"key":"T+57KiLxPfzAyyEIy4KYEBg/g8K9Rn8ELPAnIA+Vcw0="},"chainType":1,"messageKeys":{}}}},"BX9VEnQGoYOW4COJMNBg0b9Mo/rkO+mHq6mYyueYUDIN":{"registrationId":170,"currentRatchet":{"ephemeralKeyPair":{"pubKey":"BX2OhUtOpjyoAPxAmMF8YXsV9ERjuv8d92ST4AhT69Ij","privKey":"kPiBcVIls4cDHy7tk4P8Pi2Pxyxg1KxE9TyCoNkxIlk="},"lastRemoteEphemeralKey":"BcdD7S7e05k1QT7LB6/0KSDYL0KQQccJK9ZpRTi9p+g4","previousCounter":0,"rootKey":"9aiFqth+DVtLSBVp12+oHcgCVhi6gY5HOflNcIuwFjE="},"indexInfo":{"baseKey":"BX9VEnQGoYOW4COJMNBg0b9Mo/rkO+mHq6mYyueYUDIN","baseKeyType":1,"closed":1680611927790,"used":1680611927417,"created":1680611927417,"remoteIdentityKey":"BUdD4X4P43yC+c8nNzH+c+UZnWjuRju0/lL9bw7s+jUZ"},"_chains":{"BX2OhUtOpjyoAPxAmMF8YXsV9ERjuv8d92ST4AhT69Ij":{"chainKey":{"counter":-1,"key":"E1U48wjxqC23J5zLrVXj4Lrb6wUyUALTxacT2yky9VM="},"chainType":1,"messageKeys":{}}},"pendingPreKey":{"signedKeyId":1,"baseKey":"BX9VEnQGoYOW4COJMNBg0b9Mo/rkO+mHq6mYyueYUDIN","preKeyId":14219}},"BUdW9ox1Le4NiV/blVtjzIdhpPyYkg4l2g3HTvXE4TBw":{"registrationId":170,"currentRatchet":{"ephemeralKeyPair":{"pubKey":"BWl6TT6fN7IzQ9I5xFhKwmdO6mFTtyum+9PozAlMtiUf","privKey":"aBIzniNEWPCS2DQ3/AOiCFXpnQcBnpOCQrMOTIp79lM="},"lastRemoteEphemeralKey":"BcdD7S7e05k1QT7LB6/0KSDYL0KQQccJK9ZpRTi9p+g4","previousCounter":0,"rootKey":"2hmpsSoMw6akAl5jTzmAGZbPjrpz9Bc3FcCVf1lVu1g="},"indexInfo":{"baseKey":"BUdW9ox1Le4NiV/blVtjzIdhpPyYkg4l2g3HTvXE4TBw","baseKeyType":1,"closed":-1,"used":1680611927788,"created":1680611927788,"remoteIdentityKey":"BUdD4X4P43yC+c8nNzH+c+UZnWjuRju0/lL9bw7s+jUZ"},"_chains":{"BWl6TT6fN7IzQ9I5xFhKwmdO6mFTtyum+9PozAlMtiUf":{"chainKey":{"counter":104,"key":"crdcV2vktJxNIqQDmOuZgi49W30JUvSt3cpiaQmX9EQ="},"chainType":1,"messageKeys":{}}},"pendingPreKey":{"signedKeyId":1,"baseKey":"BUdW9ox1Le4NiV/blVtjzIdhpPyYkg4l2g3HTvXE4TBw","preKeyId":14215}}},"version":"v1"}