{"_sessions":{"BblwhSyAjte1pcwxF5iOrg8rmjarPzsqGpSFCmMnisMv":{"registrationId":1481840551,"currentRatchet":{"ephemeralKeyPair":{"pubKey":"BaqIJiKTl1zhPKp4ipckWyfMeVEiBxckE6Pck9HLH8lL","privKey":"SB4QmpyTqqsVEvRAZw18SCiMNWjeWXv2Zh40vhYviGk="},"lastRemoteEphemeralKey":"Bbnu+UzJgqgf6ZQqbCr3mqHZHjg0QwflvYiY9hPBHT8v","previousCounter":20,"rootKey":"3RaiSV4OrYvAogUrxuk8M3YRUakZbJvG4gn2bNQsoE0="},"indexInfo":{"baseKey":"BblwhSyAjte1pcwxF5iOrg8rmjarPzsqGpSFCmMnisMv","baseKeyType":1,"closed":-1,"used":1680650945391,"created":1680603477408,"remoteIdentityKey":"BeFzgXQ6IYCahBwCjAA/WEOWQ79fyjJv31PkjR3Y9Sc3"},"_chains":{"Bbnu+UzJgqgf6ZQqbCr3mqHZHjg0QwflvYiY9hPBHT8v":{"chainKey":{"counter":0,"key":"4d8898tgGPpunhB22NlNxpK2Fo2GaBPjCUvtzC2ebe8="},"chainType":2,"messageKeys":{}},"BaqIJiKTl1zhPKp4ipckWyfMeVEiBxckE6Pck9HLH8lL":{"chainKey":{"counter":15,"key":"AMZV2yMdK5oHZPBjDqbU6LQLSlJPFIpCf+AoqzD/5wI="},"chainType":1,"messageKeys":{}}}}},"version":"v1"}