{"_sessions":{"BUbiwsU3LQmlSJIl1KVt+Y9ChS8I9rinU3vMwDzuG61i":{"registrationId":7379,"currentRatchet":{"ephemeralKeyPair":{"pubKey":"BVbvYSIhvR1fgxsf5aKOQ0uZrzl33stcZpbT8KwKT6R3","privKey":"MIoB8EHguGxXBTTOZ3q9tUQkaQsaB2jk1v/BHcfqs1Q="},"lastRemoteEphemeralKey":"BWpGrcbYxQfejYOIBiJJ5IK8+xKIAQiZzR3nCbOB0QF5","previousCounter":0,"rootKey":"dZsEHDTUKvj/CUI2aRYdRmT6zNJvBuxM5KX6u3u7TSI="},"indexInfo":{"baseKey":"BUbiwsU3LQmlSJIl1KVt+Y9ChS8I9rinU3vMwDzuG61i","baseKeyType":1,"closed":-1,"used":1680604734867,"created":1680604734867,"remoteIdentityKey":"BWG3C5betP2hbhnK/53eQSj0o0FR45ITvsh0Oovtx9p5"},"_chains":{"BVbvYSIhvR1fgxsf5aKOQ0uZrzl33stcZpbT8KwKT6R3":{"chainKey":{"counter":7,"key":"GkcJanY6gV/8z+49kYoYhVvCWkufVjCPD8l+sN3Bi6s="},"chainType":1,"messageKeys":{}}},"pendingPreKey":{"signedKeyId":1,"baseKey":"BUbiwsU3LQmlSJIl1KVt+Y9ChS8I9rinU3vMwDzuG61i","preKeyId":440}}},"version":"v1"}