{"_sessions":{"Bd6vGReV0feKsVxJHfT++A6cfTr7mGP5FJueYf+6/cNd":{"registrationId":2135589446,"currentRatchet":{"ephemeralKeyPair":{"pubKey":"Bd0cqm+7ZQPVQBirqLFHvA0wDQB23M4sM+WDaSKy8PQA","privKey":"SEgHnHvA5u2TkIv+wY6XRrUv4TDewimbYYM8cGLD7Gc="},"lastRemoteEphemeralKey":"BXba7p8rYZ96FI/zKNHvqVwGhwFC/q9Ho2tYydt7jI87","previousCounter":0,"rootKey":"XLOjA2xohA6MNCziJ+hAEllmOiwvcPebRO6dkXKOn5k="},"indexInfo":{"baseKey":"Bd6vGReV0feKsVxJHfT++A6cfTr7mGP5FJueYf+6/cNd","baseKeyType":1,"closed":1680606662773,"used":1680606656218,"created":1680606656218,"remoteIdentityKey":"BZPXGC17Qh93jVM32F1Rbj/y9bx3G0zWnw/oAzRVBb9P"},"_chains":{"Bd0cqm+7ZQPVQBirqLFHvA0wDQB23M4sM+WDaSKy8PQA":{"chainKey":{"counter":0,"key":"3brH3A1j012Ur41qi/SHQxZU/0NtEzZtKj5MntvtGvo="},"chainType":1,"messageKeys":{}}},"pendingPreKey":{"signedKeyId":14,"baseKey":"Bd6vGReV0feKsVxJHfT++A6cfTr7mGP5FJueYf+6/cNd","preKeyId":78169}},"BfPCVDk6fJAuF37UTpr+KLx/HwRuIB1W507Yazzq6Wcm":{"registrationId":2135589446,"currentRatchet":{"ephemeralKeyPair":{"pubKey":"BfFgi+RKQ4Ps2/9K1XAqgs0Aq00O2CKnfR1E/BqPkJ18","privKey":"gGb0Gx70LhEYUHmsadyp3sCxaHIHaLOEw4/rSWD+fEY="},"lastRemoteEphemeralKey":"BXba7p8rYZ96FI/zKNHvqVwGhwFC/q9Ho2tYydt7jI87","previousCounter":0,"rootKey":"tp4cQS2eupRqOFDowcvcwPBb9MHF9PjsatcQiyAoV4I="},"indexInfo":{"baseKey":"BfPCVDk6fJAuF37UTpr+KLx/HwRuIB1W507Yazzq6Wcm","baseKeyType":1,"closed":-1,"used":1680606662258,"created":1680606662258,"remoteIdentityKey":"BZPXGC17Qh93jVM32F1Rbj/y9bx3G0zWnw/oAzRVBb9P"},"_chains":{"BfFgi+RKQ4Ps2/9K1XAqgs0Aq00O2CKnfR1E/BqPkJ18":{"chainKey":{"counter":30,"key":"vnSm/TdUvR7j4izcPdcpOiSzgRBjDS3g0c5Ik8TpvLA="},"chainType":1,"messageKeys":{}}},"pendingPreKey":{"signedKeyId":14,"baseKey":"BfPCVDk6fJAuF37UTpr+KLx/HwRuIB1W507Yazzq6Wcm","preKeyId":78279}}},"version":"v1"}