{"_sessions":{"BdMRvK5q8U7vZjiWtvzPdjX2gMQ+BW4t1wyDc878m+Mp":{"registrationId":1757885827,"currentRatchet":{"ephemeralKeyPair":{"pubKey":"BanG3izJq/pP+j3wjkl/3mUHQeW8pHZ27Fx4jx0MX8wy","privKey":"UHWEmu/Plyr6aQPH2yuhfFcq6CcKiurZoge7rtQW33g="},"lastRemoteEphemeralKey":"BVxIxKojD8r3JeDDkgYd9hf/0qwOu+mYgNRfiTFS+6gc","previousCounter":0,"rootKey":"yUClPaV21TVFXUbI5m2Zwh2NCDLTWTdt20sAlk+iiW4="},"indexInfo":{"baseKey":"BdMRvK5q8U7vZjiWtvzPdjX2gMQ+BW4t1wyDc878m+Mp","baseKeyType":1,"closed":1680606662774,"used":1680606656283,"created":1680606656283,"remoteIdentityKey":"BSw86A3iEEY+TvkXP50bGfcNIfOnzQ4N+lplVgdX74d1"},"_chains":{"BanG3izJq/pP+j3wjkl/3mUHQeW8pHZ27Fx4jx0MX8wy":{"chainKey":{"counter":0,"key":"QG6jEd+g8VRquB6qAK/vFLYGNYZJQZ6/l4kh4fTibjk="},"chainType":1,"messageKeys":{}}},"pendingPreKey":{"signedKeyId":6,"baseKey":"BdMRvK5q8U7vZjiWtvzPdjX2gMQ+BW4t1wyDc878m+Mp"}},"BUEa9bY7IW0IHCc0gwrqRATpXbJQHWF/tw7xxOqoSs4S":{"registrationId":1757885827,"currentRatchet":{"ephemeralKeyPair":{"pubKey":"BT3KiboivLfw1vM6nKH7szAzmxE6tKr2tt9Ghft/BWdi","privKey":"WL7gGm3t3/pYfmbu4U9+YSGDZ/o5wgzaFMqIgJaHQmk="},"lastRemoteEphemeralKey":"BVxIxKojD8r3JeDDkgYd9hf/0qwOu+mYgNRfiTFS+6gc","previousCounter":0,"rootKey":"bcbhwibAH1qXNQ1LTIc8886mah3BmprD442IhGsHKN0="},"indexInfo":{"baseKey":"BUEa9bY7IW0IHCc0gwrqRATpXbJQHWF/tw7xxOqoSs4S","baseKeyType":1,"closed":-1,"used":1680606662311,"created":1680606662311,"remoteIdentityKey":"BSw86A3iEEY+TvkXP50bGfcNIfOnzQ4N+lplVgdX74d1"},"_chains":{"BT3KiboivLfw1vM6nKH7szAzmxE6tKr2tt9Ghft/BWdi":{"chainKey":{"counter":30,"key":"wH/+JekaqX49TxLU+dakPsXCcYqWf0se2tTaf1oylv4="},"chainType":1,"messageKeys":{}}},"pendingPreKey":{"signedKeyId":6,"baseKey":"BUEa9bY7IW0IHCc0gwrqRATpXbJQHWF/tw7xxOqoSs4S"}}},"version":"v1"}