{"_sessions":{"BTvsUa0YtMUp+GfuSEDgih2duehMMGOjco95tTbA+wMN":{"registrationId":2084138576,"currentRatchet":{"ephemeralKeyPair":{"pubKey":"BYLxIOGMiLqnAAz3kpzcobzYxgq+cGzEym6M7OZ3asUV","privKey":"wANEvdvtpC6QVRQF4KGPXF3GyDilxBz1p6qCPprsf14="},"lastRemoteEphemeralKey":"BQZAywkrq0pfQZPqGxNaQVsbXEz5ywsnYV4fJ9nXtz4b","previousCounter":0,"rootKey":"OQen9D0Q4RkTfx4JtszuQl5pbMOgIPIUECyRVzKhRkE="},"indexInfo":{"baseKey":"BTvsUa0YtMUp+GfuSEDgih2duehMMGOjco95tTbA+wMN","baseKeyType":1,"closed":-1,"used":1680677414741,"created":1680677414741,"remoteIdentityKey":"BTo+1r274/+eoXWeL0weYFjz7HV4CAsV8mCfkAwNtFVH"},"_chains":{"BYLxIOGMiLqnAAz3kpzcobzYxgq+cGzEym6M7OZ3asUV":{"chainKey":{"counter":2,"key":"KmGk4VwQ8//Kjmgqu+cSc9zyV+VvDmQ1CO2nk3yqXHU="},"chainType":1,"messageKeys":{}}},"pendingPreKey":{"signedKeyId":1,"baseKey":"BTvsUa0YtMUp+GfuSEDgih2duehMMGOjco95tTbA+wMN","preKeyId":816379}}},"version":"v1"}