{"_sessions":{"BXVS4tr4Y4aEInQMFaEZultrbW7FUo/j63JBP/LVzdla":{"registrationId":1198144106,"currentRatchet":{"ephemeralKeyPair":{"pubKey":"BX481RaWdZmXocYfhOqM00t9ysuhmKLidkuzukuIdaQy","privKey":"QGNOYA3xH4z4raK4XbFX1gLogb/o/Bd7t/I4saR86mY="},"lastRemoteEphemeralKey":"BVFwQQdsf9nXT53bm6EudzH89d9ChvB2EOJeHaQTEMBe","previousCounter":0,"rootKey":"1837twX60CNAPtu0ZlRo4mIb+IOvIOG2vZUw8F/G9U0="},"indexInfo":{"baseKey":"BXVS4tr4Y4aEInQMFaEZultrbW7FUo/j63JBP/LVzdla","baseKeyType":1,"closed":-1,"used":1680677415012,"created":1680677415012,"remoteIdentityKey":"BRTWe+GT7S2N7Ay6P+kHc4fEz5zKRmhS7fb9asu3j/8d"},"_chains":{"BX481RaWdZmXocYfhOqM00t9ysuhmKLidkuzukuIdaQy":{"chainKey":{"counter":2,"key":"1M0Zx5vVgjQQaXuH1X4SrGqkUvdtV1k1XREtcX3ZKBM="},"chainType":1,"messageKeys":{}}},"pendingPreKey":{"signedKeyId":2,"baseKey":"BXVS4tr4Y4aEInQMFaEZultrbW7FUo/j63JBP/LVzdla","preKeyId":10227942}}},"version":"v1"}