{"_sessions":{"Bd2YG5i17xc5TKJsGR6lDfRlJMa7XkdgpYnPuSxXmoUr":{"registrationId":774552570,"currentRatchet":{"ephemeralKeyPair":{"pubKey":"BV2eOzP0neDTcLg5RywBoGmWBjc9HgHr9WJ5brdiPNl/","privKey":"oIHHoH7H0OBpRIEwfyeXm6WatIJr5XTTUP/UFLn3Mk0="},"lastRemoteEphemeralKey":"Bb6XIkE6nD+78bMZqKd0/DieCZNsrKaFx99xU5fz6ZAU","previousCounter":0,"rootKey":"BFBhyj6VO6uEmA5zOlAhDeRDlaROi6qWpKAZhh5DzEE="},"indexInfo":{"baseKey":"Bd2YG5i17xc5TKJsGR6lDfRlJMa7XkdgpYnPuSxXmoUr","baseKeyType":1,"closed":1680606662776,"used":1680606656620,"created":1680606656620,"remoteIdentityKey":"BSo6TEKB+L1zSDg6t/rthVhBN/Tm78by1lwPM9bAvB8s"},"_chains":{"BV2eOzP0neDTcLg5RywBoGmWBjc9HgHr9WJ5brdiPNl/":{"chainKey":{"counter":0,"key":"LjRFkwgOa4yC0DuxHB74GP+NcD/eTeQh2fxZwcbyxD4="},"chainType":1,"messageKeys":{}}},"pendingPreKey":{"signedKeyId":6,"baseKey":"Bd2YG5i17xc5TKJsGR6lDfRlJMa7XkdgpYnPuSxXmoUr","preKeyId":87163}},"BRQIATtUOCwAKVkLS+xLDbX0UyhkF4lPQAgI7bNkrpk5":{"registrationId":774552570,"currentRatchet":{"ephemeralKeyPair":{"pubKey":"BSDmSrfLRwc2TsUa4aF5HloUhe+QoLDNCw+mGPqWZ/ID","privKey":"gFzQAExOOmbFUrTFyCPyC8wv8jAnOefxLrCjv4ba52c="},"lastRemoteEphemeralKey":"Bb6XIkE6nD+78bMZqKd0/DieCZNsrKaFx99xU5fz6ZAU","previousCounter":0,"rootKey":"X36ZMPxKjCW/8tF6Pr8gDY6UcG4qQ3q2DOxDMYqMrO8="},"indexInfo":{"baseKey":"BRQIATtUOCwAKVkLS+xLDbX0UyhkF4lPQAgI7bNkrpk5","baseKeyType":1,"closed":-1,"used":1680606662643,"created":1680606662643,"remoteIdentityKey":"BSo6TEKB+L1zSDg6t/rthVhBN/Tm78by1lwPM9bAvB8s"},"_chains":{"BSDmSrfLRwc2TsUa4aF5HloUhe+QoLDNCw+mGPqWZ/ID":{"chainKey":{"counter":30,"key":"oWRsjg3FjHFDVBHL/RahHSWqrUQdJscl5ZMSZU5OVVA="},"chainType":1,"messageKeys":{}}},"pendingPreKey":{"signedKeyId":6,"baseKey":"BRQIATtUOCwAKVkLS+xLDbX0UyhkF4lPQAgI7bNkrpk5","preKeyId":87215}}},"version":"v1"}