{"_sessions":{"BeCeEtZfiBNWNsJNzhKwcVT3nw+eUK8ITSOZwaeuYUkx":{"registrationId":703908613,"currentRatchet":{"ephemeralKeyPair":{"pubKey":"BTVXZbR4ukqBH7V+d78EIGh65c//ihbD00twATeps+1J","privKey":"KE4W79xdRMefq23Vojmv44tTm2vec1tJ4WNDIcDd7Wk="},"lastRemoteEphemeralKey":"BQQEcKI6nFWh2W7PTVROXfagRlygeX8bDJWeTGp2FuJN","previousCounter":0,"rootKey":"g6QMIEUaqsFW/BAAJgoODEllbOvLTWhPWHq1bgcV7b0="},"indexInfo":{"baseKey":"BeCeEtZfiBNWNsJNzhKwcVT3nw+eUK8ITSOZwaeuYUkx","baseKeyType":1,"closed":1680606662775,"used":1680606656465,"created":1680606656465,"remoteIdentityKey":"BVZV2KgpRX3qLKzAm26KNy0TCG0VHNIR8oYrGjovR3gS"},"_chains":{"BTVXZbR4ukqBH7V+d78EIGh65c//ihbD00twATeps+1J":{"chainKey":{"counter":0,"key":"VbcEGDOUtBlG8n3BewBQ8aO+wHRMnrxvbmQC+L500BA="},"chainType":1,"messageKeys":{}}},"pendingPreKey":{"signedKeyId":0,"baseKey":"BeCeEtZfiBNWNsJNzhKwcVT3nw+eUK8ITSOZwaeuYUkx"}},"BVZKUGyUBdyMwoc3z/4Iu8XW547/ZQ5V8WkFb8afmwl9":{"registrationId":703908613,"currentRatchet":{"ephemeralKeyPair":{"pubKey":"BT0WH1rf2n811AG9YefW8DAIZDoPAhmBtKKhZ1B7YwAW","privKey":"QOv3iVi1uwdkjAZwyKz2Y0+nDpmpB6za5lequkn85UE="},"lastRemoteEphemeralKey":"BQQEcKI6nFWh2W7PTVROXfagRlygeX8bDJWeTGp2FuJN","previousCounter":0,"rootKey":"2BDhcOUx2qIYnbuhtTDSrHxQUPMVK7pdZT8oLNrm3io="},"indexInfo":{"baseKey":"BVZKUGyUBdyMwoc3z/4Iu8XW547/ZQ5V8WkFb8afmwl9","baseKeyType":1,"closed":-1,"used":1680606662481,"created":1680606662481,"remoteIdentityKey":"BVZV2KgpRX3qLKzAm26KNy0TCG0VHNIR8oYrGjovR3gS"},"_chains":{"BT0WH1rf2n811AG9YefW8DAIZDoPAhmBtKKhZ1B7YwAW":{"chainKey":{"counter":30,"key":"iRIpVkgzZiHcRsKL27703+CNzWLBfrd4iWwefbLpbBc="},"chainType":1,"messageKeys":{}}},"pendingPreKey":{"signedKeyId":0,"baseKey":"BVZKUGyUBdyMwoc3z/4Iu8XW547/ZQ5V8WkFb8afmwl9"}}},"version":"v1"}