{"_sessions":{"BdqKrkXYGPgCnUHL8rOQw7ICdFL7OeaZBqaZMhCjYOhH":{"registrationId":122,"currentRatchet":{"ephemeralKeyPair":{"pubKey":"BbtT0KrRJvT741tTOaQR0JbSOiNZABPaAgyIBE+RtMli","privKey":"OHo2coEhnBj71Buy6q4qmATd5vSUns/iGk0aVW5mrXY="},"lastRemoteEphemeralKey":"BVdn8KE5AtluqsTzAHnosK1V6sFXbonceXPh3Eg0chhT","previousCounter":0,"rootKey":"d0uawx7fZ51TO7HuyD8G7g/c7C/vEcAaKw2IPNTu0F8="},"indexInfo":{"baseKey":"BdqKrkXYGPgCnUHL8rOQw7ICdFL7OeaZBqaZMhCjYOhH","baseKeyType":1,"closed":-1,"used":1680688500276,"created":1680677414433,"remoteIdentityKey":"Bf86ORU/LVSQ1xAd+E4oZOKS+WdGLsod/mRPU3regcVZ"},"_chains":{"BazcBsg0O6RJsYWfkx7R/VOXHsauVDw2k/mtRNhsyTkb":{"chainKey":{"counter":0},"chainType":2,"messageKeys":{}},"BVdn8KE5AtluqsTzAHnosK1V6sFXbonceXPh3Eg0chhT":{"chainKey":{"counter":7,"key":"QSvdQd+kOztx4ls4MyYovJ2TH/5eFLIGE6kg8KcbU6k="},"chainType":2,"messageKeys":{}},"BbtT0KrRJvT741tTOaQR0JbSOiNZABPaAgyIBE+RtMli":{"chainKey":{"counter":-1,"key":"nnyuNrFfHHQIb8GoSxbgu7UrruZ+Pfi/AwwdmwMKmLc="},"chainType":1,"messageKeys":{}}}}},"version":"v1"}