{"_sessions":{"BfriJLso08Gxb8W2Bn8F1XuC6NHIE5XLQ3PEV5dBIHNO":{"registrationId":87,"currentRatchet":{"ephemeralKeyPair":{"pubKey":"BTEfPDytLdhKAUWWdm0UQTSk3LqV0/4ed8NNkCITGbcv","privKey":"GGTxoR9DX11E9WIzqN38TqOt9SqYh3FN4/TQisxujXQ="},"lastRemoteEphemeralKey":"BYAS8EkBLsrwO+FVA+BXn8UUrKvGdr2oaw8JZPXEm35w","previousCounter":0,"rootKey":"ePlMVy3faiDURIq0CHF6T9Sw3iN2qtKIagubZ5c2NHc="},"indexInfo":{"baseKey":"BfriJLso08Gxb8W2Bn8F1XuC6NHIE5XLQ3PEV5dBIHNO","baseKeyType":1,"closed":1680611605745,"used":1680607863820,"created":1680607863820,"remoteIdentityKey":"BQqNAouaMtOW35Gy+CPOIO/Ap4Qg+sXlPYvNub0ohtou"},"_chains":{"BTEfPDytLdhKAUWWdm0UQTSk3LqV0/4ed8NNkCITGbcv":{"chainKey":{"counter":10,"key":"QHrdvwDdaQn3RwByfexZ+4xQEHGNKW5rnJCZvowUxu8="},"chainType":1,"messageKeys":{}}},"pendingPreKey":{"signedKeyId":1,"baseKey":"BfriJLso08Gxb8W2Bn8F1XuC6NHIE5XLQ3PEV5dBIHNO"}},"BQaeGXe3nYjHjhUzDoCZS7c9xLkJOmWBJJkbq8rsgG4c":{"registrationId":87,"currentRatchet":{"ephemeralKeyPair":{"pubKey":"BXpNyXxRxiRqOmKNIJR6WpjMD/a537t5bohEGQ/NAC1j","privKey":"MJW68wrVW72aDJkC867bf9l3/5FO0hG+pRRtVQMTI1k="},"lastRemoteEphemeralKey":"BYAS8EkBLsrwO+FVA+BXn8UUrKvGdr2oaw8JZPXEm35w","previousCounter":0,"rootKey":"VOO2hAYh3ej38is+OumawcdBWDzGPVeRV6yyugjVn+Q="},"indexInfo":{"baseKey":"BQaeGXe3nYjHjhUzDoCZS7c9xLkJOmWBJJkbq8rsgG4c","baseKeyType":1,"closed":1680664309396,"used":1680611605743,"created":1680611605743,"remoteIdentityKey":"BQqNAouaMtOW35Gy+CPOIO/Ap4Qg+sXlPYvNub0ohtou"},"_chains":{"BXpNyXxRxiRqOmKNIJR6WpjMD/a537t5bohEGQ/NAC1j":{"chainKey":{"counter":7,"key":"qIuIJpHt9yRoHT+shPALBWh4P+6dm8/cYQXWbqY5voM="},"chainType":1,"messageKeys":{}}},"pendingPreKey":{"signedKeyId":1,"baseKey":"BQaeGXe3nYjHjhUzDoCZS7c9xLkJOmWBJJkbq8rsgG4c"}},"BXQ2zDlHxTcIzF2jp2kdqA5dfM2cbSB8P8IQ5ib8tAQI":{"registrationId":87,"currentRatchet":{"ephemeralKeyPair":{"pubKey":"BWNWe+iNYzar5ldfc2vFeqRDxkPAeWIKZYVG5q2XLXxR","privKey":"kAlw+ni2DVV7CZIvS4S5cCjcPumupCgonaMZe/VgcX8="},"lastRemoteEphemeralKey":"BYAS8EkBLsrwO+FVA+BXn8UUrKvGdr2oaw8JZPXEm35w","previousCounter":0,"rootKey":"+jCmrzexQjPj5aaZx4/8VqIvSG1X1T1ZSJ3wn7NB0ME="},"indexInfo":{"baseKey":"BXQ2zDlHxTcIzF2jp2kdqA5dfM2cbSB8P8IQ5ib8tAQI","baseKeyType":1,"closed":1680681348364,"used":1680664309394,"created":1680664309394,"remoteIdentityKey":"BQqNAouaMtOW35Gy+CPOIO/Ap4Qg+sXlPYvNub0ohtou"},"_chains":{"BWNWe+iNYzar5ldfc2vFeqRDxkPAeWIKZYVG5q2XLXxR":{"chainKey":{"counter":35,"key":"vduKrcfz5NruwehR/Eb3O/54hWa6PetentIol0r5bzg="},"chainType":1,"messageKeys":{}}},"pendingPreKey":{"signedKeyId":1,"baseKey":"BXQ2zDlHxTcIzF2jp2kdqA5dfM2cbSB8P8IQ5ib8tAQI"}},"BQYste2fAzaXa5pCKzWyOM7O5L5QPvqOQwbCELCxlXce":{"registrationId":87,"currentRatchet":{"ephemeralKeyPair":{"pubKey":"BasI+7j2Sd1HOePDyA1NIXv1dik0msi1+4QY6vze+TJ1","privKey":"oCkkmud5yELzqAvLzQrEjE5dyzM/ClGkMjbYfKN6Sns="},"lastRemoteEphemeralKey":"BYAS8EkBLsrwO+FVA+BXn8UUrKvGdr2oaw8JZPXEm35w","previousCounter":0,"rootKey":"1kWF+c2rrt2j/yGbdzrE4wH0kTo1KShJ7WQZ0pUXv3k="},"indexInfo":{"baseKey":"BQYste2fAzaXa5pCKzWyOM7O5L5QPvqOQwbCELCxlXce","baseKeyType":1,"closed":-1,"used":1680681348362,"created":1680681348362,"remoteIdentityKey":"BQqNAouaMtOW35Gy+CPOIO/Ap4Qg+sXlPYvNub0ohtou"},"_chains":{"BasI+7j2Sd1HOePDyA1NIXv1dik0msi1+4QY6vze+TJ1":{"chainKey":{"counter":49,"key":"T1JWCO1Io+lk7F3sTXWw1/E/umDKkTVw5V9KDlBvRzE="},"chainType":1,"messageKeys":{}}},"pendingPreKey":{"signedKeyId":1,"baseKey":"BQYste2fAzaXa5pCKzWyOM7O5L5QPvqOQwbCELCxlXce","preKeyId":2783}}},"version":"v1"}