{"_sessions":{"BSBoIiVRddVxlp7HyRXrZZe9AodTaD/gdhkGtOqjlzB3":{"registrationId":464119149,"currentRatchet":{"ephemeralKeyPair":{"pubKey":"BT9qCW9HLXodITOJyMBxJFVrILa4CUkgz6gQymo5LFNw","privKey":"uK/mCdvNK+ePktwCNASk+uowAB0rCffm8ChtHl4TX3E="},"lastRemoteEphemeralKey":"BbXQdEhGkrMbpFC2j8mhkO91nxtcTnEU8nCSSsy+nqkP","previousCounter":0,"rootKey":"aoKuQzqnq1V1Gb5E94YhLrwPOwEBW+sOAQW0JduOmv4="},"indexInfo":{"baseKey":"BSBoIiVRddVxlp7HyRXrZZe9AodTaD/gdhkGtOqjlzB3","baseKeyType":1,"closed":-1,"used":1680677414810,"created":1680677414810,"remoteIdentityKey":"BTvXmMxe1JkhZoL/lkptLVqFMD8gT76eSS+gcRyJ608v"},"_chains":{"BT9qCW9HLXodITOJyMBxJFVrILa4CUkgz6gQymo5LFNw":{"chainKey":{"counter":2,"key":"kFGaPPRMSBDUlmCpozugdIFnz8bKcmLYi0xlnLNWOe0="},"chainType":1,"messageKeys":{}}},"pendingPreKey":{"signedKeyId":0,"baseKey":"BSBoIiVRddVxlp7HyRXrZZe9AodTaD/gdhkGtOqjlzB3","preKeyId":14954953}}},"version":"v1"}