{"_sessions":{"BTIyZFYtct2Mpb0tZv6CFRqIw72Fx9smKxJhuvYrKqFV":{"registrationId":28,"currentRatchet":{"ephemeralKeyPair":{"pubKey":"Bc031nU6HsppAaeD9tawnSw+cjdbYSGWhSdPX2PzWVRq","privKey":"ENM+4JYcXiyabw9vEdq+FLBc5IAoxIyLH5TX7CHgJV4="},"lastRemoteEphemeralKey":"BTYm3hQUoi0D96QgVSZrvP8u8424nIHGn+aZtg7v6xQy","previousCounter":2,"rootKey":"o/11MdpSAEufJMEUD4q9lqnMLRiZMo3z89oSOGU4bLk="},"indexInfo":{"baseKey":"BTIyZFYtct2Mpb0tZv6CFRqIw72Fx9smKxJhuvYrKqFV","baseKeyType":2,"closed":1680678987669,"used":1680618124033,"created":1680613376696,"remoteIdentityKey":"BbRg/Nf+IslrjQOKl1IMQt+QJ7P0NgJObCZjB0w/xFt5"},"_chains":{"BUAIF72b/eAy+y5LORXzEVYbozt1kZe/qh63RBVAxSQO":{"chainKey":{"counter":1},"chainType":2,"messageKeys":{}},"BTYm3hQUoi0D96QgVSZrvP8u8424nIHGn+aZtg7v6xQy":{"chainKey":{"counter":1,"key":"5KLz6JU6+UHX3UaW5H8Ed1chcNUP6E5Zg4T1JSQDZ1k="},"chainType":2,"messageKeys":{}},"Bc031nU6HsppAaeD9tawnSw+cjdbYSGWhSdPX2PzWVRq":{"chainKey":{"counter":10,"key":"a5+b6IdduSRjB2I6mdpsmwT6UmogVIam8R40j0m1XQ8="},"chainType":1,"messageKeys":{}}}},"BY85rG1dT6cNDn3PhN2CH2i04Hh2aHvZjmXpCXY3aZoK":{"registrationId":28,"currentRatchet":{"ephemeralKeyPair":{"pubKey":"BfRA8kl3nFmits54AHh0heeZTg+NjYFgnrpcPemLHyJg","privKey":"KOjU3YmiE/jJWlWF8lmbZT5/HWFKgtZdNJbpZ/0xEHE="},"lastRemoteEphemeralKey":"BWmXLF2iSBAlYQzfv9foUrzVIE7okJ59iCzfuTk/XBxh","previousCounter":0,"rootKey":"lijes9gYw95qtPB3J/qI/nGCjVzI9qvNiZWftcDFC2s="},"indexInfo":{"baseKey":"BY85rG1dT6cNDn3PhN2CH2i04Hh2aHvZjmXpCXY3aZoK","baseKeyType":2,"closed":1680679105597,"used":1680678987674,"created":1680678987674,"remoteIdentityKey":"BbRg/Nf+IslrjQOKl1IMQt+QJ7P0NgJObCZjB0w/xFt5"},"_chains":{"BWmXLF2iSBAlYQzfv9foUrzVIE7okJ59iCzfuTk/XBxh":{"chainKey":{"counter":0,"key":"tdOB5Ynm64OCJerHRf7IBEmbX6sgCBTSWs2DLy7sExs="},"chainType":2,"messageKeys":{}},"BfRA8kl3nFmits54AHh0heeZTg+NjYFgnrpcPemLHyJg":{"chainKey":{"counter":-1,"key":"yUQZHE4lQr72VW6UYevf+niDtZ/2QyxwRrBzIPv+jtM="},"chainType":1,"messageKeys":{}}}},"Bf8ZosvLtJButJlOcpWCC9RqcdrIWFrsqAYYB6GdCOUN":{"registrationId":28,"currentRatchet":{"ephemeralKeyPair":{"pubKey":"BasbGgiJ0zWyBHigH7/hIuUjRS/aWdSq2tKOFthbUx5n","privKey":"iPYMljQbpHJ/uJa6tNB9dMLEPvS2YtXtqaokM0EYalU="},"lastRemoteEphemeralKey":"BUjZn65VtHtTD+MzxA6dtTSaJeE/BACqIQgJ2f5BJyEH","previousCounter":0,"rootKey":"/vgIxckSYZMI80OOMglDimN8Id8gpY7N950HN2XtwbQ="},"indexInfo":{"baseKey":"Bf8ZosvLtJButJlOcpWCC9RqcdrIWFrsqAYYB6GdCOUN","baseKeyType":2,"closed":-1,"used":1680685877295,"created":1680679105601,"remoteIdentityKey":"BbRg/Nf+IslrjQOKl1IMQt+QJ7P0NgJObCZjB0w/xFt5"},"_chains":{"BUPnGEKVuxDy6V37JYw7t+DrVgH9CtRV0MnhNl6bf3gK":{"chainKey":{"counter":0},"chainType":2,"messageKeys":{}},"BeoICVXnOm1K93Tb33erregP5NqIq2s6g2UFpLDpmtlB":{"chainKey":{"counter":0},"chainType":2,"messageKeys":{}},"BQgOevpq8vLwPDoUo1whnMrJtVRIyFRCirjsnGChhOA3":{"chainKey":{"counter":1},"chainType":2,"messageKeys":{"0":"MLHRKgRoreOhAJn/2p3B4nLNtwtZtWPf1a8qnYVK+PY="}},"BUjZn65VtHtTD+MzxA6dtTSaJeE/BACqIQgJ2f5BJyEH":{"chainKey":{"counter":0,"key":"n8tYzSWaQwIQKkZjreuUU7OjESTJuzMQKqkr6h/k3DQ="},"chainType":2,"messageKeys":{}},"BasbGgiJ0zWyBHigH7/hIuUjRS/aWdSq2tKOFthbUx5n":{"chainKey":{"counter":-1,"key":"txwc+BfCRxclgrb93hkq9wvNBSDQ33ubin8yErhE/Sk="},"chainType":1,"messageKeys":{}}}}},"version":"v1"}