{"_sessions":{"BWMw/IULpp++mq7b6XCE9svzLPHu6l3hPelM+Vt49GI8":{"registrationId":576065209,"currentRatchet":{"ephemeralKeyPair":{"pubKey":"Bajtt12OAo7FailyMffmFRvN4Zz9Q52Uv9BugGxb604y","privKey":"iJzDymT7BVZ8R3GNArlcMA6IBY11feNo/AeBSkjS9Fs="},"lastRemoteEphemeralKey":"BQ2uqpX4n4wTKSZOJwuFmJwYVpq2dvQfapO+fUXhXyZ0","previousCounter":0,"rootKey":"EQMZtwkOT69sv4e43GQmk7LtYTbe8j9xtMPvmOTvDgk="},"indexInfo":{"baseKey":"BWMw/IULpp++mq7b6XCE9svzLPHu6l3hPelM+Vt49GI8","baseKeyType":1,"closed":1680606662772,"used":1680606656054,"created":1680606656054,"remoteIdentityKey":"BRBGGNqBcdI8SVHP0N8+h7AJnJEXIw1i7KxN6nnfrap5"},"_chains":{"Bajtt12OAo7FailyMffmFRvN4Zz9Q52Uv9BugGxb604y":{"chainKey":{"counter":0,"key":"8n8QZX4vxpebR1Fdaaal/GAPkraGFagQ84MuXwJPoGU="},"chainType":1,"messageKeys":{}}},"pendingPreKey":{"signedKeyId":3,"baseKey":"BWMw/IULpp++mq7b6XCE9svzLPHu6l3hPelM+Vt49GI8","preKeyId":15072498}},"BQt8oHBxlxjkyfjQsOQi/eNx5XEw1kwuRjoJWuelbLN/":{"registrationId":576065209,"currentRatchet":{"ephemeralKeyPair":{"pubKey":"BZRMRK8mlqGC5xQkJagscUgv0B7C9jeQpscBnSy07Fdc","privKey":"qE1wwNH+A5PfsHh7ryY4Tv/r4Cq0qT3WrNBgnxni72o="},"lastRemoteEphemeralKey":"BQ2uqpX4n4wTKSZOJwuFmJwYVpq2dvQfapO+fUXhXyZ0","previousCounter":0,"rootKey":"5nYq/kcJtWrLsOvu/TgkoYHKMPS+vbAJHiaJA7WTDYs="},"indexInfo":{"baseKey":"BQt8oHBxlxjkyfjQsOQi/eNx5XEw1kwuRjoJWuelbLN/","baseKeyType":1,"closed":-1,"used":1680606662089,"created":1680606662089,"remoteIdentityKey":"BRBGGNqBcdI8SVHP0N8+h7AJnJEXIw1i7KxN6nnfrap5"},"_chains":{"BZRMRK8mlqGC5xQkJagscUgv0B7C9jeQpscBnSy07Fdc":{"chainKey":{"counter":30,"key":"9so8LTXiDQqk485xQ1I6beKkKlsxCGbffJBhpJvq5Rw="},"chainType":1,"messageKeys":{}}},"pendingPreKey":{"signedKeyId":3,"baseKey":"BQt8oHBxlxjkyfjQsOQi/eNx5XEw1kwuRjoJWuelbLN/","preKeyId":15072464}}},"version":"v1"}