{"_sessions":{"BUBMqUQN8MbiXI+tiQ1D6fuLJlLFdU/Wgy1Mv+0Ed25G":{"registrationId":84,"currentRatchet":{"ephemeralKeyPair":{"pubKey":"BfKH9JO/HH7ki2DM8pkyCw/bJ9X+TRtshzKzvIdXQc0i","privKey":"4HyjB25QyDC8ZdZiPXPKgAiMseAe4E7SoO4uO1ymJl8="},"lastRemoteEphemeralKey":"Babidc+oM3aQL32BvNerm+SrS285LabLMqmIjoqmCSRW","previousCounter":0,"rootKey":"MB/T5X15YxoN6GAbg8MWOodslTv2JWW29Tb64vAUVWs="},"indexInfo":{"baseKey":"BUBMqUQN8MbiXI+tiQ1D6fuLJlLFdU/Wgy1Mv+0Ed25G","baseKeyType":1,"closed":-1,"used":1680607863765,"created":1680607863765,"remoteIdentityKey":"BTfoxR5V5+bc4dXfbFImp/XAX0tj+sIKvUEKmKeeWWAi"},"_chains":{"BfKH9JO/HH7ki2DM8pkyCw/bJ9X+TRtshzKzvIdXQc0i":{"chainKey":{"counter":104,"key":"e4/BGhLWzp/fmTDCNRNd0jIhi+rOq/9ZIoXUavs1MCA="},"chainType":1,"messageKeys":{}}},"pendingPreKey":{"signedKeyId":1,"baseKey":"BUBMqUQN8MbiXI+tiQ1D6fuLJlLFdU/Wgy1Mv+0Ed25G"}}},"version":"v1"}