{"_sessions":{"BcVoZn0GHOZtN7MCrqt+roxop8JH/vrhSFAwLBv+iMFm":{"registrationId":978010621,"currentRatchet":{"ephemeralKeyPair":{"pubKey":"Bfe+GWA7ulJqIsWCHXpewo/yfSp4CzMt5TeT/KL0NFE+","privKey":"+NS9CgHp453pIlkAkcoLYU7gyT6V966Cb6YMbMnj/EM="},"lastRemoteEphemeralKey":"BbaK2Lqla7QCxrUG/+DDc2BP/NC145rGz3TV/+8swwk/","previousCounter":0,"rootKey":"nl6FIGCMY/Eg1vTutQ4sivPXqhrTGnTP7IdXhm8aFmE="},"indexInfo":{"baseKey":"BcVoZn0GHOZtN7MCrqt+roxop8JH/vrhSFAwLBv+iMFm","baseKeyType":1,"closed":1680606662772,"used":1680606656067,"created":1680606656067,"remoteIdentityKey":"BRilsLSRqlWQ852EvQ0rtrz6pwQW8tE+9nua3q1OZF5f"},"_chains":{"Bfe+GWA7ulJqIsWCHXpewo/yfSp4CzMt5TeT/KL0NFE+":{"chainKey":{"counter":0,"key":"B445eYfKX3yFZ3ZP2798kLhKPdAcj/aB4jG0zUV4XCQ="},"chainType":1,"messageKeys":{}}},"pendingPreKey":{"signedKeyId":1,"baseKey":"BcVoZn0GHOZtN7MCrqt+roxop8JH/vrhSFAwLBv+iMFm","preKeyId":7966246}},"BVvarJLjfY6/2Gp8ORjA0s91y2jleboaEKNES4898LsS":{"registrationId":978010621,"currentRatchet":{"ephemeralKeyPair":{"pubKey":"BQkahAsO6q6AV6oznyQjU34X1fDJzZrKLLp/Xjl2CtgJ","privKey":"SJS9pKIDs5BYEgWA9WTiN99649V/rdLi0IN22ievxUo="},"lastRemoteEphemeralKey":"BbaK2Lqla7QCxrUG/+DDc2BP/NC145rGz3TV/+8swwk/","previousCounter":0,"rootKey":"/mvBIkSTuaRIRvTVL67ed1q27uuvkFKNRq3PR94zqEE="},"indexInfo":{"baseKey":"BVvarJLjfY6/2Gp8ORjA0s91y2jleboaEKNES4898LsS","baseKeyType":1,"closed":-1,"used":1680606662100,"created":1680606662100,"remoteIdentityKey":"BRilsLSRqlWQ852EvQ0rtrz6pwQW8tE+9nua3q1OZF5f"},"_chains":{"BQkahAsO6q6AV6oznyQjU34X1fDJzZrKLLp/Xjl2CtgJ":{"chainKey":{"counter":30,"key":"03IgR08BlweakVf2CUZEvhs2SO7mS4G61grc5NkGQvI="},"chainType":1,"messageKeys":{}}},"pendingPreKey":{"signedKeyId":1,"baseKey":"BVvarJLjfY6/2Gp8ORjA0s91y2jleboaEKNES4898LsS","preKeyId":7965571}}},"version":"v1"}