{"_sessions":{"BZ3VZNpQtqDIaDW6Zw2Ksrp67IPAUh843qg9xC1/uKV8":{"registrationId":29,"currentRatchet":{"ephemeralKeyPair":{"pubKey":"BV7ziTO3cnbr1FkMx/pXAhmoxa0oZUFN6jh5kuocJM9S","privKey":"gM1PBhORInRMsSnjZZjzJpiql/h0CVifI3zyv0VRVl0="},"lastRemoteEphemeralKey":"Bawr5Az4oJJzenixC7zVcoGs1mkjqx+S1dAagGeNFbUk","previousCounter":0,"rootKey":"SL9DUwkvSYeNc9IejuXIPvSrVcCP+s/agEdZK1o8ebk="},"indexInfo":{"baseKey":"BZ3VZNpQtqDIaDW6Zw2Ksrp67IPAUh843qg9xC1/uKV8","baseKeyType":1,"closed":-1,"used":1680604734801,"created":1680604734801,"remoteIdentityKey":"Beq6xSYRlx5VycB1yABWHB0amHgBj+tOq+/QSLkzNE0p"},"_chains":{"BV7ziTO3cnbr1FkMx/pXAhmoxa0oZUFN6jh5kuocJM9S":{"chainKey":{"counter":3,"key":"YlTLuoF1bWHIUXRJkylLnjClGI0cwTBgPypRsP3sXnk="},"chainType":1,"messageKeys":{}}},"pendingPreKey":{"signedKeyId":1,"baseKey":"BZ3VZNpQtqDIaDW6Zw2Ksrp67IPAUh843qg9xC1/uKV8"}}},"version":"v1"}