{"_sessions":{"BR+2RyKAMP/iphAKtWW3UQKxdIiTOLzVe2/1dsSWjAoF":{"registrationId":633618413,"currentRatchet":{"ephemeralKeyPair":{"pubKey":"BU1M0pP9teG92S7WKuk4w6sAZlisellJvT1m74PeLa1w","privKey":"gJh2NiUpdx533nM0WDAmwoKJFnXOFUz9t3JuRF9v9EM="},"lastRemoteEphemeralKey":"BWwRZZYVe8/bDFe1HNUg0YfneLCF7pHmorXRzqbqUCg9","previousCounter":0,"rootKey":"ztW4yJdxX92TqCa+UMy9gt4VfbtcInPOTati28h2/pk="},"indexInfo":{"baseKey":"BR+2RyKAMP/iphAKtWW3UQKxdIiTOLzVe2/1dsSWjAoF","baseKeyType":1,"closed":-1,"used":1680680824561,"created":1680680824561,"remoteIdentityKey":"BVUY7etJaop2IGVDbCeGyzU/9dGZ/XJQIocWg9xJAGNP"},"_chains":{"BU1M0pP9teG92S7WKuk4w6sAZlisellJvT1m74PeLa1w":{"chainKey":{"counter":63,"key":"U8nNYaBDDrLJmTZrw360y1nEFHQZHsxpai2bwJ1SvkE="},"chainType":1,"messageKeys":{}}},"pendingPreKey":{"signedKeyId":1,"baseKey":"BR+2RyKAMP/iphAKtWW3UQKxdIiTOLzVe2/1dsSWjAoF","preKeyId":12018862}}},"version":"v1"}