{"_sessions":{"Bd9b/CA36X9U/QRqCpO4nvOPPul79YgjSUHpG+axcvoF":{"registrationId":1700725533,"currentRatchet":{"ephemeralKeyPair":{"pubKey":"BQKHz1sd7LQ5ZaHVR2cvP6HUmhHuNcYVWgDa0yrmqk4u","privKey":"GJi6muLU+rybBRVfRW1wrzzWhxRolOUbuBs3CgfVHX4="},"lastRemoteEphemeralKey":"BSPkB80oHFf2EsramioPS2iOSMRFqIFUv8oToFKom3Zb","previousCounter":0,"rootKey":"E0oz1cWmkt1YgCLeiJXeNOdtUx3lKJPpmcS8E6MewOg="},"indexInfo":{"baseKey":"Bd9b/CA36X9U/QRqCpO4nvOPPul79YgjSUHpG+axcvoF","baseKeyType":1,"closed":-1,"used":1680677415256,"created":1680677415256,"remoteIdentityKey":"BbmE9tz9idBolipHvjc7ebZ8t2QXCF5CFiHTZchr9e4z"},"_chains":{"BQKHz1sd7LQ5ZaHVR2cvP6HUmhHuNcYVWgDa0yrmqk4u":{"chainKey":{"counter":2,"key":"qVA7M/MJfkq5FkPkOYl//tQ4beJTbCW8CVgqnLlba28="},"chainType":1,"messageKeys":{}}},"pendingPreKey":{"signedKeyId":2,"baseKey":"Bd9b/CA36X9U/QRqCpO4nvOPPul79YgjSUHpG+axcvoF","preKeyId":6465700}}},"version":"v1"}