{"_sessions":{"BZEBKrCk6HUNGpjvnB3BoZq5UgLUCuBaT8LXnbgNFOkX":{"registrationId":221,"currentRatchet":{"ephemeralKeyPair":{"pubKey":"BfGUPZ26du7Yr9wSqz85KCEqtu8ohn3HSGuULsRpgT8B","privKey":"aNMrSc5KXf69VAt4IenM4GDZnRdAj4OmMlXfUKMWoUA="},"lastRemoteEphemeralKey":"BanwV3zm6hV623rDMUFpgDbf9GLSZzraYPmGwaJhA8Zb","previousCounter":0,"rootKey":"8Mwtitvn7+RhmOxcQj8c58qJJm6veuTBZdwU41EcHL0="},"indexInfo":{"baseKey":"BZEBKrCk6HUNGpjvnB3BoZq5UgLUCuBaT8LXnbgNFOkX","baseKeyType":1,"closed":-1,"used":1680674481706,"created":1680674481706,"remoteIdentityKey":"BYxNbERFSOr1lGlSb6fiD1nj8YkwPTWOm6VZeRiOXc5D"},"_chains":{"BfGUPZ26du7Yr9wSqz85KCEqtu8ohn3HSGuULsRpgT8B":{"chainKey":{"counter":8,"key":"3ikAgM8YkZag1a+Gs+mHG57kbdAU2l8tAmlFLTFid30="},"chainType":1,"messageKeys":{}}},"pendingPreKey":{"signedKeyId":1,"baseKey":"BZEBKrCk6HUNGpjvnB3BoZq5UgLUCuBaT8LXnbgNFOkX","preKeyId":11}}},"version":"v1"}