{"_sessions":{"Bbmhezu32J5o8KexkVmo2ogC5LIn5PhrUHFo2TgVnKYg":{"registrationId":188589820,"currentRatchet":{"ephemeralKeyPair":{"pubKey":"BYl10+bETIfLtWvTHTqCQaH3VWVRX90eCOwNjqlj0ZsA","privKey":"SLWuhKECiejhyRWALobgPHFSvqUGZUWfuwAwG1QuGnU="},"lastRemoteEphemeralKey":"BZuQxvSLt6ep0WR4nsF3j2+JP1HoEa1hnQH6gUfPWVAn","previousCounter":0,"rootKey":"Q1tVzEgAomzSEjqdCf/6qlomj32YuTZ+6PahuBldyDY="},"indexInfo":{"baseKey":"Bbmhezu32J5o8KexkVmo2ogC5LIn5PhrUHFo2TgVnKYg","baseKeyType":1,"closed":1680606662772,"used":1680606656059,"created":1680606656059,"remoteIdentityKey":"BVvkUJisjk2HVHhDV1vRqgfQG6oyPxj5XQ9tGOTRCIIo"},"_chains":{"BYl10+bETIfLtWvTHTqCQaH3VWVRX90eCOwNjqlj0ZsA":{"chainKey":{"counter":0,"key":"+gPXDCMNJSSJzk8vQXX4Jq5wu/VW1d1uRjJz69ryLuk="},"chainType":1,"messageKeys":{}}},"pendingPreKey":{"signedKeyId":1,"baseKey":"Bbmhezu32J5o8KexkVmo2ogC5LIn5PhrUHFo2TgVnKYg","preKeyId":12133254}},"BY+/fXseu+0a949lJybqYMHvj/IkXFDAR6nKg8ADSNcT":{"registrationId":188589820,"currentRatchet":{"ephemeralKeyPair":{"pubKey":"BZs7ArsfW+lVQspNygBTwpAEiyaWVFUpCavb52Xn4iN0","privKey":"KBSGSK+2KLvvzrxZ0rgptvxffGkF+dDhn7I2XA232nw="},"lastRemoteEphemeralKey":"BZuQxvSLt6ep0WR4nsF3j2+JP1HoEa1hnQH6gUfPWVAn","previousCounter":0,"rootKey":"7Sa4J+t5G6FFURHO2m3iE/ah741G1vhMhaiQkdtbWIs="},"indexInfo":{"baseKey":"BY+/fXseu+0a949lJybqYMHvj/IkXFDAR6nKg8ADSNcT","baseKeyType":1,"closed":-1,"used":1680606662093,"created":1680606662093,"remoteIdentityKey":"BVvkUJisjk2HVHhDV1vRqgfQG6oyPxj5XQ9tGOTRCIIo"},"_chains":{"BZs7ArsfW+lVQspNygBTwpAEiyaWVFUpCavb52Xn4iN0":{"chainKey":{"counter":30,"key":"4pascCmQuP+yKOb2wH+NxaXfegk7WVU6gr5DRn1O1I0="},"chainType":1,"messageKeys":{}}},"pendingPreKey":{"signedKeyId":1,"baseKey":"BY+/fXseu+0a949lJybqYMHvj/IkXFDAR6nKg8ADSNcT","preKeyId":12133037}}},"version":"v1"}