{"_sessions":{"Bed1l9om0lA05L+Xf+a//iuASVVf+mvtKPV2D0nM+4sL":{"registrationId":75,"currentRatchet":{"ephemeralKeyPair":{"pubKey":"Bc8GP3DNGXzQiqF9FaLZ4uUFo5w/ObHp23X+BO40k4FF","privKey":"eFh9MunnFi801uOn300zVIbwL8DdJl0ZME3Kvu34NHg="},"lastRemoteEphemeralKey":"BfeUcfegvhUf7jC5di6XJzrW9MANRYZLBlaFVVgSd8Ie","previousCounter":0,"rootKey":"q4NtMAcKJxH0M7nUACH5mwls8ePQd4QpvSBxQiFGCmo="},"indexInfo":{"baseKey":"Bed1l9om0lA05L+Xf+a//iuASVVf+mvtKPV2D0nM+4sL","baseKeyType":1,"closed":-1,"used":1680603477161,"created":1680603477161,"remoteIdentityKey":"BWVSTcj4DZ0yNZQgR/Q+o6Ck+SUQP6wzr50v0+EDeOVi"},"_chains":{"Bc8GP3DNGXzQiqF9FaLZ4uUFo5w/ObHp23X+BO40k4FF":{"chainKey":{"counter":27,"key":"IWtj53e5J051QsiGiyCn9FUW8RgpeB1NARhNo7wK0KQ="},"chainType":1,"messageKeys":{}}},"pendingPreKey":{"signedKeyId":1,"baseKey":"Bed1l9om0lA05L+Xf+a//iuASVVf+mvtKPV2D0nM+4sL"}}},"version":"v1"}