{"_sessions":{"Bb9l+6+G6XMtQNU3ggYo+Y/bOEF9XharZ6ys/2kc2uxg":{"registrationId":387314749,"currentRatchet":{"ephemeralKeyPair":{"pubKey":"BQh2dFDKbbQUOiOriJI6XIQeLRlKzhDTz4OBTuM/uLQr","privKey":"oHsrg7ACLgikjwADuvWL3+T9nn1y2QRdx5GveiRQrVM="},"lastRemoteEphemeralKey":"BfU8euKIttSCn8ZgCcGcnzF41eHwJy2E2F73DcGHewh9","previousCounter":0,"rootKey":"pH6CsDZs3P+FF0S5gZMh0UpUHkPRLlvi4XZVms3M//0="},"indexInfo":{"baseKey":"Bb9l+6+G6XMtQNU3ggYo+Y/bOEF9XharZ6ys/2kc2uxg","baseKeyType":1,"closed":-1,"used":1680605960238,"created":1680605960238,"remoteIdentityKey":"BYy2XzpYlKz0lNM3WAFyPK58uO4nyDMXk9Uq0jrSjtUK"},"_chains":{"BQh2dFDKbbQUOiOriJI6XIQeLRlKzhDTz4OBTuM/uLQr":{"chainKey":{"counter":3,"key":"AeZMz4Zx08Kz8tZTlY0M/Mri85fgeZt5+21iwR1fZRY="},"chainType":1,"messageKeys":{}}},"pendingPreKey":{"signedKeyId":0,"baseKey":"Bb9l+6+G6XMtQNU3ggYo+Y/bOEF9XharZ6ys/2kc2uxg"}}},"version":"v1"}