{"_sessions":{"BSxwiARVSaeeaej7CiiTYPvvm7FvT29IVbtUuI02z/Vr":{"registrationId":1967199332,"currentRatchet":{"ephemeralKeyPair":{"pubKey":"BeYmCx2WyuWAfZhJpN0uCaunJdPwqSbZ0AMBUo42jk8Q","privKey":"YGT16hNIjCNsdemiov7/wYo11YiFxKKHLksi5OBfpHU="},"lastRemoteEphemeralKey":"BVlBWdVOktmuh4OhsAWWzdYWhvsTuiBfoZxi04O6Oa4w","previousCounter":0,"rootKey":"KL1/AFLYPSXtsTVEQjhX5dEcULtRAwadYlWvcxlm3do="},"indexInfo":{"baseKey":"BSxwiARVSaeeaej7CiiTYPvvm7FvT29IVbtUuI02z/Vr","baseKeyType":1,"closed":1680606662774,"used":1680606656321,"created":1680606656321,"remoteIdentityKey":"BcCmAxmrXeBy7Je/Ur6s1unJnw+ovsdF2l8kNgGHxv0V"},"_chains":{"BeYmCx2WyuWAfZhJpN0uCaunJdPwqSbZ0AMBUo42jk8Q":{"chainKey":{"counter":0,"key":"LcMw4Xhf5wuEBAr4wDZ40hZAgLUJPCdcY6OeNtFTtio="},"chainType":1,"messageKeys":{}}},"pendingPreKey":{"signedKeyId":17,"baseKey":"BSxwiARVSaeeaej7CiiTYPvvm7FvT29IVbtUuI02z/Vr","preKeyId":9026115}},"BTTamwurmHX8HqzpC3OvbNFgVE2f3S5dvNa0J+5Ra51P":{"registrationId":1967199332,"currentRatchet":{"ephemeralKeyPair":{"pubKey":"BX262jsu8+uxia6cdwYAo+gHJqItxq6uJONgiNOfUGQG","privKey":"iEobPp5CVl6bERxWRwC3UG44INPb+peNyohhtAvvWUc="},"lastRemoteEphemeralKey":"BVlBWdVOktmuh4OhsAWWzdYWhvsTuiBfoZxi04O6Oa4w","previousCounter":0,"rootKey":"NO2aQ/AEGrp7kJPQNhxCK7/IjePXSlrHuXNpKhNnge8="},"indexInfo":{"baseKey":"BTTamwurmHX8HqzpC3OvbNFgVE2f3S5dvNa0J+5Ra51P","baseKeyType":1,"closed":-1,"used":1680606662347,"created":1680606662347,"remoteIdentityKey":"BcCmAxmrXeBy7Je/Ur6s1unJnw+ovsdF2l8kNgGHxv0V"},"_chains":{"BX262jsu8+uxia6cdwYAo+gHJqItxq6uJONgiNOfUGQG":{"chainKey":{"counter":30,"key":"//lLtFnslRoeypEO8LPEgMl5oDHZkhA/8hvrdqXIBg0="},"chainType":1,"messageKeys":{}}},"pendingPreKey":{"signedKeyId":17,"baseKey":"BTTamwurmHX8HqzpC3OvbNFgVE2f3S5dvNa0J+5Ra51P","preKeyId":9026311}}},"version":"v1"}