{"_sessions":{"BRsFCv3zIW+xjUjcNYs1fA6QKaU+FZnX2+NbCllOcgQk":{"registrationId":1039684657,"currentRatchet":{"ephemeralKeyPair":{"pubKey":"BR0fcoRmpeVfhXhMrQ1KS2vegCxa3T5rMxPR+Ho3XPQb","privKey":"IIhr2EfHeFN30hIrg2DzVjRyVI/Xa0TFTzonQ53ZfUg="},"lastRemoteEphemeralKey":"BbLst79jQD2h+/KTDOjS9ybYqcGKgLVu7jfenzv38Vpw","previousCounter":0,"rootKey":"9LNTM2CESGzHOZ2LCdcp7qQaaW72PU0yQdy39y8iu4Y="},"indexInfo":{"baseKey":"BRsFCv3zIW+xjUjcNYs1fA6QKaU+FZnX2+NbCllOcgQk","baseKeyType":1,"closed":1680606662775,"used":1680606656502,"created":1680606656502,"remoteIdentityKey":"Bc2n7aY+e93/Fn51PqVOu976vJN6ZdOvB9VoBvr1UiM8"},"_chains":{"BR0fcoRmpeVfhXhMrQ1KS2vegCxa3T5rMxPR+Ho3XPQb":{"chainKey":{"counter":0,"key":"mNOnhTN0LxMhTIcnnPyLuB4xUWbs1/cJSUUUvCWfN4E="},"chainType":1,"messageKeys":{}}},"pendingPreKey":{"signedKeyId":9,"baseKey":"BRsFCv3zIW+xjUjcNYs1fA6QKaU+FZnX2+NbCllOcgQk","preKeyId":9611626}},"BfZ5d7/Kg5//7IvTWZLg5b7fCUMRWXq94W2sZ+03E8dQ":{"registrationId":1039684657,"currentRatchet":{"ephemeralKeyPair":{"pubKey":"BccPrb2r/60FgS54e4HOrbujAzNG/aChOJTujS1W6JJv","privKey":"QCE2PB2WqC0222QRCpGd/5xR+xcBLN8LanfVnQLLKFM="},"lastRemoteEphemeralKey":"BbLst79jQD2h+/KTDOjS9ybYqcGKgLVu7jfenzv38Vpw","previousCounter":0,"rootKey":"c8jcqF2da2PX9U5yafWww/2hHRrj17Uoz8K7HUPKdEw="},"indexInfo":{"baseKey":"BfZ5d7/Kg5//7IvTWZLg5b7fCUMRWXq94W2sZ+03E8dQ","baseKeyType":1,"closed":-1,"used":1680606662511,"created":1680606662511,"remoteIdentityKey":"Bc2n7aY+e93/Fn51PqVOu976vJN6ZdOvB9VoBvr1UiM8"},"_chains":{"BccPrb2r/60FgS54e4HOrbujAzNG/aChOJTujS1W6JJv":{"chainKey":{"counter":30,"key":"qFGo+e1grgjkfvF6eWoWrvmh1WMgSEhIeN4dgGDFq2I="},"chainType":1,"messageKeys":{}}},"pendingPreKey":{"signedKeyId":9,"baseKey":"BfZ5d7/Kg5//7IvTWZLg5b7fCUMRWXq94W2sZ+03E8dQ","preKeyId":9613315}}},"version":"v1"}