{"_sessions":{"BQ8TxsFhkHxzjvttFJg60lZN4LG1bU7lD70acreJ/uUj":{"registrationId":1646733020,"currentRatchet":{"ephemeralKeyPair":{"pubKey":"BWcwxCfqegD6esdJQNVBrxbiZHZvOg8pGcYvzo+lH1gn","privKey":"8P/V/nFmQ+fVu4ny1WdiY50nwIzmYWLWhCvL9E3Xx2o="},"lastRemoteEphemeralKey":"BUIDfdkOPRqMjR5KG4Z4K0ZhuH+f2SiMWBwLP3ECbCsv","previousCounter":0,"rootKey":"Owj/Q3rJDSbHfUy9EbN3ngHuI6C4S/RTt83reCS03d8="},"indexInfo":{"baseKey":"BQ8TxsFhkHxzjvttFJg60lZN4LG1bU7lD70acreJ/uUj","baseKeyType":1,"closed":1680606662776,"used":1680606656650,"created":1680606656650,"remoteIdentityKey":"Bb3AlcB1OpnQRj0wGSX96DBf9KlSu6xbM3N292vnv3QS"},"_chains":{"BWcwxCfqegD6esdJQNVBrxbiZHZvOg8pGcYvzo+lH1gn":{"chainKey":{"counter":0,"key":"0h3rGw+AY3TbkOr6ORQAoz548N5sDcBxv1HbASkLi38="},"chainType":1,"messageKeys":{}}},"pendingPreKey":{"signedKeyId":0,"baseKey":"BQ8TxsFhkHxzjvttFJg60lZN4LG1bU7lD70acreJ/uUj"}},"Bdd71thKdVBrnKl0eL89BvSfTobVyhxrBEWNNULBDYFc":{"registrationId":1646733020,"currentRatchet":{"ephemeralKeyPair":{"pubKey":"Bfg11kd9pUA9vfrXOhb1iNGxVILuXbUHkLuKrbFOdv5w","privKey":"8EwNINeKkPkcFwQuh8Mjq5EgBtqYB76qM8+YeVByTk8="},"lastRemoteEphemeralKey":"BUIDfdkOPRqMjR5KG4Z4K0ZhuH+f2SiMWBwLP3ECbCsv","previousCounter":0,"rootKey":"+tskpjbUwo1ZksMIp0213VMZxSRqQ9JN5PNFUP1RqoY="},"indexInfo":{"baseKey":"Bdd71thKdVBrnKl0eL89BvSfTobVyhxrBEWNNULBDYFc","baseKeyType":1,"closed":-1,"used":1680606662673,"created":1680606662673,"remoteIdentityKey":"Bb3AlcB1OpnQRj0wGSX96DBf9KlSu6xbM3N292vnv3QS"},"_chains":{"Bfg11kd9pUA9vfrXOhb1iNGxVILuXbUHkLuKrbFOdv5w":{"chainKey":{"counter":132,"key":"MMZG3o0WeD675/NFYv/+pZaVrr58/aSfOs+pq64NZGw="},"chainType":1,"messageKeys":{}}},"pendingPreKey":{"signedKeyId":0,"baseKey":"Bdd71thKdVBrnKl0eL89BvSfTobVyhxrBEWNNULBDYFc"}}},"version":"v1"}