{"_sessions":{"BSxu84A/39/AIjMZ/IvpwGGMAjKo8njnsyqttzdBASYo":{"registrationId":1130059052,"currentRatchet":{"ephemeralKeyPair":{"pubKey":"BdRVFaMMT/IXjc7VEdUsWvEOqLPOsn493fymkdWN6mUo","privKey":"aCMmYbZZm6zz8W0V6Oiycd6rf9qOzJx+j3wKHOrNVkM="},"lastRemoteEphemeralKey":"BZfj43WRYxcnJWw5BcNb/Zyz38ygFMV4JPxKa/XKi25T","previousCounter":0,"rootKey":"Jc5F+KD0q7jRx1DEo0+AOZFbPleV2dvsYR+10/+7JWU="},"indexInfo":{"baseKey":"BSxu84A/39/AIjMZ/IvpwGGMAjKo8njnsyqttzdBASYo","baseKeyType":1,"closed":-1,"used":1680603477520,"created":1680603477520,"remoteIdentityKey":"Bc7ad9wuatyQAaI04NHcCwXK5iE+5PDFeFMmSXw5CSpz"},"_chains":{"BdRVFaMMT/IXjc7VEdUsWvEOqLPOsn493fymkdWN6mUo":{"chainKey":{"counter":36,"key":"TYTATH7/XjtErCzrwtoOP6fxnp/x1dtTg6oJXn1yohY="},"chainType":1,"messageKeys":{}}},"pendingPreKey":{"signedKeyId":42,"baseKey":"BSxu84A/39/AIjMZ/IvpwGGMAjKo8njnsyqttzdBASYo"}}},"version":"v1"}