{"_sessions":{"BfSMw+zr3V5p17TLaiyH3X4sEWmtFQ/ibKYgXB6uTZBK":{"registrationId":1333645306,"currentRatchet":{"ephemeralKeyPair":{"pubKey":"BWQbKQ1HVkKciPC+ZLaFxxZ5VzdParKJMdtZxQUC9RVQ","privKey":"4EfUO+MKDDntMJNAR1xBljAdv+i/KQurstXNh9pexn4="},"lastRemoteEphemeralKey":"BRV/7N7IoY5hW/gFMeayfYkilAnk+rRc8b0LoVNOBexp","previousCounter":0,"rootKey":"fJ+Rf9jnAdr2texJaLI4NUEDhlMTZH2Am6tcRXOgExc="},"indexInfo":{"baseKey":"BfSMw+zr3V5p17TLaiyH3X4sEWmtFQ/ibKYgXB6uTZBK","baseKeyType":1,"closed":-1,"used":1680607864275,"created":1680607864275,"remoteIdentityKey":"BXz5TL2MWuNgFTuDsdy//GRiMtZs9V9HBuaca1Bf+54q"},"_chains":{"BWQbKQ1HVkKciPC+ZLaFxxZ5VzdParKJMdtZxQUC9RVQ":{"chainKey":{"counter":101,"key":"4f0k6l7R8eQD0qnd5F5lMfELy2jAnoyOnqulA9VGzJM="},"chainType":1,"messageKeys":{}}},"pendingPreKey":{"signedKeyId":4,"baseKey":"BfSMw+zr3V5p17TLaiyH3X4sEWmtFQ/ibKYgXB6uTZBK","preKeyId":716277}}},"version":"v1"}