{"_sessions":{"BXrIIxC9OTudR8wLjSc2f5l+X647k00QjHraHYp92MMd":{"registrationId":213,"currentRatchet":{"ephemeralKeyPair":{"pubKey":"BX3EoXm9qiRStmlKaISsI5fodshwffhQvI1yUDwKRk4X","privKey":"8I/6JBEOwjxDs5HDgFF7S9GbrB8RSINuawFXWOVzDWs="},"lastRemoteEphemeralKey":"BRtWRTZpn+vEjkpl2lSMS7m7AHsa4jIRs98qSd/DWpER","previousCounter":0,"rootKey":"ARQ59/teBSJWd3ci8ZF2/TP27Werx7IAPjFAiFpZcKs="},"indexInfo":{"baseKey":"BXrIIxC9OTudR8wLjSc2f5l+X647k00QjHraHYp92MMd","baseKeyType":1,"closed":-1,"used":1680677414412,"created":1680677414412,"remoteIdentityKey":"Bf1bpGtKY76N+H/IEkjqMSjWk0QFCdQjH3xXfJIUVuxs"},"_chains":{"BX3EoXm9qiRStmlKaISsI5fodshwffhQvI1yUDwKRk4X":{"chainKey":{"counter":2,"key":"xZ1+Coj90Q+ndm8P14jhaInDXQI8Jb8ylMxBp0YHIB8="},"chainType":1,"messageKeys":{}}},"pendingPreKey":{"signedKeyId":1,"baseKey":"BXrIIxC9OTudR8wLjSc2f5l+X647k00QjHraHYp92MMd"}}},"version":"v1"}