{"_sessions":{"Be4ZWBn5yBPG8RVyFQPX+oHtN74W1uppmu9deAi1D2Ap":{"registrationId":211,"currentRatchet":{"ephemeralKeyPair":{"pubKey":"Bcxko/bAM1RS1Do5CTaNNW3r9pG+1szaK1KBghgj2bBQ","privKey":"AF1b9eKs0k73uIHB2iNXV1faBkAa42hdx5qkAIKxxXQ="},"lastRemoteEphemeralKey":"BfuRMHO0QF+oxOlQ+gdWGg1LM1nUjTxu+Di0JeDU65h+","previousCounter":0,"rootKey":"prUA7P1zOyKil7t8fxe+Qold1Iyp+lD5CypoI0UsMVg="},"indexInfo":{"baseKey":"Be4ZWBn5yBPG8RVyFQPX+oHtN74W1uppmu9deAi1D2Ap","baseKeyType":1,"closed":-1,"used":1680677414339,"created":1680677414339,"remoteIdentityKey":"Bbf+/exKJTQyLcgeKDXZ5v1CjuFs1QirgGyvdmVnIFod"},"_chains":{"Bcxko/bAM1RS1Do5CTaNNW3r9pG+1szaK1KBghgj2bBQ":{"chainKey":{"counter":2,"key":"sNyicOPQAIeAV1TQvCzDZ2II0NnVIje/2hDO+xfxkPo="},"chainType":1,"messageKeys":{}}},"pendingPreKey":{"signedKeyId":1,"baseKey":"Be4ZWBn5yBPG8RVyFQPX+oHtN74W1uppmu9deAi1D2Ap"}}},"version":"v1"}