{"_sessions":{"BRqgOeinBLOdeJHc8QOKT7k7m01T54NrtAgIRKn6DdQu":{"registrationId":1682870204,"currentRatchet":{"ephemeralKeyPair":{"pubKey":"BVKLrihxqc7Wh2qGu5K9J7AhqgaQKujHwjJHSP7siFcR","privKey":"cNmzgeSyXgH+rUjbCOCxKTihmTgz2lIJhZq9VO21+0g="},"lastRemoteEphemeralKey":"Bb3WoLD0N3mqBq8UJ1GdfsORlkMdv1Na4WKP+qRAchcW","previousCounter":0,"rootKey":"qb19mb94mjPVkqLapY7WOgm52N1yhkywnRb+Q0ClAaI="},"indexInfo":{"baseKey":"BRqgOeinBLOdeJHc8QOKT7k7m01T54NrtAgIRKn6DdQu","baseKeyType":1,"closed":1680616078047,"used":1680616077738,"created":1680616077738,"remoteIdentityKey":"BXw7psVZ7a8UeqzhPiZdoRQiqqgb1Mk/R5TmNPycn8gV"},"_chains":{"BVKLrihxqc7Wh2qGu5K9J7AhqgaQKujHwjJHSP7siFcR":{"chainKey":{"counter":-1,"key":"fQ1C3wCYPU4nLHwFvp0zPIBI8hgv6LiYDgibOsJCM/M="},"chainType":1,"messageKeys":{}}},"pendingPreKey":{"signedKeyId":0,"baseKey":"BRqgOeinBLOdeJHc8QOKT7k7m01T54NrtAgIRKn6DdQu","preKeyId":8781755}},"BX15ZHyhgBwRzd4OnDr65VivYriIe4tCkD9Yqu+rHvBw":{"registrationId":1682870204,"currentRatchet":{"ephemeralKeyPair":{"pubKey":"BQoFO1kWDtzKJpWfpYyinJwb2GbVU5Ao/qrCTQVV2KAa","privKey":"IByws1dQPtKoJ7vx8IZQDEk4MWaIifd+AFif+/dIWXw="},"lastRemoteEphemeralKey":"Bb3WoLD0N3mqBq8UJ1GdfsORlkMdv1Na4WKP+qRAchcW","previousCounter":0,"rootKey":"l6k4YGaH4tzCFBY/x4P+xNPWqFiPiGZc+I2jCGAC1Gc="},"indexInfo":{"baseKey":"BX15ZHyhgBwRzd4OnDr65VivYriIe4tCkD9Yqu+rHvBw","baseKeyType":1,"closed":1680616078381,"used":1680616078045,"created":1680616078045,"remoteIdentityKey":"BXw7psVZ7a8UeqzhPiZdoRQiqqgb1Mk/R5TmNPycn8gV"},"_chains":{"BQoFO1kWDtzKJpWfpYyinJwb2GbVU5Ao/qrCTQVV2KAa":{"chainKey":{"counter":-1,"key":"O3wTEyZXKSI+PP+tG6eGJkRi2vHTMJvdGWZIfsYBV90="},"chainType":1,"messageKeys":{}}},"pendingPreKey":{"signedKeyId":0,"baseKey":"BX15ZHyhgBwRzd4OnDr65VivYriIe4tCkD9Yqu+rHvBw","preKeyId":8781822}},"BS9JxW2KlKlJzkT2ai9Xs3blThasRA5fD7bzpxK7INkP":{"registrationId":1682870204,"currentRatchet":{"ephemeralKeyPair":{"pubKey":"BUvH3JY8/Wepz0VNjmua2X96AtcT7KBaZ7PB+Q/kKyxJ","privKey":"uIl5hXPfiObjSMDu7LeJgr/QsgX9bkpBCanpn6qtfn0="},"lastRemoteEphemeralKey":"Bb3WoLD0N3mqBq8UJ1GdfsORlkMdv1Na4WKP+qRAchcW","previousCounter":0,"rootKey":"TmxopTTmGRqJQa6AE4yZeJaE8AQaQlV8F2gk1SuiUMQ="},"indexInfo":{"baseKey":"BS9JxW2KlKlJzkT2ai9Xs3blThasRA5fD7bzpxK7INkP","baseKeyType":1,"closed":1680616078689,"used":1680616078375,"created":1680616078375,"remoteIdentityKey":"BXw7psVZ7a8UeqzhPiZdoRQiqqgb1Mk/R5TmNPycn8gV"},"_chains":{"BUvH3JY8/Wepz0VNjmua2X96AtcT7KBaZ7PB+Q/kKyxJ":{"chainKey":{"counter":-1,"key":"xhkZlj6YS20QiGgeaC6M13u5dBOBoYD950LVj9c+D1w="},"chainType":1,"messageKeys":{}}},"pendingPreKey":{"signedKeyId":0,"baseKey":"BS9JxW2KlKlJzkT2ai9Xs3blThasRA5fD7bzpxK7INkP","preKeyId":8781861}},"BStAAjl2zC4xZw3FnVVB6YjwXpJKft7u5ns+4Kst35Ig":{"registrationId":1682870204,"currentRatchet":{"ephemeralKeyPair":{"pubKey":"BTfa5JI4Y0rGetiaWI3MU0MUGYjJnR4Tnp8q42J3WSc9","privKey":"yOHiz/WXRHtMFUHSTulLx++FdF82uQPq4PA5K+21FWg="},"lastRemoteEphemeralKey":"Bb3WoLD0N3mqBq8UJ1GdfsORlkMdv1Na4WKP+qRAchcW","previousCounter":0,"rootKey":"LNs9GjesR7wZm8UeXdtyi/ip48kNQt2oBsQVY/zL5Sw="},"indexInfo":{"baseKey":"BStAAjl2zC4xZw3FnVVB6YjwXpJKft7u5ns+4Kst35Ig","baseKeyType":1,"closed":1680616078988,"used":1680616078682,"created":1680616078682,"remoteIdentityKey":"BXw7psVZ7a8UeqzhPiZdoRQiqqgb1Mk/R5TmNPycn8gV"},"_chains":{"BTfa5JI4Y0rGetiaWI3MU0MUGYjJnR4Tnp8q42J3WSc9":{"chainKey":{"counter":-1,"key":"eiTo51DZIHFUgfcPRh+JNKdOO8zdhyMeye9zHvKdOAE="},"chainType":1,"messageKeys":{}}},"pendingPreKey":{"signedKeyId":0,"baseKey":"BStAAjl2zC4xZw3FnVVB6YjwXpJKft7u5ns+4Kst35Ig","preKeyId":8781388}},"BQnqntiQcCUAhjJGTB+in6eutxnSnKJXe5Ykjpwasaxs":{"registrationId":1682870204,"currentRatchet":{"ephemeralKeyPair":{"pubKey":"BSsemnJTp+HdK+9jiFVdZNL0P4XcxZcdcF/8k66FBhdR","privKey":"gAr2aLBpX6XHLfMC0UCox1oVY4FFNbPkGzM5HPis43A="},"lastRemoteEphemeralKey":"Bb3WoLD0N3mqBq8UJ1GdfsORlkMdv1Na4WKP+qRAchcW","previousCounter":0,"rootKey":"pbbOpx1Pm71qSbiEF/2ak1qz+Vj/zg58hxK/dPyrJTA="},"indexInfo":{"baseKey":"BQnqntiQcCUAhjJGTB+in6eutxnSnKJXe5Ykjpwasaxs","baseKeyType":1,"closed":1680616079297,"used":1680616078986,"created":1680616078986,"remoteIdentityKey":"BXw7psVZ7a8UeqzhPiZdoRQiqqgb1Mk/R5TmNPycn8gV"},"_chains":{"BSsemnJTp+HdK+9jiFVdZNL0P4XcxZcdcF/8k66FBhdR":{"chainKey":{"counter":-1,"key":"qLlxAzjj4RqQMtfGnPgkkVKWN5CLx8SsqKt2NTM6ZDs="},"chainType":1,"messageKeys":{}}},"pendingPreKey":{"signedKeyId":0,"baseKey":"BQnqntiQcCUAhjJGTB+in6eutxnSnKJXe5Ykjpwasaxs","preKeyId":8781377}},"BZFEzlD7EeYTXo7+RB/4Xl1Z2DI8AYhQngZ/aSYmdf0p":{"registrationId":1682870204,"currentRatchet":{"ephemeralKeyPair":{"pubKey":"BbAgSJDMuztsUGrrh4n0suEYnEbDkFUUfS/nGgCx4Y1a","privKey":"0ILtkaXvnqm4jSSpOwWsJHXMOJGEkYsiFDNZ1n0r9HQ="},"lastRemoteEphemeralKey":"Bb3WoLD0N3mqBq8UJ1GdfsORlkMdv1Na4WKP+qRAchcW","previousCounter":0,"rootKey":"4FPgCF1/jTjmjm1MOfQu4W16AP4zSUEIwEAPubndJ7g="},"indexInfo":{"baseKey":"BZFEzlD7EeYTXo7+RB/4Xl1Z2DI8AYhQngZ/aSYmdf0p","baseKeyType":1,"closed":1680616079600,"used":1680616079294,"created":1680616079294,"remoteIdentityKey":"BXw7psVZ7a8UeqzhPiZdoRQiqqgb1Mk/R5TmNPycn8gV"},"_chains":{"BbAgSJDMuztsUGrrh4n0suEYnEbDkFUUfS/nGgCx4Y1a":{"chainKey":{"counter":-1,"key":"Kqtzurmoe70zi4Q/0ztpvOufJeLu6lfVOwSKo00ZCpc="},"chainType":1,"messageKeys":{}}},"pendingPreKey":{"signedKeyId":0,"baseKey":"BZFEzlD7EeYTXo7+RB/4Xl1Z2DI8AYhQngZ/aSYmdf0p","preKeyId":8781740}},"BT/8A2+2ALG1uxG9ifbS2UY+cSYPLV4dzIlaK/Q68EBP":{"registrationId":1682870204,"currentRatchet":{"ephemeralKeyPair":{"pubKey":"BSQdgSuLuA5lvIuqjAN0+WySyeFi4Ac+TxFZX5FCu04O","privKey":"qBFxik8OZcc1E9BFbNmdFDKUnwj5Y5wsQbnwTr6vAG4="},"lastRemoteEphemeralKey":"Bb3WoLD0N3mqBq8UJ1GdfsORlkMdv1Na4WKP+qRAchcW","previousCounter":0,"rootKey":"GplnFbeHa+lbiw9pEz6szCYRsVAT4JZBxW5m1UhRh34="},"indexInfo":{"baseKey":"BT/8A2+2ALG1uxG9ifbS2UY+cSYPLV4dzIlaK/Q68EBP","baseKeyType":1,"closed":1680616079905,"used":1680616079598,"created":1680616079598,"remoteIdentityKey":"BXw7psVZ7a8UeqzhPiZdoRQiqqgb1Mk/R5TmNPycn8gV"},"_chains":{"BSQdgSuLuA5lvIuqjAN0+WySyeFi4Ac+TxFZX5FCu04O":{"chainKey":{"counter":-1,"key":"Bm3K4VvDDRBPknW5WnzKOtKIK6hBib0gwLY8lnrACjU="},"chainType":1,"messageKeys":{}}},"pendingPreKey":{"signedKeyId":0,"baseKey":"BT/8A2+2ALG1uxG9ifbS2UY+cSYPLV4dzIlaK/Q68EBP","preKeyId":8781367}},"BbZHbaYnFR/BelcmNDcD6Rivxnr6mX6Y3NnmCMiBRHwz":{"registrationId":1682870204,"currentRatchet":{"ephemeralKeyPair":{"pubKey":"Bc3yfuqcrL8W5He5+AtmiFYGBfxNA5lJNajudNkjAcwX","privKey":"QNaEAbGM3PRH/v8lVtE0niMQCZsR4LYvl+TE3zfYJk8="},"lastRemoteEphemeralKey":"Bb3WoLD0N3mqBq8UJ1GdfsORlkMdv1Na4WKP+qRAchcW","previousCounter":0,"rootKey":"UcbRD9XhzXLQ2Lakrkmw/vHqagnL0/zA6+2NvKQMi6U="},"indexInfo":{"baseKey":"BbZHbaYnFR/BelcmNDcD6Rivxnr6mX6Y3NnmCMiBRHwz","baseKeyType":1,"closed":1680616080209,"used":1680616079903,"created":1680616079903,"remoteIdentityKey":"BXw7psVZ7a8UeqzhPiZdoRQiqqgb1Mk/R5TmNPycn8gV"},"_chains":{"Bc3yfuqcrL8W5He5+AtmiFYGBfxNA5lJNajudNkjAcwX":{"chainKey":{"counter":-1,"key":"ENg8ulxxvDNvdifV/uOp/2DNzzYZhMEIIR8jqZd+u60="},"chainType":1,"messageKeys":{}}},"pendingPreKey":{"signedKeyId":0,"baseKey":"BbZHbaYnFR/BelcmNDcD6Rivxnr6mX6Y3NnmCMiBRHwz","preKeyId":8781758}},"BYMxKQ2N4S8b4qrtRTTF+OTT2erDwzhZOM9Y/2JHLttc":{"registrationId":1682870204,"currentRatchet":{"ephemeralKeyPair":{"pubKey":"Be2SxC6cYgJ2B/d3h0mpqtdJUQQbVeX1BkeIUAkb6lIZ","privKey":"EC59XQ+De03UDnHUQTM1q/XWGOg6GwdvYuTGH2qvc1w="},"lastRemoteEphemeralKey":"Bb3WoLD0N3mqBq8UJ1GdfsORlkMdv1Na4WKP+qRAchcW","previousCounter":0,"rootKey":"9Vq9spXBdEPeUJTZurL7pgL5YRsqIuir9PT2r8J2cKw="},"indexInfo":{"baseKey":"BYMxKQ2N4S8b4qrtRTTF+OTT2erDwzhZOM9Y/2JHLttc","baseKeyType":1,"closed":1680616080538,"used":1680616080206,"created":1680616080206,"remoteIdentityKey":"BXw7psVZ7a8UeqzhPiZdoRQiqqgb1Mk/R5TmNPycn8gV"},"_chains":{"Be2SxC6cYgJ2B/d3h0mpqtdJUQQbVeX1BkeIUAkb6lIZ":{"chainKey":{"counter":-1,"key":"+Xku06kHcdRxSjKmp6FncNlRrxXC9qrQTEjke3JCU1A="},"chainType":1,"messageKeys":{}}},"pendingPreKey":{"signedKeyId":0,"baseKey":"BYMxKQ2N4S8b4qrtRTTF+OTT2erDwzhZOM9Y/2JHLttc","preKeyId":8781819}},"BbYPq2USJk8yhjQG92iM04YSaaavXdEVg/NJhOhKEjdx":{"registrationId":1682870204,"currentRatchet":{"ephemeralKeyPair":{"pubKey":"BWzTvhna2RlrQaqZeoXpst7WiEQHhmyH3UTdqaHkTm1d","privKey":"AOIfzFQ/pL+zTNBwURSzpnBbVperaN3wKHLJA1+VHlU="},"lastRemoteEphemeralKey":"Bb3WoLD0N3mqBq8UJ1GdfsORlkMdv1Na4WKP+qRAchcW","previousCounter":0,"rootKey":"dUMtbLVpAQdnKEGpQFhPQauZTFn+G7r9pvHLTSqFwJk="},"indexInfo":{"baseKey":"BbYPq2USJk8yhjQG92iM04YSaaavXdEVg/NJhOhKEjdx","baseKeyType":1,"closed":1680616080855,"used":1680616080536,"created":1680616080536,"remoteIdentityKey":"BXw7psVZ7a8UeqzhPiZdoRQiqqgb1Mk/R5TmNPycn8gV"},"_chains":{"BWzTvhna2RlrQaqZeoXpst7WiEQHhmyH3UTdqaHkTm1d":{"chainKey":{"counter":-1,"key":"pp6ymxI+UpF7+J2kYFABZ/UV0W8XXcfYMmHYyX/fyb0="},"chainType":1,"messageKeys":{}}},"pendingPreKey":{"signedKeyId":0,"baseKey":"BbYPq2USJk8yhjQG92iM04YSaaavXdEVg/NJhOhKEjdx","preKeyId":8781169}},"BWIH1BrquIuVVXM59JNUN2G4UZCy+7fifyT28PRQuYZX":{"registrationId":1682870204,"currentRatchet":{"ephemeralKeyPair":{"pubKey":"BeoM8LPhOZzwcPECSunzFlPOBnngCKOv9J/9OQuQSihJ","privKey":"oKxkT5+MMjqB9JG2sESRLL332/p7UnpmFyLOG3JDWUE="},"lastRemoteEphemeralKey":"Bb3WoLD0N3mqBq8UJ1GdfsORlkMdv1Na4WKP+qRAchcW","previousCounter":0,"rootKey":"7PNTb/dHRi4CLWSKWrZoTHHOoDWDEex1sALwCTu4MWw="},"indexInfo":{"baseKey":"BWIH1BrquIuVVXM59JNUN2G4UZCy+7fifyT28PRQuYZX","baseKeyType":1,"closed":1680616081192,"used":1680616080846,"created":1680616080846,"remoteIdentityKey":"BXw7psVZ7a8UeqzhPiZdoRQiqqgb1Mk/R5TmNPycn8gV"},"_chains":{"BeoM8LPhOZzwcPECSunzFlPOBnngCKOv9J/9OQuQSihJ":{"chainKey":{"counter":-1,"key":"ApA8dsvssChHtVCVRPBTkyFJjhtTi4oiheRGAlXHDwE="},"chainType":1,"messageKeys":{}}},"pendingPreKey":{"signedKeyId":0,"baseKey":"BWIH1BrquIuVVXM59JNUN2G4UZCy+7fifyT28PRQuYZX","preKeyId":8781862}},"BYdli7cbvGG99nVa59gYvENFY9V98Mn25XIR95qFn/JW":{"registrationId":1682870204,"currentRatchet":{"ephemeralKeyPair":{"pubKey":"Begwveyn268SCZZFeRPZPEMD07BqWnbZ8KxikLoFDCJi","privKey":"GMFDnqzX2FU2tTfpCzlkdzcJH7u2RFsdNgywHmXzD2Y="},"lastRemoteEphemeralKey":"Bb3WoLD0N3mqBq8UJ1GdfsORlkMdv1Na4WKP+qRAchcW","previousCounter":0,"rootKey":"at0DhbahZMaDafv+BsgDXRJa1oGu/87z/G6SSU+B5N4="},"indexInfo":{"baseKey":"BYdli7cbvGG99nVa59gYvENFY9V98Mn25XIR95qFn/JW","baseKeyType":1,"closed":1680616082159,"used":1680616081190,"created":1680616081190,"remoteIdentityKey":"BXw7psVZ7a8UeqzhPiZdoRQiqqgb1Mk/R5TmNPycn8gV"},"_chains":{"Begwveyn268SCZZFeRPZPEMD07BqWnbZ8KxikLoFDCJi":{"chainKey":{"counter":-1,"key":"EsCnDxxHtetG71ZP91v6bgqCoy2IyipPvrD+xxpm/dA="},"chainType":1,"messageKeys":{}}},"pendingPreKey":{"signedKeyId":0,"baseKey":"BYdli7cbvGG99nVa59gYvENFY9V98Mn25XIR95qFn/JW","preKeyId":8781808}},"BdoZHz0+lnLIAtCmSm9hODEQiV/VsiaOnQ8ADFMqJkB2":{"registrationId":1682870204,"currentRatchet":{"ephemeralKeyPair":{"pubKey":"BR1A4TlN1XP+2L/IxZ7J9guW4plmHuYuCQxNG1JX5xp7","privKey":"AGV5g/nRsX36M9KwCzk+/Sr/MJd+bWeGToz+0dxiaUY="},"lastRemoteEphemeralKey":"Bb3WoLD0N3mqBq8UJ1GdfsORlkMdv1Na4WKP+qRAchcW","previousCounter":0,"rootKey":"GW7sMEbb6IZHlr+f4hIS7fvu0leuB23pdQCmBLq5gAM="},"indexInfo":{"baseKey":"BdoZHz0+lnLIAtCmSm9hODEQiV/VsiaOnQ8ADFMqJkB2","baseKeyType":1,"closed":1680616082458,"used":1680616082157,"created":1680616082157,"remoteIdentityKey":"BXw7psVZ7a8UeqzhPiZdoRQiqqgb1Mk/R5TmNPycn8gV"},"_chains":{"BR1A4TlN1XP+2L/IxZ7J9guW4plmHuYuCQxNG1JX5xp7":{"chainKey":{"counter":-1,"key":"dbL60oyqlYdGk7+eqEXUAycDpUgzPTT5VSi7v5ytIjc="},"chainType":1,"messageKeys":{}}},"pendingPreKey":{"signedKeyId":0,"baseKey":"BdoZHz0+lnLIAtCmSm9hODEQiV/VsiaOnQ8ADFMqJkB2","preKeyId":8781278}},"Bco3Wpn2oM/LoIbGknxaOXm1XFusHljRlDNUFMbsWk4X":{"registrationId":1682870204,"currentRatchet":{"ephemeralKeyPair":{"pubKey":"BQZH/2Qc9w+S/nmPLP78/npAWlNeRWJsjIEpZTiQVzYR","privKey":"UKv3GHxdtvJlyNcq9iI/S/9VsbzKlBm7NMBkqw9bp24="},"lastRemoteEphemeralKey":"Bb3WoLD0N3mqBq8UJ1GdfsORlkMdv1Na4WKP+qRAchcW","previousCounter":0,"rootKey":"oIxiEtzklegj/VP8vEliexj8sGC231aomiFw8VWeeZw="},"indexInfo":{"baseKey":"Bco3Wpn2oM/LoIbGknxaOXm1XFusHljRlDNUFMbsWk4X","baseKeyType":1,"closed":1680616082753,"used":1680616082456,"created":1680616082456,"remoteIdentityKey":"BXw7psVZ7a8UeqzhPiZdoRQiqqgb1Mk/R5TmNPycn8gV"},"_chains":{"BQZH/2Qc9w+S/nmPLP78/npAWlNeRWJsjIEpZTiQVzYR":{"chainKey":{"counter":-1,"key":"LQqS52th2aN+lCpjVJyTHn3yqYN03gobavEfNtqhDMg="},"chainType":1,"messageKeys":{}}},"pendingPreKey":{"signedKeyId":0,"baseKey":"Bco3Wpn2oM/LoIbGknxaOXm1XFusHljRlDNUFMbsWk4X","preKeyId":8781989}},"BZJZRG0IWaRBVrTnfqHrXE3F3Vf1XlTii3Ei0OScGJNR":{"registrationId":1682870204,"currentRatchet":{"ephemeralKeyPair":{"pubKey":"BTNtwaXGOOcHK+30Jlu9ddFxP9NPyYV2v3ZOvJsJJYMR","privKey":"GIHBvwvu7+/clQBsihCR/rDOJOf5n647FGH9EFt5d1s="},"lastRemoteEphemeralKey":"Bb3WoLD0N3mqBq8UJ1GdfsORlkMdv1Na4WKP+qRAchcW","previousCounter":0,"rootKey":"KnovE97q9eCsFuFSUkDJAIAhDU6Kc1PJNMY15h6KHcg="},"indexInfo":{"baseKey":"BZJZRG0IWaRBVrTnfqHrXE3F3Vf1XlTii3Ei0OScGJNR","baseKeyType":1,"closed":1680616083085,"used":1680616082751,"created":1680616082751,"remoteIdentityKey":"BXw7psVZ7a8UeqzhPiZdoRQiqqgb1Mk/R5TmNPycn8gV"},"_chains":{"BTNtwaXGOOcHK+30Jlu9ddFxP9NPyYV2v3ZOvJsJJYMR":{"chainKey":{"counter":-1,"key":"ga4kARIWB0gmX0oohbIqRnOoQoubQwByYLsu1Na/Ka0="},"chainType":1,"messageKeys":{}}},"pendingPreKey":{"signedKeyId":0,"baseKey":"BZJZRG0IWaRBVrTnfqHrXE3F3Vf1XlTii3Ei0OScGJNR","preKeyId":8781782}},"BYBSyQIi6+3P8xDpGbJ9UdCvyoNiQ9pIG+O13DLW5XRL":{"registrationId":1682870204,"currentRatchet":{"ephemeralKeyPair":{"pubKey":"BS+z5Y60XPb4WCA1AoGaVMKd/e/n3XeLlvR8sQ/vTUgb","privKey":"aMA18wpiMWgD/FMrz4iMODcwgceIPMiGH31eX4BvOXs="},"lastRemoteEphemeralKey":"Bb3WoLD0N3mqBq8UJ1GdfsORlkMdv1Na4WKP+qRAchcW","previousCounter":0,"rootKey":"85Jhfxiiqx76OBznZ4hRlR+b7ULbHM2lXSZ608k1imo="},"indexInfo":{"baseKey":"BYBSyQIi6+3P8xDpGbJ9UdCvyoNiQ9pIG+O13DLW5XRL","baseKeyType":1,"closed":1680616083395,"used":1680616083082,"created":1680616083082,"remoteIdentityKey":"BXw7psVZ7a8UeqzhPiZdoRQiqqgb1Mk/R5TmNPycn8gV"},"_chains":{"BS+z5Y60XPb4WCA1AoGaVMKd/e/n3XeLlvR8sQ/vTUgb":{"chainKey":{"counter":-1,"key":"OAEnxxF4j9woZ0/DBEHEtzq+AoxGRnN0fcm2aPK1vNg="},"chainType":1,"messageKeys":{}}},"pendingPreKey":{"signedKeyId":0,"baseKey":"BYBSyQIi6+3P8xDpGbJ9UdCvyoNiQ9pIG+O13DLW5XRL","preKeyId":8781852}},"BUdHxYhuYFEOwUTF/gVrqEELxFE0jSjDwu35n/pXr7Zl":{"registrationId":1682870204,"currentRatchet":{"ephemeralKeyPair":{"pubKey":"BemgQ3Sc8XhRGPd3U0+PvxF1u7ODlvMNYR6iPDHlwn17","privKey":"yEch8uHdW/bKDJpBOXf4ox6uT6hRUPmHwlDyhD8HJXo="},"lastRemoteEphemeralKey":"Bb3WoLD0N3mqBq8UJ1GdfsORlkMdv1Na4WKP+qRAchcW","previousCounter":0,"rootKey":"93Dfvd57tkPSg5Duh/yCfE/G+BPN5DZhN0Fw40tU/AI="},"indexInfo":{"baseKey":"BUdHxYhuYFEOwUTF/gVrqEELxFE0jSjDwu35n/pXr7Zl","baseKeyType":1,"closed":1680616083702,"used":1680616083393,"created":1680616083393,"remoteIdentityKey":"BXw7psVZ7a8UeqzhPiZdoRQiqqgb1Mk/R5TmNPycn8gV"},"_chains":{"BemgQ3Sc8XhRGPd3U0+PvxF1u7ODlvMNYR6iPDHlwn17":{"chainKey":{"counter":-1,"key":"frmQXZiBfzFw6n+NX7zW5jxDQAEFgsKay5f4RjtkoB4="},"chainType":1,"messageKeys":{}}},"pendingPreKey":{"signedKeyId":0,"baseKey":"BUdHxYhuYFEOwUTF/gVrqEELxFE0jSjDwu35n/pXr7Zl","preKeyId":8781761}},"Bc50cT/y3v0+03NoqEtJmest8CLrGtqGShQPSEfa+u4e":{"registrationId":1682870204,"currentRatchet":{"ephemeralKeyPair":{"pubKey":"BS1e0x41vzzJA037xbFR5alNnpOm8XVuAf/NjyjxmIkH","privKey":"6IicpyIh/y+RLO849UYWcfgD5vRki45PqGEZHki1B38="},"lastRemoteEphemeralKey":"Bb3WoLD0N3mqBq8UJ1GdfsORlkMdv1Na4WKP+qRAchcW","previousCounter":0,"rootKey":"cdUeO9V0LjR5WZGh6SuDWuEErJazHi95nMs7F2PzVVo="},"indexInfo":{"baseKey":"Bc50cT/y3v0+03NoqEtJmest8CLrGtqGShQPSEfa+u4e","baseKeyType":1,"closed":1680616084011,"used":1680616083698,"created":1680616083698,"remoteIdentityKey":"BXw7psVZ7a8UeqzhPiZdoRQiqqgb1Mk/R5TmNPycn8gV"},"_chains":{"BS1e0x41vzzJA037xbFR5alNnpOm8XVuAf/NjyjxmIkH":{"chainKey":{"counter":-1,"key":"YxTfab9W+T/zjNW0A42q/jZQlU5UnwkFV2FRMwePEcw="},"chainType":1,"messageKeys":{}}},"pendingPreKey":{"signedKeyId":0,"baseKey":"Bc50cT/y3v0+03NoqEtJmest8CLrGtqGShQPSEfa+u4e","preKeyId":8781860}},"BRXNuMJaRQKDudmeJIQOhpUaT/hp5PnUC8AvtDuLnaNG":{"registrationId":1682870204,"currentRatchet":{"ephemeralKeyPair":{"pubKey":"BbEubNhSi0tASKtECdvngEOBw8FhD0x2GeXGffWT8d82","privKey":"8Gq0NIZqkWGRLaQJrbZc486anv1WvYRQZI15NnT3TkA="},"lastRemoteEphemeralKey":"Bb3WoLD0N3mqBq8UJ1GdfsORlkMdv1Na4WKP+qRAchcW","previousCounter":0,"rootKey":"iIF51FC6B9NRb5Xdmvnk3WQDju3/Qe6SJ/NX3CY0vm0="},"indexInfo":{"baseKey":"BRXNuMJaRQKDudmeJIQOhpUaT/hp5PnUC8AvtDuLnaNG","baseKeyType":1,"closed":1680616084308,"used":1680616084009,"created":1680616084009,"remoteIdentityKey":"BXw7psVZ7a8UeqzhPiZdoRQiqqgb1Mk/R5TmNPycn8gV"},"_chains":{"BbEubNhSi0tASKtECdvngEOBw8FhD0x2GeXGffWT8d82":{"chainKey":{"counter":-1,"key":"FJdZ16zFsy/29qaj8CmL9gbxMOFRuYgxClxrhDGbAS4="},"chainType":1,"messageKeys":{}}},"pendingPreKey":{"signedKeyId":0,"baseKey":"BRXNuMJaRQKDudmeJIQOhpUaT/hp5PnUC8AvtDuLnaNG","preKeyId":8781775}},"BRT+F2c6k5YH5mg/HbENJN9G1zRa0+t3ivdoAznZUcVq":{"registrationId":1682870204,"currentRatchet":{"ephemeralKeyPair":{"pubKey":"BeKvjwWpcy2StodTOlqeWGJxlBCjfD3Ngm5gjqkbD5kS","privKey":"6BIDnCVx7XAxYsAgSsTtEcKsdOMX3LTf43t3mbGrn3A="},"lastRemoteEphemeralKey":"Bb3WoLD0N3mqBq8UJ1GdfsORlkMdv1Na4WKP+qRAchcW","previousCounter":0,"rootKey":"2PiTzinE0/w9+4p+qW+czOF6T87h/Ykd2UCiE0Ot2Cs="},"indexInfo":{"baseKey":"BRT+F2c6k5YH5mg/HbENJN9G1zRa0+t3ivdoAznZUcVq","baseKeyType":1,"closed":1680616084602,"used":1680616084306,"created":1680616084306,"remoteIdentityKey":"BXw7psVZ7a8UeqzhPiZdoRQiqqgb1Mk/R5TmNPycn8gV"},"_chains":{"BeKvjwWpcy2StodTOlqeWGJxlBCjfD3Ngm5gjqkbD5kS":{"chainKey":{"counter":-1,"key":"kDEvghOVDdWDKqwIe4ZELOLwflEnNznGJx4RFmj49Cw="},"chainType":1,"messageKeys":{}}},"pendingPreKey":{"signedKeyId":0,"baseKey":"BRT+F2c6k5YH5mg/HbENJN9G1zRa0+t3ivdoAznZUcVq","preKeyId":8781364}},"BTsW445pdkjZCWLKeFkrjIxsSondZ9dkg1/rMVP3LH9Z":{"registrationId":1682870204,"currentRatchet":{"ephemeralKeyPair":{"pubKey":"BQwHCsQtsFE5iCKrr2/+RsJZTHqK/Hm7F6VIateS56EL","privKey":"0AIhWG739l44vqc40pKAQWgxWBItzDKocFgOZZojqEU="},"lastRemoteEphemeralKey":"Bb3WoLD0N3mqBq8UJ1GdfsORlkMdv1Na4WKP+qRAchcW","previousCounter":0,"rootKey":"hwD7e3uZ8ftCl+L1uIBTcYTt1s/Kie86XFtI8VbVC6s="},"indexInfo":{"baseKey":"BTsW445pdkjZCWLKeFkrjIxsSondZ9dkg1/rMVP3LH9Z","baseKeyType":1,"closed":1680616099952,"used":1680616084600,"created":1680616084600,"remoteIdentityKey":"BXw7psVZ7a8UeqzhPiZdoRQiqqgb1Mk/R5TmNPycn8gV"},"_chains":{"BQwHCsQtsFE5iCKrr2/+RsJZTHqK/Hm7F6VIateS56EL":{"chainKey":{"counter":-1,"key":"Crjw0XJf7AmKjKlj0hnqVRO8q/fgNidtjP+xs0xG/BI="},"chainType":1,"messageKeys":{}}},"pendingPreKey":{"signedKeyId":0,"baseKey":"BTsW445pdkjZCWLKeFkrjIxsSondZ9dkg1/rMVP3LH9Z","preKeyId":8781788}},"BbYWuQidQIoxueV4omMPKq25qAgYWl2jeAESDLoGOvcP":{"registrationId":1682870204,"currentRatchet":{"ephemeralKeyPair":{"pubKey":"BRL0V9tg7rzfOliPTZkeA4+d7AOT1NfS+fPH03bcQSpU","privKey":"WBGgk9G/JHPt3qqxkRruXTJ8C2aUD8opxDNHj+OFZ1Y="},"lastRemoteEphemeralKey":"Bb3WoLD0N3mqBq8UJ1GdfsORlkMdv1Na4WKP+qRAchcW","previousCounter":0,"rootKey":"6x0AgLoLPAZo1EajzQXJI3s0cUX15CMJu2uFA+ULDh8="},"indexInfo":{"baseKey":"BbYWuQidQIoxueV4omMPKq25qAgYWl2jeAESDLoGOvcP","baseKeyType":1,"closed":1680616100259,"used":1680616099948,"created":1680616099948,"remoteIdentityKey":"BXw7psVZ7a8UeqzhPiZdoRQiqqgb1Mk/R5TmNPycn8gV"},"_chains":{"BRL0V9tg7rzfOliPTZkeA4+d7AOT1NfS+fPH03bcQSpU":{"chainKey":{"counter":-1,"key":"y2fSDfAKXwT7hWT7V0aJcIwaZHsEpkrKpblWuuikF8g="},"chainType":1,"messageKeys":{}}},"pendingPreKey":{"signedKeyId":0,"baseKey":"BbYWuQidQIoxueV4omMPKq25qAgYWl2jeAESDLoGOvcP","preKeyId":8781303}},"BYNC31TY0ZV37ZZw/0vKTgZQNH8aj7udmJaZhFnu72ds":{"registrationId":1682870204,"currentRatchet":{"ephemeralKeyPair":{"pubKey":"BX7TnVDosjNe5xACRi/R97KMtjEioW9Z6tMCEzN8L+JD","privKey":"EOEpdv2ZzqmjuLOPQWPPAv/XWi1MVwFlOdUhCRsNeEM="},"lastRemoteEphemeralKey":"Bb3WoLD0N3mqBq8UJ1GdfsORlkMdv1Na4WKP+qRAchcW","previousCounter":0,"rootKey":"ASF/76KlO5loEUEAp5n6yxzLpH8GKINFRDi+z2OyBNI="},"indexInfo":{"baseKey":"BYNC31TY0ZV37ZZw/0vKTgZQNH8aj7udmJaZhFnu72ds","baseKeyType":1,"closed":1680616100556,"used":1680616100256,"created":1680616100256,"remoteIdentityKey":"BXw7psVZ7a8UeqzhPiZdoRQiqqgb1Mk/R5TmNPycn8gV"},"_chains":{"BX7TnVDosjNe5xACRi/R97KMtjEioW9Z6tMCEzN8L+JD":{"chainKey":{"counter":-1,"key":"F/zZHX9pD1RFyQ+SGgtlZgItW4pGq81hqolbmVgN5Uk="},"chainType":1,"messageKeys":{}}},"pendingPreKey":{"signedKeyId":0,"baseKey":"BYNC31TY0ZV37ZZw/0vKTgZQNH8aj7udmJaZhFnu72ds","preKeyId":8781413}},"BdnnlwaKnrSZxoEG0ccIxlYTJ+LMWwJIMwY9PZIBrHtC":{"registrationId":1682870204,"currentRatchet":{"ephemeralKeyPair":{"pubKey":"BQ+b+P6482WNn61SV+OMQw0mDtrtRBvmbm2fWIN6E79p","privKey":"gBnfF3j1Pzx+iroLZVRrXkRj3l9ZKKL8/Gsi33Y2ZH4="},"lastRemoteEphemeralKey":"Bb3WoLD0N3mqBq8UJ1GdfsORlkMdv1Na4WKP+qRAchcW","previousCounter":0,"rootKey":"s/UFlFQWDn9skVl18TtA4jv1fDIARzc0feYUhaKMZMQ="},"indexInfo":{"baseKey":"BdnnlwaKnrSZxoEG0ccIxlYTJ+LMWwJIMwY9PZIBrHtC","baseKeyType":1,"closed":1680616100859,"used":1680616100553,"created":1680616100553,"remoteIdentityKey":"BXw7psVZ7a8UeqzhPiZdoRQiqqgb1Mk/R5TmNPycn8gV"},"_chains":{"BQ+b+P6482WNn61SV+OMQw0mDtrtRBvmbm2fWIN6E79p":{"chainKey":{"counter":-1,"key":"Cg3V1Z06sHQqrY7H4tceUCguwV99AWgqp0LSTJSi+2Q="},"chainType":1,"messageKeys":{}}},"pendingPreKey":{"signedKeyId":0,"baseKey":"BdnnlwaKnrSZxoEG0ccIxlYTJ+LMWwJIMwY9PZIBrHtC","preKeyId":8781248}},"BSH29GkPdqKQEzF+fYKjQJg05xPSsqrSvbqVlP+lMswH":{"registrationId":1682870204,"currentRatchet":{"ephemeralKeyPair":{"pubKey":"BbA3PCJWg7mTG7gntWcRXN0yVRiT5rosTDYobtGfi1ld","privKey":"cONbAcg8d791hGT0KEouusPxQMH1URxMZFU0VYoNwEs="},"lastRemoteEphemeralKey":"Bb3WoLD0N3mqBq8UJ1GdfsORlkMdv1Na4WKP+qRAchcW","previousCounter":0,"rootKey":"ikFt2lroELI8iIjr6H9nPHxzFAcW8yHOXEqr6MSGrtE="},"indexInfo":{"baseKey":"BSH29GkPdqKQEzF+fYKjQJg05xPSsqrSvbqVlP+lMswH","baseKeyType":1,"closed":1680616111021,"used":1680616100856,"created":1680616100856,"remoteIdentityKey":"BXw7psVZ7a8UeqzhPiZdoRQiqqgb1Mk/R5TmNPycn8gV"},"_chains":{"BbA3PCJWg7mTG7gntWcRXN0yVRiT5rosTDYobtGfi1ld":{"chainKey":{"counter":-1,"key":"pY8SOx7b3vrxJmvoIK+kF5QWPYuzPHxhBva/UpLJ1NI="},"chainType":1,"messageKeys":{}}},"pendingPreKey":{"signedKeyId":0,"baseKey":"BSH29GkPdqKQEzF+fYKjQJg05xPSsqrSvbqVlP+lMswH","preKeyId":8781867}},"BcYPjYvtvlxxsM586/PcHrBcUrp7ttWYVAReuBKe4REl":{"registrationId":1682870204,"currentRatchet":{"ephemeralKeyPair":{"pubKey":"BYlqaCl5VIhUOLItiaOlZcwjhqElQDqooubR5AYC4eok","privKey":"4NyeoZZdo9VF5wOYCZG39SprKfPQ8t7gkRh48+dmoHM="},"lastRemoteEphemeralKey":"Bb3WoLD0N3mqBq8UJ1GdfsORlkMdv1Na4WKP+qRAchcW","previousCounter":0,"rootKey":"dcJDH23PQcwNRgXEJKVYiHKQ3icBEMXBZTZjoCdJiAE="},"indexInfo":{"baseKey":"BcYPjYvtvlxxsM586/PcHrBcUrp7ttWYVAReuBKe4REl","baseKeyType":1,"closed":1680616111365,"used":1680616111017,"created":1680616111017,"remoteIdentityKey":"BXw7psVZ7a8UeqzhPiZdoRQiqqgb1Mk/R5TmNPycn8gV"},"_chains":{"BYlqaCl5VIhUOLItiaOlZcwjhqElQDqooubR5AYC4eok":{"chainKey":{"counter":-1,"key":"Ify2QdlR25SdcU73cHn+IBXHY9oInounO/jJ+km4Ofg="},"chainType":1,"messageKeys":{}}},"pendingPreKey":{"signedKeyId":0,"baseKey":"BcYPjYvtvlxxsM586/PcHrBcUrp7ttWYVAReuBKe4REl","preKeyId":8781212}},"Bb3d6f1yqnqGevVeegcshFZqUIPlCFpi/Ik8ztkVBMx0":{"registrationId":1682870204,"currentRatchet":{"ephemeralKeyPair":{"pubKey":"BS8Ntvena5Em+AuUAJXCoj2mw9NEWNhCEtm12KqZXDsJ","privKey":"aGlk8ZxmRq9Qh/qJ1M8h6gAD0rFlzIxwuWSTEObPp2w="},"lastRemoteEphemeralKey":"Bb3WoLD0N3mqBq8UJ1GdfsORlkMdv1Na4WKP+qRAchcW","previousCounter":0,"rootKey":"dTcaIk9pgArBvw9rt/xIfIBTD55bq3PituJ498RWOh8="},"indexInfo":{"baseKey":"Bb3d6f1yqnqGevVeegcshFZqUIPlCFpi/Ik8ztkVBMx0","baseKeyType":1,"closed":1680616111673,"used":1680616111360,"created":1680616111360,"remoteIdentityKey":"BXw7psVZ7a8UeqzhPiZdoRQiqqgb1Mk/R5TmNPycn8gV"},"_chains":{"BS8Ntvena5Em+AuUAJXCoj2mw9NEWNhCEtm12KqZXDsJ":{"chainKey":{"counter":-1,"key":"f+OPOiRAjDsNwrBfNXKjNw/KepB6z7NvOIq87Mj3NT0="},"chainType":1,"messageKeys":{}}},"pendingPreKey":{"signedKeyId":0,"baseKey":"Bb3d6f1yqnqGevVeegcshFZqUIPlCFpi/Ik8ztkVBMx0","preKeyId":8781890}},"BU9eOjOcm+vcZSSKG5QWpr6yeyJB5/RyxkT6VtcW0XFF":{"registrationId":1682870204,"currentRatchet":{"ephemeralKeyPair":{"pubKey":"BS3OiikApoTPimsPVV9rBHh3tLdzxh0Xoahhv5/n2LVD","privKey":"OI9wpbHL5JThWO3BnGJAWJSFQCWmyavLsQfJ9YBoo1s="},"lastRemoteEphemeralKey":"Bb3WoLD0N3mqBq8UJ1GdfsORlkMdv1Na4WKP+qRAchcW","previousCounter":0,"rootKey":"WhWqSmzWCiJbaHf/rU4g2bvOIzcfWZ2kzYtH/nPkmIk="},"indexInfo":{"baseKey":"BU9eOjOcm+vcZSSKG5QWpr6yeyJB5/RyxkT6VtcW0XFF","baseKeyType":1,"closed":1680616111980,"used":1680616111669,"created":1680616111669,"remoteIdentityKey":"BXw7psVZ7a8UeqzhPiZdoRQiqqgb1Mk/R5TmNPycn8gV"},"_chains":{"BS3OiikApoTPimsPVV9rBHh3tLdzxh0Xoahhv5/n2LVD":{"chainKey":{"counter":-1,"key":"zr0W72+bm6DMU0xVzhTUFfmCqn+93tpwSiAsQWyf7C8="},"chainType":1,"messageKeys":{}}},"pendingPreKey":{"signedKeyId":0,"baseKey":"BU9eOjOcm+vcZSSKG5QWpr6yeyJB5/RyxkT6VtcW0XFF","preKeyId":8781718}},"BTlbPG3lJC3WUZr3h2jV0eFguZXR0+LhaJqsgOQq9ohh":{"registrationId":1682870204,"currentRatchet":{"ephemeralKeyPair":{"pubKey":"Bbu8CC+PgmtLnXCGQHP61GPqTBnCHfbix9HeN3iDDW8G","privKey":"ePAsZCNl7wPxGk6JU5gTetaUmDyZGFDvU1gmU8WuR2A="},"lastRemoteEphemeralKey":"Bb3WoLD0N3mqBq8UJ1GdfsORlkMdv1Na4WKP+qRAchcW","previousCounter":0,"rootKey":"RZTKdg0uXQNqryS6hQvPfDuco3ILiY/x43LBbd0XaXQ="},"indexInfo":{"baseKey":"BTlbPG3lJC3WUZr3h2jV0eFguZXR0+LhaJqsgOQq9ohh","baseKeyType":1,"closed":1680616112328,"used":1680616111977,"created":1680616111977,"remoteIdentityKey":"BXw7psVZ7a8UeqzhPiZdoRQiqqgb1Mk/R5TmNPycn8gV"},"_chains":{"Bbu8CC+PgmtLnXCGQHP61GPqTBnCHfbix9HeN3iDDW8G":{"chainKey":{"counter":-1,"key":"C1KGdWoOhSNwi7QZakEOTiSMyK/g6DJB2YUAHVb4X/4="},"chainType":1,"messageKeys":{}}},"pendingPreKey":{"signedKeyId":0,"baseKey":"BTlbPG3lJC3WUZr3h2jV0eFguZXR0+LhaJqsgOQq9ohh","preKeyId":8781754}},"BTRmCoxHO6Btia8gje07NoK77IZGrd24+NamB8Abb6cK":{"registrationId":1682870204,"currentRatchet":{"ephemeralKeyPair":{"pubKey":"BSaHKquEQcIX9fBgfDs8dgMaaxZGLwo65pweKK9Xvxpd","privKey":"eMZXfqS8jGzbCXGyx/zHTQ6GIH8AMnogG0zj+Yeg22E="},"lastRemoteEphemeralKey":"Bb3WoLD0N3mqBq8UJ1GdfsORlkMdv1Na4WKP+qRAchcW","previousCounter":0,"rootKey":"nkdHNbCh582FVzq6gpo/mOQdDz0RgwGwNlS36sLDCvA="},"indexInfo":{"baseKey":"BTRmCoxHO6Btia8gje07NoK77IZGrd24+NamB8Abb6cK","baseKeyType":1,"closed":1680616121350,"used":1680616112325,"created":1680616112325,"remoteIdentityKey":"BXw7psVZ7a8UeqzhPiZdoRQiqqgb1Mk/R5TmNPycn8gV"},"_chains":{"BSaHKquEQcIX9fBgfDs8dgMaaxZGLwo65pweKK9Xvxpd":{"chainKey":{"counter":-1,"key":"gbcZEX1iFgMVtsLMstxA3e1rXDNKaDZA/ufIn9NT+6I="},"chainType":1,"messageKeys":{}}},"pendingPreKey":{"signedKeyId":0,"baseKey":"BTRmCoxHO6Btia8gje07NoK77IZGrd24+NamB8Abb6cK","preKeyId":8781695}},"BWc2Fc4pamnvU4xT+qhJ+gQ85Dlu8GWMEP/4cuhv49Iq":{"registrationId":1682870204,"currentRatchet":{"ephemeralKeyPair":{"pubKey":"BeE3WcfAJ5SdgMBlj/dJyEBc1K0mL+brKeDYdNcqEslV","privKey":"eCQsqraBVWb+rKiDV72SWd3t4IRXgd5WIUWezpEqT24="},"lastRemoteEphemeralKey":"Bb3WoLD0N3mqBq8UJ1GdfsORlkMdv1Na4WKP+qRAchcW","previousCounter":0,"rootKey":"o6hEUtBByQ7MV1zzajvuHw7WoOSXXmLifayrc9smGkM="},"indexInfo":{"baseKey":"BWc2Fc4pamnvU4xT+qhJ+gQ85Dlu8GWMEP/4cuhv49Iq","baseKeyType":1,"closed":1680616121744,"used":1680616121346,"created":1680616121346,"remoteIdentityKey":"BXw7psVZ7a8UeqzhPiZdoRQiqqgb1Mk/R5TmNPycn8gV"},"_chains":{"BeE3WcfAJ5SdgMBlj/dJyEBc1K0mL+brKeDYdNcqEslV":{"chainKey":{"counter":-1,"key":"AQ1M7jeZhKwYn6xru6byZ8YKIyKL0r0YqTWT4H3ccas="},"chainType":1,"messageKeys":{}}},"pendingPreKey":{"signedKeyId":0,"baseKey":"BWc2Fc4pamnvU4xT+qhJ+gQ85Dlu8GWMEP/4cuhv49Iq","preKeyId":8781445}},"BZT8j8TCVD1O3IJpfFkeZl0dvNrYQvxcM4itCf+DGW57":{"registrationId":1682870204,"currentRatchet":{"ephemeralKeyPair":{"pubKey":"BbOTFyD6XgglK5/3cCgsMjAzAE9ySQl9TilRCvKKGKox","privKey":"yJwD6+hU/X2JW41Wbii1A1EN0W2W544iNuc0n2uWd10="},"lastRemoteEphemeralKey":"Bb3WoLD0N3mqBq8UJ1GdfsORlkMdv1Na4WKP+qRAchcW","previousCounter":0,"rootKey":"F/7HVyVi3ars01e3+St7seVb55d6y49zQC5p1OawzNc="},"indexInfo":{"baseKey":"BZT8j8TCVD1O3IJpfFkeZl0dvNrYQvxcM4itCf+DGW57","baseKeyType":1,"closed":1680616122071,"used":1680616121739,"created":1680616121739,"remoteIdentityKey":"BXw7psVZ7a8UeqzhPiZdoRQiqqgb1Mk/R5TmNPycn8gV"},"_chains":{"BbOTFyD6XgglK5/3cCgsMjAzAE9ySQl9TilRCvKKGKox":{"chainKey":{"counter":-1,"key":"VCdayJRL53qm6rJsvxM9AiKLF5a2cU5/JwWjA/RkGVU="},"chainType":1,"messageKeys":{}}},"pendingPreKey":{"signedKeyId":0,"baseKey":"BZT8j8TCVD1O3IJpfFkeZl0dvNrYQvxcM4itCf+DGW57","preKeyId":8781224}},"BSo1whXYJW3kkp8SJIT6jbzTW63cBrbhC+uGlS6af4tl":{"registrationId":1682870204,"currentRatchet":{"ephemeralKeyPair":{"pubKey":"BUf9mqRt4zM0xVhcj7wQT8mnLsl8vVQx8FCGwao5ec4s","privKey":"6BN3gTyLt6Uaw3JbYlzp78Ljl/eEIqnWdQe0gKnLbFQ="},"lastRemoteEphemeralKey":"Bb3WoLD0N3mqBq8UJ1GdfsORlkMdv1Na4WKP+qRAchcW","previousCounter":0,"rootKey":"lxYK6QWQRYUNWTtpcRJWPLvhe73HCYxrocwdAb/nsbk="},"indexInfo":{"baseKey":"BSo1whXYJW3kkp8SJIT6jbzTW63cBrbhC+uGlS6af4tl","baseKeyType":1,"closed":1680616123447,"used":1680616122066,"created":1680616122066,"remoteIdentityKey":"BXw7psVZ7a8UeqzhPiZdoRQiqqgb1Mk/R5TmNPycn8gV"},"_chains":{"BUf9mqRt4zM0xVhcj7wQT8mnLsl8vVQx8FCGwao5ec4s":{"chainKey":{"counter":-1,"key":"er8xMo7Yr+f33tyAhpS7Gmi6qAZlOsdBozXVFdNmMaw="},"chainType":1,"messageKeys":{}}},"pendingPreKey":{"signedKeyId":0,"baseKey":"BSo1whXYJW3kkp8SJIT6jbzTW63cBrbhC+uGlS6af4tl","preKeyId":8781912}},"BQ7b9a09qSBRs6YcOabSWKIIP87yzGKAYA20/qwtcHxE":{"registrationId":1682870204,"currentRatchet":{"ephemeralKeyPair":{"pubKey":"BRU5zCXYLmwNgETtOq6/r75v06PqPADy48VEtaz9KGwk","privKey":"eLNQ+wflZFgxyO7k6Ssa/4JADFLXTWRcg6kZxmWIhmM="},"lastRemoteEphemeralKey":"Bb3WoLD0N3mqBq8UJ1GdfsORlkMdv1Na4WKP+qRAchcW","previousCounter":0,"rootKey":"UBRIgxbi8+dX7HWZ/mTIK7jIhYs1LdFOn54Q61wavao="},"indexInfo":{"baseKey":"BQ7b9a09qSBRs6YcOabSWKIIP87yzGKAYA20/qwtcHxE","baseKeyType":1,"closed":1680616151597,"used":1680616123445,"created":1680616123445,"remoteIdentityKey":"BXw7psVZ7a8UeqzhPiZdoRQiqqgb1Mk/R5TmNPycn8gV"},"_chains":{"BRU5zCXYLmwNgETtOq6/r75v06PqPADy48VEtaz9KGwk":{"chainKey":{"counter":-1,"key":"IQG3qqkvUzf5kZKwsTYI5EHGnwcvhUe89TiLJQpLqp0="},"chainType":1,"messageKeys":{}}},"pendingPreKey":{"signedKeyId":0,"baseKey":"BQ7b9a09qSBRs6YcOabSWKIIP87yzGKAYA20/qwtcHxE","preKeyId":8781330}},"BWix5OlCaBE5PB4gPVipFjprfdcEg9b+K8Kjlz8lGYFH":{"registrationId":1682870204,"currentRatchet":{"ephemeralKeyPair":{"pubKey":"BVIwYateWCKPacNPf3WQOJZC75OUr3LAGfxzXlQurX0J","privKey":"qA1brbnzlXsDLxmXjxBKmuFtEVU/djDqK8LWxY/rmk8="},"lastRemoteEphemeralKey":"Bb3WoLD0N3mqBq8UJ1GdfsORlkMdv1Na4WKP+qRAchcW","previousCounter":0,"rootKey":"Ty3ruKJr/zmFNyZKc8wiVga+5ozJtgIlYIetgFWaGOs="},"indexInfo":{"baseKey":"BWix5OlCaBE5PB4gPVipFjprfdcEg9b+K8Kjlz8lGYFH","baseKeyType":1,"closed":1680616176870,"used":1680616151592,"created":1680616151592,"remoteIdentityKey":"BXw7psVZ7a8UeqzhPiZdoRQiqqgb1Mk/R5TmNPycn8gV"},"_chains":{"BVIwYateWCKPacNPf3WQOJZC75OUr3LAGfxzXlQurX0J":{"chainKey":{"counter":-1,"key":"stNX7gLXqZFvbEDndHopxh1oOQHmA2awzYS/hpfbWA0="},"chainType":1,"messageKeys":{}}},"pendingPreKey":{"signedKeyId":0,"baseKey":"BWix5OlCaBE5PB4gPVipFjprfdcEg9b+K8Kjlz8lGYFH","preKeyId":8781780}},"BfCII4aJrvYsL686d9dZgDJA3+5qeeiXps4nWnCGPXwq":{"registrationId":1682870204,"currentRatchet":{"ephemeralKeyPair":{"pubKey":"BXfIo5ilt9UMmtnHhv/EQ87BqWY14+rMtOeroVaMpnR7","privKey":"qNpm5dsPGePuC4rP0yq3j7mexPNRA0SKeu8eQYkSdVU="},"lastRemoteEphemeralKey":"Bb3WoLD0N3mqBq8UJ1GdfsORlkMdv1Na4WKP+qRAchcW","previousCounter":0,"rootKey":"uU8b3VCj5tetmEW5iJihDny0e80h3cFRNDkXokBFZyk="},"indexInfo":{"baseKey":"BfCII4aJrvYsL686d9dZgDJA3+5qeeiXps4nWnCGPXwq","baseKeyType":1,"closed":1680616177384,"used":1680616176865,"created":1680616176865,"remoteIdentityKey":"BXw7psVZ7a8UeqzhPiZdoRQiqqgb1Mk/R5TmNPycn8gV"},"_chains":{"BXfIo5ilt9UMmtnHhv/EQ87BqWY14+rMtOeroVaMpnR7":{"chainKey":{"counter":-1,"key":"piyDM/JHY/JCZLku5vLl6h/70PvAFdvGczWCNQhsIVE="},"chainType":1,"messageKeys":{}}},"pendingPreKey":{"signedKeyId":0,"baseKey":"BfCII4aJrvYsL686d9dZgDJA3+5qeeiXps4nWnCGPXwq","preKeyId":8781667}},"Bd5j5/rioQ2HIhdCNe3eltrVoh+J3AyXUoTkFz03JBIA":{"registrationId":1682870204,"currentRatchet":{"ephemeralKeyPair":{"pubKey":"BVYfwVuUNfTf8dOvSr2UdN1k0o93vtOW+5MmB5HFoll5","privKey":"OPCSEu2KISf1kivlXCV239zaUL5zA9IKyxkUqaiboEI="},"lastRemoteEphemeralKey":"Bb3WoLD0N3mqBq8UJ1GdfsORlkMdv1Na4WKP+qRAchcW","previousCounter":0,"rootKey":"77QsQcQlmpmRkR0ppYlc3OycSd1qhxuXqnMXB8TgXjk="},"indexInfo":{"baseKey":"Bd5j5/rioQ2HIhdCNe3eltrVoh+J3AyXUoTkFz03JBIA","baseKeyType":1,"closed":1680616177698,"used":1680616177381,"created":1680616177381,"remoteIdentityKey":"BXw7psVZ7a8UeqzhPiZdoRQiqqgb1Mk/R5TmNPycn8gV"},"_chains":{"BVYfwVuUNfTf8dOvSr2UdN1k0o93vtOW+5MmB5HFoll5":{"chainKey":{"counter":-1,"key":"VPuWRRMciIrdzgoS2DGr0KYTP1qkfkLAET1cQ17FIwE="},"chainType":1,"messageKeys":{}}},"pendingPreKey":{"signedKeyId":0,"baseKey":"Bd5j5/rioQ2HIhdCNe3eltrVoh+J3AyXUoTkFz03JBIA","preKeyId":8781425}},"BdaoAi1kJ/I1tRvDmqgcqAtDTlOwT+NWl2mYbBchO0En":{"registrationId":1682870204,"currentRatchet":{"ephemeralKeyPair":{"pubKey":"Bdn1nqgz8Nc4OuK4WdzgvtVTqD4ioCKA6GZMFuKX258i","privKey":"mLZV20e0dtb2Jxllb6M6Rcy+Qts1Xw9uHKVhlWE3734="},"lastRemoteEphemeralKey":"Bb3WoLD0N3mqBq8UJ1GdfsORlkMdv1Na4WKP+qRAchcW","previousCounter":0,"rootKey":"sxJoMUyPIS9gzI8BAsttsL/IalDR1YmthY+wcsyXmNU="},"indexInfo":{"baseKey":"BdaoAi1kJ/I1tRvDmqgcqAtDTlOwT+NWl2mYbBchO0En","baseKeyType":1,"closed":1680616192263,"used":1680616177692,"created":1680616177692,"remoteIdentityKey":"BXw7psVZ7a8UeqzhPiZdoRQiqqgb1Mk/R5TmNPycn8gV"},"_chains":{"Bdn1nqgz8Nc4OuK4WdzgvtVTqD4ioCKA6GZMFuKX258i":{"chainKey":{"counter":-1,"key":"T6R+8nOsDP+46ZN1/Vwt/w8iS+zfgQlGLKgZ9rnfouY="},"chainType":1,"messageKeys":{}}},"pendingPreKey":{"signedKeyId":0,"baseKey":"BdaoAi1kJ/I1tRvDmqgcqAtDTlOwT+NWl2mYbBchO0En","preKeyId":8781716}},"BYnI2GjEVswpm9kQL2sbGGFK4iDsG+GMxdHasUzrl9ZE":{"registrationId":1682870204,"currentRatchet":{"ephemeralKeyPair":{"pubKey":"Ba6p7rHd563TsHgu8msCREYSIz/tGs1UNbCsDjmSCAtL","privKey":"yGBecEwEYn4fYHqokmQVArQxUnPINv2sa72AaouecGE="},"lastRemoteEphemeralKey":"Bb3WoLD0N3mqBq8UJ1GdfsORlkMdv1Na4WKP+qRAchcW","previousCounter":0,"rootKey":"+LGUgq3MTVHzEv8MZPHPvyqE7478dB5L6s5zveiCZKU="},"indexInfo":{"baseKey":"BYnI2GjEVswpm9kQL2sbGGFK4iDsG+GMxdHasUzrl9ZE","baseKeyType":1,"closed":1680616192595,"used":1680616192258,"created":1680616192258,"remoteIdentityKey":"BXw7psVZ7a8UeqzhPiZdoRQiqqgb1Mk/R5TmNPycn8gV"},"_chains":{"Ba6p7rHd563TsHgu8msCREYSIz/tGs1UNbCsDjmSCAtL":{"chainKey":{"counter":-1,"key":"YPnvzLbKKxqbrchBSCRRk+Pspf/IahC8EApBhdA1nYo="},"chainType":1,"messageKeys":{}}},"pendingPreKey":{"signedKeyId":0,"baseKey":"BYnI2GjEVswpm9kQL2sbGGFK4iDsG+GMxdHasUzrl9ZE","preKeyId":8781457}},"BV7j7NU8GQ3r1VhCDvERntMuEbdjqi0VAWVS4/A5FqwO":{"registrationId":1682870204,"currentRatchet":{"ephemeralKeyPair":{"pubKey":"BXg24krQ9Pt/Lktsq2DVFcLOMaxOxww//SqvuWTVoVIG","privKey":"0M/NEqx5/rWBuX/lauPD2JyQ8HKUd95jVamu8w0g6WI="},"lastRemoteEphemeralKey":"BVC9+pUUGQNq5J0o5/TT6HYv5mxtb9NTovoQsgaZYN8/","previousCounter":3,"rootKey":"iEsq6Db4qlY9Lt/w/yoZmaEM1n1LQwAp4MVtR22KUsU="},"indexInfo":{"baseKey":"BV7j7NU8GQ3r1VhCDvERntMuEbdjqi0VAWVS4/A5FqwO","baseKeyType":1,"closed":-1,"used":1680678937075,"created":1680616192590,"remoteIdentityKey":"BXw7psVZ7a8UeqzhPiZdoRQiqqgb1Mk/R5TmNPycn8gV"},"_chains":{"BYhtIFKDuN14Eqf22QuCLvN9sK0RJIm1y3mTbYMv6gp1":{"chainKey":{"counter":0},"chainType":2,"messageKeys":{}},"BaiELMBcPsVcciQZmH6yFpqH9uH8lcaSNCfrpK8u/2Ei":{"chainKey":{"counter":0},"chainType":2,"messageKeys":{}},"BVC9+pUUGQNq5J0o5/TT6HYv5mxtb9NTovoQsgaZYN8/":{"chainKey":{"counter":0,"key":"97wlHjK5YJkU/o2dtvLS++f2ELL9Wwg12AOB0FNkh28="},"chainType":2,"messageKeys":{}},"BXg24krQ9Pt/Lktsq2DVFcLOMaxOxww//SqvuWTVoVIG":{"chainKey":{"counter":6,"key":"0OEkCn3bzsRdLxIW9tE+hcaoD2UvVdI8VDPlxaxvceI="},"chainType":1,"messageKeys":{}}}}},"version":"v1"}