{"_sessions":{"BRRIsi/bRBWTF2g5j5ZjbcVDueIduO3B+tjux08mDKIB":{"registrationId":2042907909,"currentRatchet":{"ephemeralKeyPair":{"pubKey":"BQHnrcdLgDxsEPQgdvnkKzhyceSbML7Yt3inLlavtV5f","privKey":"iOE71hqI2jeGeUlUBDH5ZoIS1TiqKmD7JZMLWPW/7WU="},"lastRemoteEphemeralKey":"Bd4Kp/SxYf0LO4/oxb8DmK5E8Up0j+4pJoVVE4IdFT8k","previousCounter":0,"rootKey":"2cXL/HmXnEaCUhNkNgg7bioNisyts50CqIC/j3l4mj0="},"indexInfo":{"baseKey":"BRRIsi/bRBWTF2g5j5ZjbcVDueIduO3B+tjux08mDKIB","baseKeyType":1,"closed":-1,"used":1680603477417,"created":1680603477417,"remoteIdentityKey":"Bf2aOu1hZslHvmsudoLG1t1cbVF79HeIF3p+hGPT1bcv"},"_chains":{"BQHnrcdLgDxsEPQgdvnkKzhyceSbML7Yt3inLlavtV5f":{"chainKey":{"counter":36,"key":"m4uZr6++mKo0C/u7qai+TC23dxoYb0RkvJVcIDaBZjI="},"chainType":1,"messageKeys":{}}},"pendingPreKey":{"signedKeyId":14,"baseKey":"BRRIsi/bRBWTF2g5j5ZjbcVDueIduO3B+tjux08mDKIB"}}},"version":"v1"}