{"_sessions":{"BciAoGRia3jS9+IsNG0ZLc+szpsRgukwb9opbZ6ETutr":{"registrationId":168,"currentRatchet":{"ephemeralKeyPair":{"pubKey":"BW3WGy/3laidRhDbB2yl2TmXnb3kSuP+n6+JRL0gW9Jn","privKey":"gI53VvXV+PQDusG3M+GMfQGNERAuPIfcatcDZflKp30="},"lastRemoteEphemeralKey":"BYZPScY6W68RuLcLBWFw4DUVgxch/kBNOASC3ZnjKY0b","previousCounter":0,"rootKey":"eFq1dF2w0xl4mM5Klpgbk8pHFwB5wUt4Xxe03Xvp8Cw="},"indexInfo":{"baseKey":"BciAoGRia3jS9+IsNG0ZLc+szpsRgukwb9opbZ6ETutr","baseKeyType":1,"closed":1680611606581,"used":1680607863911,"created":1680607863911,"remoteIdentityKey":"BVhIK5yvdyzzs5Rk6tBXYcEbwumx02QHn0et6LnzP2pB"},"_chains":{"BW3WGy/3laidRhDbB2yl2TmXnb3kSuP+n6+JRL0gW9Jn":{"chainKey":{"counter":10,"key":"HfyauJjKUNz/ZUmk1W9mBZjyMfncyd/j4nOWFdrxy5U="},"chainType":1,"messageKeys":{}}},"pendingPreKey":{"signedKeyId":1,"baseKey":"BciAoGRia3jS9+IsNG0ZLc+szpsRgukwb9opbZ6ETutr"}},"BV0Js7pfkQYw8YnXSAQYDw3x0lS/TmgY0E87NiBOYj14":{"registrationId":168,"currentRatchet":{"ephemeralKeyPair":{"pubKey":"BdpXqp894bXKwFYHr0lo6/qqFGkB/9lSJ+GWn3ga2bg2","privKey":"UEotcsCjOoAIGiJqYTIc5Imoq07cpUqTWUBfo9NnTnE="},"lastRemoteEphemeralKey":"BYZPScY6W68RuLcLBWFw4DUVgxch/kBNOASC3ZnjKY0b","previousCounter":0,"rootKey":"hpOUTLsWZlVRX7ulrI+B0DjhBUPGFbeBhmXNq6eQPg4="},"indexInfo":{"baseKey":"BV0Js7pfkQYw8YnXSAQYDw3x0lS/TmgY0E87NiBOYj14","baseKeyType":1,"closed":1680664310812,"used":1680611606576,"created":1680611606576,"remoteIdentityKey":"BVhIK5yvdyzzs5Rk6tBXYcEbwumx02QHn0et6LnzP2pB"},"_chains":{"BdpXqp894bXKwFYHr0lo6/qqFGkB/9lSJ+GWn3ga2bg2":{"chainKey":{"counter":7,"key":"ouIjOaargyYl0RK6AgjtQIGMJ9sDPW/FVoeqi5Uc1mw="},"chainType":1,"messageKeys":{}}},"pendingPreKey":{"signedKeyId":1,"baseKey":"BV0Js7pfkQYw8YnXSAQYDw3x0lS/TmgY0E87NiBOYj14"}},"BXighM6Rw3XWQBrHiZ1cf8ANCosRuD19vjJMOg0usIok":{"registrationId":168,"currentRatchet":{"ephemeralKeyPair":{"pubKey":"Bd+lGmhGl+B73fQIRzkbgQet24lgH+VzNm6fV6v+pTQf","privKey":"2C3wlZplgHs5mwBOfIbwMcjbGSPkd6yWjvEmO/PfHHM="},"lastRemoteEphemeralKey":"BSQUkTDjoAg1o29xAZk/ogCog29dyaopNaW51vgyxxBn","previousCounter":18,"rootKey":"nntqUn/AzuNJI1aAh29Ng4SCpsWw/Wiy42GTu0lWSY0="},"indexInfo":{"baseKey":"BXighM6Rw3XWQBrHiZ1cf8ANCosRuD19vjJMOg0usIok","baseKeyType":1,"closed":1680681349663,"used":1680680617696,"created":1680664310806,"remoteIdentityKey":"BVhIK5yvdyzzs5Rk6tBXYcEbwumx02QHn0et6LnzP2pB"},"_chains":{"BSQUkTDjoAg1o29xAZk/ogCog29dyaopNaW51vgyxxBn":{"chainKey":{"counter":0,"key":"8vd7Ip1t6wZHW+vXi7gvdlH1iaVWEHSe/Bu8xA6FX0c="},"chainType":2,"messageKeys":{}},"Bd+lGmhGl+B73fQIRzkbgQet24lgH+VzNm6fV6v+pTQf":{"chainKey":{"counter":13,"key":"8B3L5KRwI22WkXWbK/oRpe3BXW2OmIrzB15PHxKwPWA="},"chainType":1,"messageKeys":{}}}},"BQvg6NlUN/TQK3lhZC9nc5uzLQLzm5MYevt6h2yoliVh":{"registrationId":168,"currentRatchet":{"ephemeralKeyPair":{"pubKey":"BVn3wwZ+/Vh/+e2cd+320WwGbYm+2AzlWYX/BQLfj4N9","privKey":"+DmZfEnN9chw9kyaLt7o+Q2BAU6+ssLQ5itlpgOLqGU="},"lastRemoteEphemeralKey":"BeTfgBP5nVAADTFVUX3/pEuZDwwfOKt5c17ln3u0oSlG","previousCounter":35,"rootKey":"M7gRrEUD+KedOGei5yEJK4pkGRP+v9ozjwM3nR49Ky0="},"indexInfo":{"baseKey":"BQvg6NlUN/TQK3lhZC9nc5uzLQLzm5MYevt6h2yoliVh","baseKeyType":1,"closed":-1,"used":1680685877341,"created":1680681349661,"remoteIdentityKey":"BVhIK5yvdyzzs5Rk6tBXYcEbwumx02QHn0et6LnzP2pB"},"_chains":{"BQ+985vlbH+AE3Li3aOskM9ABYj23y6i9pEmqUEMGkQx":{"chainKey":{"counter":0},"chainType":2,"messageKeys":{}},"BeTfgBP5nVAADTFVUX3/pEuZDwwfOKt5c17ln3u0oSlG":{"chainKey":{"counter":2,"key":"zaiF3DEICIi8QFY03fWhrpZZquorjsV7sa5iHcNSyh0="},"chainType":2,"messageKeys":{}},"BVn3wwZ+/Vh/+e2cd+320WwGbYm+2AzlWYX/BQLfj4N9":{"chainKey":{"counter":6,"key":"fJuCS3lsLGPZ87j8I2n/o/N1Jq95O88+3WopugRVCIY="},"chainType":1,"messageKeys":{}}}}},"version":"v1"}