{"_sessions":{"BRS/v+XLFrrl0NSE48UWUitYSb6fs85vulp/rJkpmsV4":{"registrationId":16,"currentRatchet":{"ephemeralKeyPair":{"pubKey":"BaP991uc/6/gDPczEdg/Lao+UzVO5OYJF4tw6fLLsAYf","privKey":"CJ2UgxW+eSNzeG02cEN0GqlKcv2P4oo7puIZG7Da3H0="},"lastRemoteEphemeralKey":"BYyleRi62V3WDd+2pDTh3OLUFhbFLUHqkXYjWr8fpDlK","previousCounter":0,"rootKey":"snbp2ehoSpNJgt4iZLG9ZGW/hQol4cBuyPd/Z2pTVGM="},"indexInfo":{"baseKey":"BRS/v+XLFrrl0NSE48UWUitYSb6fs85vulp/rJkpmsV4","baseKeyType":1,"closed":-1,"used":1680677414162,"created":1680677414162,"remoteIdentityKey":"BWfftnQfiqwIUht0at7beGbhNNVfH0LwBfTNQCVXiXVQ"},"_chains":{"BaP991uc/6/gDPczEdg/Lao+UzVO5OYJF4tw6fLLsAYf":{"chainKey":{"counter":2,"key":"hI7mpz7ltUtdeDUTszbWZB50dxVuxGS8q6eBWb4vq88="},"chainType":1,"messageKeys":{}}},"pendingPreKey":{"signedKeyId":1,"baseKey":"BRS/v+XLFrrl0NSE48UWUitYSb6fs85vulp/rJkpmsV4"}}},"version":"v1"}