{"_sessions":{"BSge3UCFCZSfTQbIX1LwIgZAv4D0Ctbdm9P64zC7oZoj":{"registrationId":1450064119,"currentRatchet":{"ephemeralKeyPair":{"pubKey":"BZ5Fsq06ElqSQaT4JX38aoKFZSCZmeDiLsJTgyb1uy5P","privKey":"sBhyUeSpmxQ29dtDpdHEZY6yTy5UT1ALSayiu2ByE0I="},"lastRemoteEphemeralKey":"BUPhpGx578wi+vbONSNX8dBs4nE0Y5btt9FxFsY6Tc5j","previousCounter":0,"rootKey":"2Yv3VfrLSlKm2BzIqiVlqn4aIem7EHteRCqczstGVD0="},"indexInfo":{"baseKey":"BSge3UCFCZSfTQbIX1LwIgZAv4D0Ctbdm9P64zC7oZoj","baseKeyType":1,"closed":-1,"used":1680603477629,"created":1680603477629,"remoteIdentityKey":"BbQgh+V6fgY98iultOZYAZnRp1KarAAJdGrp84hrmfMu"},"_chains":{"BZ5Fsq06ElqSQaT4JX38aoKFZSCZmeDiLsJTgyb1uy5P":{"chainKey":{"counter":36,"key":"k3ZaT+eIV6PpezGqBnS00x/cmAJ1h5DIx8UGP24ogGs="},"chainType":1,"messageKeys":{}}},"pendingPreKey":{"signedKeyId":4,"baseKey":"BSge3UCFCZSfTQbIX1LwIgZAv4D0Ctbdm9P64zC7oZoj","preKeyId":4316673}}},"version":"v1"}