{"_sessions":{"BSTJJlgZvaKfD80h9eEwfpWd5GT0aRzgJvBbWCS+XilB":{"registrationId":1375128320,"currentRatchet":{"ephemeralKeyPair":{"pubKey":"BV5hyDjjQUQD7jfkFsyHsGjFEjDXGY2EY6EDhuMnDOdh","privKey":"KAxAhjLNAstX++dnxOLDJfaNsaXWzKuvMgOHcMyHVVg="},"lastRemoteEphemeralKey":"Bb1+mJ7kVT+XcVtI7njQ2jyG8QlwsNTBQV0oNz3UwcxZ","previousCounter":0,"rootKey":"clwLA1aVw7cR6Rdhxtb+Z/cKV/J0RkTHa6dVa8mYt/U="},"indexInfo":{"baseKey":"BSTJJlgZvaKfD80h9eEwfpWd5GT0aRzgJvBbWCS+XilB","baseKeyType":1,"closed":-1,"used":1680607864220,"created":1680607864220,"remoteIdentityKey":"BbHnxe7Er0V24Kh9JBCfG2ntCyx7NZx+LMavynhVCmsC"},"_chains":{"BV5hyDjjQUQD7jfkFsyHsGjFEjDXGY2EY6EDhuMnDOdh":{"chainKey":{"counter":101,"key":"zCpjZ4zWCnyGB1oxq2cGU3KloAGL/CNkiiKQdFAtmHQ="},"chainType":1,"messageKeys":{}}},"pendingPreKey":{"signedKeyId":2,"baseKey":"BSTJJlgZvaKfD80h9eEwfpWd5GT0aRzgJvBbWCS+XilB","preKeyId":12181278}}},"version":"v1"}