{"_sessions":{"BXRdTgmRbCQpJ0tUW8+aXb7WN/hEz3nmWuKr10cP7p4A":{"registrationId":3044,"currentRatchet":{"ephemeralKeyPair":{"pubKey":"BVamO5xRf4GTPaiE+ryYNP3BDCyLqacQN2muGspfDNMq","privKey":"gNHppvZtfnStBvpnztnvyINVhP2E8Z532gFRaNPngn8="},"lastRemoteEphemeralKey":"BY9DobNCcZnQGQVTfrwoF0ElNyIrJAo92d7eF/EF+K44","previousCounter":0,"rootKey":"iEp9IyA4qcudhNVQCW/HfTjKao3q4mBF08nSRJMEUHE="},"indexInfo":{"baseKey":"BXRdTgmRbCQpJ0tUW8+aXb7WN/hEz3nmWuKr10cP7p4A","baseKeyType":1,"closed":1680606662771,"used":1680606655792,"created":1680606655792,"remoteIdentityKey":"BfCIEX9xIYqunwHGu4wduGsVhlLJpTs2lvHDJzgKJ4F8"},"_chains":{"BVamO5xRf4GTPaiE+ryYNP3BDCyLqacQN2muGspfDNMq":{"chainKey":{"counter":0,"key":"ju+e6y+OmAhlGn6Hd+0MLCU9ZDI2MSlhkyT+85GY3Cw="},"chainType":1,"messageKeys":{}}},"pendingPreKey":{"signedKeyId":1,"baseKey":"BXRdTgmRbCQpJ0tUW8+aXb7WN/hEz3nmWuKr10cP7p4A"}},"BQsJLahf2fry6TlRpJmZEPPItnRFfpT5nexsxABuKLE1":{"registrationId":3044,"currentRatchet":{"ephemeralKeyPair":{"pubKey":"BX5DGnM6AtmgdiYZy5RfX+RkaZsJcx1N08rmsfo1wF5i","privKey":"8FfsAIpGq9AOj98iirtpTgVlGKlg+SedUSvQBPmpyk4="},"lastRemoteEphemeralKey":"BY9DobNCcZnQGQVTfrwoF0ElNyIrJAo92d7eF/EF+K44","previousCounter":0,"rootKey":"6srQL5QbPMrSaRAlBKeY/tUNcmZQiSmT7zSXDEgR52s="},"indexInfo":{"baseKey":"BQsJLahf2fry6TlRpJmZEPPItnRFfpT5nexsxABuKLE1","baseKeyType":1,"closed":-1,"used":1680606661736,"created":1680606661736,"remoteIdentityKey":"BfCIEX9xIYqunwHGu4wduGsVhlLJpTs2lvHDJzgKJ4F8"},"_chains":{"BX5DGnM6AtmgdiYZy5RfX+RkaZsJcx1N08rmsfo1wF5i":{"chainKey":{"counter":30,"key":"sfmf2x6LYU2PIpo/phHf5mPsLjaBRAvtHsorxVImAdw="},"chainType":1,"messageKeys":{}}},"pendingPreKey":{"signedKeyId":1,"baseKey":"BQsJLahf2fry6TlRpJmZEPPItnRFfpT5nexsxABuKLE1"}}},"version":"v1"}