{"_sessions":{"BfQnwnrOYODmjvYUVgxtJGIE4AFaqnZSUcW8pSrXW9Zk":{"registrationId":200144608,"currentRatchet":{"ephemeralKeyPair":{"pubKey":"BVaa9y7Q3q+gPgMQtFFCe2mFeFfG41SxHpjQyPJMOvx4","privKey":"kNF/1Jordv2NsAqvnYP1Iz/iiEfan6GyRV+dWdcP4Hg="},"lastRemoteEphemeralKey":"Bbi+1286obA8lOEKwRfTKyPR38YN0Mkt+c/8Fpe70jMH","previousCounter":20,"rootKey":"btENgkvxh2iOsv8qfEgIq99sCNEk3yAbQ98wJDGtwmk="},"indexInfo":{"baseKey":"BfQnwnrOYODmjvYUVgxtJGIE4AFaqnZSUcW8pSrXW9Zk","baseKeyType":1,"closed":-1,"used":1680650943778,"created":1680603477285,"remoteIdentityKey":"BV22TO+ETFRu/cHm97Gc9hVi/aMAY7SgJlTZHb6djncu"},"_chains":{"Bbi+1286obA8lOEKwRfTKyPR38YN0Mkt+c/8Fpe70jMH":{"chainKey":{"counter":0,"key":"me9iIR2zmirr3fHwheGcRJ4n/CRQaQzy/nwBQ7vaDb4="},"chainType":2,"messageKeys":{}},"BVaa9y7Q3q+gPgMQtFFCe2mFeFfG41SxHpjQyPJMOvx4":{"chainKey":{"counter":15,"key":"2OfpA+yC8Ib7yTEhZnc5frZCXCzmK/JxV0Fh1/sNEzE="},"chainType":1,"messageKeys":{}}}}},"version":"v1"}