{"_sessions":{"BXrL+QnZUXZ82K4iCwikoPcZyHsFc52QnqJMudc1KNwh":{"registrationId":1307033623,"currentRatchet":{"ephemeralKeyPair":{"pubKey":"BYlb2VI+UKpJDTCqOuaIcz6iJ2k+79qG/GLB6EWPObkp","privKey":"MBb+VSniJFmfylq19787tCQx0uMPS/1vtI9+6vAg0W8="},"lastRemoteEphemeralKey":"BVjozdjLFuUhHxTW8MPSiimAE7hz5NpjotSTzyT9904G","previousCounter":0,"rootKey":"XGWHf1ygxTQJNEP14Aw6FIRkW14Z6+vYba5pUZT4QE0="},"indexInfo":{"baseKey":"BXrL+QnZUXZ82K4iCwikoPcZyHsFc52QnqJMudc1KNwh","baseKeyType":1,"closed":1680606662772,"used":1680606656016,"created":1680606656016,"remoteIdentityKey":"BdvXNRHoLwcO4XMlB9bbOSJpvbWsUdIUwRzZsMlHlJxH"},"_chains":{"BYlb2VI+UKpJDTCqOuaIcz6iJ2k+79qG/GLB6EWPObkp":{"chainKey":{"counter":0,"key":"JsKJyVeGcTHxCQLFiOP7B6ssvvn4PI2bapjGJpEzk7c="},"chainType":1,"messageKeys":{}}},"pendingPreKey":{"signedKeyId":4,"baseKey":"BXrL+QnZUXZ82K4iCwikoPcZyHsFc52QnqJMudc1KNwh","preKeyId":12425543}},"BUkDDy3kQFTty1SQDSMZRMU4LepSMAtnnYv9E0PksV1s":{"registrationId":1307033623,"currentRatchet":{"ephemeralKeyPair":{"pubKey":"BTbljXajTEqaJsvpEdl4IaeyttRvLfzD8h9Vz53zBVNt","privKey":"aOukSrByz+3KmwzV0X7fYGYoaFm4j7ZEWGTPXl3t1H4="},"lastRemoteEphemeralKey":"BVjozdjLFuUhHxTW8MPSiimAE7hz5NpjotSTzyT9904G","previousCounter":0,"rootKey":"ja/c+Zuhm+/yvYvw0nJ6JR0AgEUa0asLily4REndWA4="},"indexInfo":{"baseKey":"BUkDDy3kQFTty1SQDSMZRMU4LepSMAtnnYv9E0PksV1s","baseKeyType":1,"closed":-1,"used":1680606662050,"created":1680606662050,"remoteIdentityKey":"BdvXNRHoLwcO4XMlB9bbOSJpvbWsUdIUwRzZsMlHlJxH"},"_chains":{"BTbljXajTEqaJsvpEdl4IaeyttRvLfzD8h9Vz53zBVNt":{"chainKey":{"counter":30,"key":"vkFtpng34kp/OphqIbFNaLi3ZxJYHUPn1vWHEEUQbOs="},"chainType":1,"messageKeys":{}}},"pendingPreKey":{"signedKeyId":4,"baseKey":"BUkDDy3kQFTty1SQDSMZRMU4LepSMAtnnYv9E0PksV1s","preKeyId":12426116}}},"version":"v1"}