{"_sessions":{"BVTgnCWRjzN5YWyc9MNg0JDuckjm0T57R4PyifEhOScP":{"registrationId":59484983,"currentRatchet":{"ephemeralKeyPair":{"pubKey":"BVclodeEDet0E22afB03q3/BEmekgaKSVmZWA4y62et/","privKey":"MKNn5U/tRl2typgzXqC4NxKff7bt6JJZc7wy/Oi2aWY="},"lastRemoteEphemeralKey":"BQyfG+Zn0vTROPuvmoG82BcLv8w8CIQl3F3V9QXjWxN7","previousCounter":0,"rootKey":"3+0aTDgwBGnD/rfvQI7X7h7u8e/A0zjNSjM/fUtCoII="},"indexInfo":{"baseKey":"BVTgnCWRjzN5YWyc9MNg0JDuckjm0T57R4PyifEhOScP","baseKeyType":1,"closed":-1,"used":1680607863924,"created":1680607863924,"remoteIdentityKey":"Bc+Aqan/OvokKX+4nYssMrGIZAaf1Ph7ZjS7ibC/FKJY"},"_chains":{"BVclodeEDet0E22afB03q3/BEmekgaKSVmZWA4y62et/":{"chainKey":{"counter":101,"key":"FV4bDSp1guS7EZnsFM6bZoyiI6VTFdbJPEK14hwknKM="},"chainType":1,"messageKeys":{}}},"pendingPreKey":{"signedKeyId":4,"baseKey":"BVTgnCWRjzN5YWyc9MNg0JDuckjm0T57R4PyifEhOScP"}}},"version":"v1"}