{"_sessions":{"Be3LOF2jVQMS7fS7orDLFETsqYWWolWCZGSkIIo4ZlMK":{"registrationId":1713093028,"currentRatchet":{"ephemeralKeyPair":{"pubKey":"BU4pY5GZi4+jLp72C/mEg87le7RL7Jy+kJ/bKxiDmU4/","privKey":"KDDCKDDdcXkP7P/UqwzngmH8S7tAKC9PyAB+LW6iAnQ="},"lastRemoteEphemeralKey":"BfHkOMNqhzhshL2zGZJXsJVM7G6z1T01HzaFg7oDH3cb","previousCounter":0,"rootKey":"Ku33kSz4oqOyooOVtsx4pqiDFUqfTj4dPXC3Nz2B0SY="},"indexInfo":{"baseKey":"Be3LOF2jVQMS7fS7orDLFETsqYWWolWCZGSkIIo4ZlMK","baseKeyType":1,"closed":-1,"used":1680668329667,"created":1680668296879,"remoteIdentityKey":"BbekkaPGhfvXgbCIjVuuneZ2Xg41V993hmgDtWgGPytX"},"_chains":{"BfHkOMNqhzhshL2zGZJXsJVM7G6z1T01HzaFg7oDH3cb":{"chainKey":{"counter":0,"key":"EwuA6BiiOrPEob8l/rrPy9taVNej+zvaEBxAiAk6nQ0="},"chainType":2,"messageKeys":{}},"BU4pY5GZi4+jLp72C/mEg87le7RL7Jy+kJ/bKxiDmU4/":{"chainKey":{"counter":2,"key":"Pxb9dmJjQ8fohBPJTKfIcl5S4WrAYdF/MopWzIQfckc="},"chainType":1,"messageKeys":{}}}}},"version":"v1"}