{"_sessions":{"BWudUhGqf+M9d5eFK4oshMPPy4MsMdWXAQa5vthyg9AB":{"registrationId":104835191,"currentRatchet":{"ephemeralKeyPair":{"pubKey":"BccAo/ptt/3tdT6cXe4e6TonH1LN9G0nq+z9wPtcM+BS","privKey":"eAWc4aRSmk8N4sSspe88HiaJJIsr0adVm0hEMdse82Y="},"lastRemoteEphemeralKey":"BeTPtJt6wkoYVGGyWKdZpeyXdfm8SOZo1+V6iS2VXYEd","previousCounter":0,"rootKey":"0KZWP9qQBRn2AcY+bhn8CNev+ZJkaA2h624zz7EE83U="},"indexInfo":{"baseKey":"BWudUhGqf+M9d5eFK4oshMPPy4MsMdWXAQa5vthyg9AB","baseKeyType":1,"closed":1680606662773,"used":1680606656127,"created":1680606656127,"remoteIdentityKey":"BdFfV85LuGQI/4KwJ21KuWYdgNKMS4rT4Bt4vHWd3up2"},"_chains":{"BccAo/ptt/3tdT6cXe4e6TonH1LN9G0nq+z9wPtcM+BS":{"chainKey":{"counter":0,"key":"Xck+oNngEcovRz6QSCb3YTe6oCLJQmhkBoqexO6qJvk="},"chainType":1,"messageKeys":{}}},"pendingPreKey":{"signedKeyId":4,"baseKey":"BWudUhGqf+M9d5eFK4oshMPPy4MsMdWXAQa5vthyg9AB","preKeyId":2449411}},"BelRobbadut0sZy7Y1w2kbPcYCA0PvHj2p2Om7coxm8N":{"registrationId":104835191,"currentRatchet":{"ephemeralKeyPair":{"pubKey":"BfXIVR+Uplyq6C16OMZ/6YHud1pviphyyoZklx26XrgI","privKey":"wGmk9+OAeJ0zOZtg69xWBwfsrU/Ze6YRYE0QBUJeOFg="},"lastRemoteEphemeralKey":"BeTPtJt6wkoYVGGyWKdZpeyXdfm8SOZo1+V6iS2VXYEd","previousCounter":0,"rootKey":"g6bJlvhXiqkfu5NY5OL7gsGlnS5MKX5iKMemtNjsY2M="},"indexInfo":{"baseKey":"BelRobbadut0sZy7Y1w2kbPcYCA0PvHj2p2Om7coxm8N","baseKeyType":1,"closed":-1,"used":1680606662172,"created":1680606662172,"remoteIdentityKey":"BdFfV85LuGQI/4KwJ21KuWYdgNKMS4rT4Bt4vHWd3up2"},"_chains":{"BfXIVR+Uplyq6C16OMZ/6YHud1pviphyyoZklx26XrgI":{"chainKey":{"counter":30,"key":"zj2Z/gC8vFZbgcZZUJNt5+MPJJNQ2SH+Ori275S5MdA="},"chainType":1,"messageKeys":{}}},"pendingPreKey":{"signedKeyId":4,"baseKey":"BelRobbadut0sZy7Y1w2kbPcYCA0PvHj2p2Om7coxm8N","preKeyId":2449280}}},"version":"v1"}