{"_sessions":{"BShXa0gz8ZwbWeQyL6e74JANxHaFdjcql6MKVQeCELMR":{"registrationId":570484997,"currentRatchet":{"ephemeralKeyPair":{"pubKey":"BbfhPbso34qcri4RXqcR9enFHOmg0j4t4Jv69iwiwmkU","privKey":"6M+DV+rOodatg7OulBBx9WZWwxz2MV3U1ULEpAuqvkk="},"lastRemoteEphemeralKey":"BYEkdEcVFDA4e3AiIJmcT7OydEiFM1K2qw4ZL7amh49e","previousCounter":0,"rootKey":"5mohDS7vmnAAdKGL2rxOvgWuLbpkiER3k6oLZVm+v48="},"indexInfo":{"baseKey":"BShXa0gz8ZwbWeQyL6e74JANxHaFdjcql6MKVQeCELMR","baseKeyType":1,"closed":1680606662776,"used":1680606656605,"created":1680606656605,"remoteIdentityKey":"BQN/mkYb+zwWlixspIrqkkesAUVnvJS3/aX9iHc6NNMG"},"_chains":{"BbfhPbso34qcri4RXqcR9enFHOmg0j4t4Jv69iwiwmkU":{"chainKey":{"counter":0,"key":"LXDxHmOlcmHRupSKnA5Rt6vgUDjtBbdjHBAaH33ad0w="},"chainType":1,"messageKeys":{}}},"pendingPreKey":{"signedKeyId":1,"baseKey":"BShXa0gz8ZwbWeQyL6e74JANxHaFdjcql6MKVQeCELMR"}},"BXH1p6q5nbbWBM4Je0ovaQDSPn02wxId4GQQ4QeBJUwx":{"registrationId":570484997,"currentRatchet":{"ephemeralKeyPair":{"pubKey":"BdmgpeYcE0eVmZhScZsiZ4mqObqo9LFe0cOlj6Dkia96","privKey":"SLEDXaDIArC9cknDi6MgMvV4eySHH+p1AsnyflM+m1E="},"lastRemoteEphemeralKey":"BYEkdEcVFDA4e3AiIJmcT7OydEiFM1K2qw4ZL7amh49e","previousCounter":0,"rootKey":"Hp4+jTqZl3/VQAQlIr7T/Pt9g5yM5CDTaE1k5KkZA2I="},"indexInfo":{"baseKey":"BXH1p6q5nbbWBM4Je0ovaQDSPn02wxId4GQQ4QeBJUwx","baseKeyType":1,"closed":-1,"used":1680606662627,"created":1680606662627,"remoteIdentityKey":"BQN/mkYb+zwWlixspIrqkkesAUVnvJS3/aX9iHc6NNMG"},"_chains":{"BdmgpeYcE0eVmZhScZsiZ4mqObqo9LFe0cOlj6Dkia96":{"chainKey":{"counter":30,"key":"dmDzMjVng7jVk7bStl8eJccIL9wBIOE2OVXp8pBH/Lw="},"chainType":1,"messageKeys":{}}},"pendingPreKey":{"signedKeyId":1,"baseKey":"BXH1p6q5nbbWBM4Je0ovaQDSPn02wxId4GQQ4QeBJUwx"}}},"version":"v1"}