{"_sessions":{"BcfBV1jFwkYbZo0Cgqwa5v/NDjtvCoAA+577+fma7x1f":{"registrationId":181,"currentRatchet":{"ephemeralKeyPair":{"pubKey":"Bc4xwzXnkdIXnKkjBWotsZTGrwljPK5BgUCou3kfe1E6","privKey":"AFm4HHFPzzRz0iYoTP/yg04VSV3rTapyODoSD5e622g="},"lastRemoteEphemeralKey":"BRJhl8OciJA+FFL45wYzggRgrU+3vEknWq3K+RVoXtF9","previousCounter":0,"rootKey":"swOHVpyufK4t7HyHqD6dGwDi7RpkWucNeKfKksyOcMc="},"indexInfo":{"baseKey":"BcfBV1jFwkYbZo0Cgqwa5v/NDjtvCoAA+577+fma7x1f","baseKeyType":1,"closed":-1,"used":1680603476958,"created":1680603476958,"remoteIdentityKey":"BZ7hWu+XQPINFBGW2Xx2gqvQXupzS1RFr/hW3N6/IT1d"},"_chains":{"Bc4xwzXnkdIXnKkjBWotsZTGrwljPK5BgUCou3kfe1E6":{"chainKey":{"counter":36,"key":"D8UR2OWFN2rWPVPmiczVgpw4DCbpxGv5Sv4zXA4hB8A="},"chainType":1,"messageKeys":{}}},"pendingPreKey":{"signedKeyId":1,"baseKey":"BcfBV1jFwkYbZo0Cgqwa5v/NDjtvCoAA+577+fma7x1f"}}},"version":"v1"}