{"_sessions":{"BYSUEW9/kLedYWL90muajnwLZSXGmMr9Ipg0zay7OPsL":{"registrationId":210384035,"currentRatchet":{"ephemeralKeyPair":{"pubKey":"BTepvvrWa6YK9ozZb/eWxB6baSCQ2hqeSzy2S3iqdNxE","privKey":"yHSVtiL40WxVgIH6Idfems102uAtKI2moTAqGI68ZV4="},"lastRemoteEphemeralKey":"BVFY20A8kamryhWlFZPi9vAXxP5yjPfNenKlCOLu3E0B","previousCounter":0,"rootKey":"p5Lk7nGArmBE53mERc/U9lexkwMDHXvChlopkqaOt6E="},"indexInfo":{"baseKey":"BYSUEW9/kLedYWL90muajnwLZSXGmMr9Ipg0zay7OPsL","baseKeyType":1,"closed":-1,"used":1680607864633,"created":1680607864633,"remoteIdentityKey":"BRya+KIJuAKMtfxWnEAfxEZk9WhWsu8+coW9mX3sICsZ"},"_chains":{"BTepvvrWa6YK9ozZb/eWxB6baSCQ2hqeSzy2S3iqdNxE":{"chainKey":{"counter":101,"key":"nPK0Giz9wP3lg5KBL+W9FkJ55pyV5GwQC62OhnH7BcU="},"chainType":1,"messageKeys":{}}},"pendingPreKey":{"signedKeyId":4,"baseKey":"BYSUEW9/kLedYWL90muajnwLZSXGmMr9Ipg0zay7OPsL","preKeyId":7502414}}},"version":"v1"}