{"_sessions":{"Bcpl9xiJlL9dvt3OafKqkGcgtoc9cXz7dxa3QmJt3Rwh":{"registrationId":2127359257,"currentRatchet":{"ephemeralKeyPair":{"pubKey":"Bc4BJLngJeJufS7xBeZq2XUxylBQoFEbSYOiHcoCUYhC","privKey":"mBvvySo5F3gbh0rxIacia4hEruQpWb+T8RvyU0Roi0o="},"lastRemoteEphemeralKey":"BfM5eQIYs4KwSgrYT2fMr5aVWHKK7MLdSv/9MyWngqoT","previousCounter":0,"rootKey":"qxzBxG23+Mmhf2yZLpU7I2REf0w94aVZS5/+0YtPq30="},"indexInfo":{"baseKey":"Bcpl9xiJlL9dvt3OafKqkGcgtoc9cXz7dxa3QmJt3Rwh","baseKeyType":1,"closed":1680606662772,"used":1680606656050,"created":1680606656050,"remoteIdentityKey":"BYH+GepGc2Lwli+vPL97/3tr+dnTvJubvO44simM3oEO"},"_chains":{"Bc4BJLngJeJufS7xBeZq2XUxylBQoFEbSYOiHcoCUYhC":{"chainKey":{"counter":0,"key":"fJFeJ6gvuHCyFTMlkmjhCr6hO8i49XgBH9E5GRM/+T4="},"chainType":1,"messageKeys":{}}},"pendingPreKey":{"signedKeyId":0,"baseKey":"Bcpl9xiJlL9dvt3OafKqkGcgtoc9cXz7dxa3QmJt3Rwh"}},"BeLec/qrFMVZh/+eZKkaQou9vDreVqRzLCaoLXCnhN80":{"registrationId":2127359257,"currentRatchet":{"ephemeralKeyPair":{"pubKey":"BVz1+qXGGqktBoxqgDmjLR+xA/tMgTqogh+sxvFGGPh3","privKey":"GPvMRuXXWv+eM8MVcNZSgDZCFCllLx4ipbV0hsJm+H8="},"lastRemoteEphemeralKey":"BfM5eQIYs4KwSgrYT2fMr5aVWHKK7MLdSv/9MyWngqoT","previousCounter":0,"rootKey":"QWA+Uc/QiGOu11dKZv2QIV6Qhc4dYswQO6yM/02B4rM="},"indexInfo":{"baseKey":"BeLec/qrFMVZh/+eZKkaQou9vDreVqRzLCaoLXCnhN80","baseKeyType":1,"closed":-1,"used":1680606662085,"created":1680606662085,"remoteIdentityKey":"BYH+GepGc2Lwli+vPL97/3tr+dnTvJubvO44simM3oEO"},"_chains":{"BVz1+qXGGqktBoxqgDmjLR+xA/tMgTqogh+sxvFGGPh3":{"chainKey":{"counter":30,"key":"iv61h80tJ1TUvrVWN+daQIxL8DOAeeklYPp0U3BjROo="},"chainType":1,"messageKeys":{}}},"pendingPreKey":{"signedKeyId":0,"baseKey":"BeLec/qrFMVZh/+eZKkaQou9vDreVqRzLCaoLXCnhN80"}}},"version":"v1"}