{"_sessions":{"BdB53i+NQYKNjrLm/YVdbBR2qUkx/0+gUfb56DLnzggv":{"registrationId":423306490,"currentRatchet":{"ephemeralKeyPair":{"pubKey":"BQimjBPqJG5rVDJ1Hri1y7WL6XYaQAACUhsNle1xQJhV","privKey":"2FtSQ4dFaIz4SUFdAC8kDN+mpSDPUxICC6iggJpyHEI="},"lastRemoteEphemeralKey":"BV0ylJz4wM6DiAz9ns8gca2B2ZAEya3nk8bjiMFWmaUd","previousCounter":0,"rootKey":"2oaz9N4U8z7IiWh5SQEuEwLDPEZdK1hQ7gumOmo5oWQ="},"indexInfo":{"baseKey":"BdB53i+NQYKNjrLm/YVdbBR2qUkx/0+gUfb56DLnzggv","baseKeyType":1,"closed":-1,"used":1680677414388,"created":1680677414388,"remoteIdentityKey":"BWC+/QdCHwivfYc5mBntVWHrY/DqMzPyrdsiQ3+DA/wk"},"_chains":{"BQimjBPqJG5rVDJ1Hri1y7WL6XYaQAACUhsNle1xQJhV":{"chainKey":{"counter":2,"key":"+bIgNxef4R8fdHHlXMMiDTafu/M+xmuWMRGznb2yOMU="},"chainType":1,"messageKeys":{}}},"pendingPreKey":{"signedKeyId":4,"baseKey":"BdB53i+NQYKNjrLm/YVdbBR2qUkx/0+gUfb56DLnzggv","preKeyId":11580351}}},"version":"v1"}