{"_sessions":{"BU7Md/JTAm01InAKt1n4Hho+CWH1OKS+TPK6G5cmLztD":{"registrationId":1986506105,"currentRatchet":{"ephemeralKeyPair":{"pubKey":"Bfs9RVgUNQ7FL+vsJhb8PdX3uaGvmoZouPoaNHVQVF88","privKey":"iAP63drR/SY6vUfsLvLYjr/7oEK7RPkHk/APhpzkp0E="},"lastRemoteEphemeralKey":"BYJnC0iGu28Up07BgAuvcn/+U7r6/m3UivAD74a7FT1Z","previousCounter":7,"rootKey":"xJ49bcijQz8TBA6XTXwcNYSvx28MK3Rh7RDJWBc8+yQ="},"indexInfo":{"baseKey":"BU7Md/JTAm01InAKt1n4Hho+CWH1OKS+TPK6G5cmLztD","baseKeyType":1,"closed":-1,"used":1680688500227,"created":1680603477458,"remoteIdentityKey":"Bd3M+LxEX9uWHemwGqzqU/UXirMeUjr0c9/XVVGzhZpf"},"_chains":{"BQErbvggpXwP9UL55NLQBgnzOEvVGltoM6vXQ/Z5nk4+":{"chainKey":{"counter":0},"chainType":2,"messageKeys":{}},"BbwwJAMaRsvwYJtJJqJEz3/AcSR30bTYAK0Vsj3XgS4J":{"chainKey":{"counter":0},"chainType":2,"messageKeys":{}},"BdHzNAfpmZMdYZcWNe+yO3txcpQ8EPsKm1lhV/A+Hmxe":{"chainKey":{"counter":0},"chainType":2,"messageKeys":{}},"BVMZxpURhnBQ3EB28NpXovdKy+Ul2iEcH6mKn0x12lY0":{"chainKey":{"counter":0},"chainType":2,"messageKeys":{}},"BVvzmyDC9vDqy5kRnNmG7iOpPnHGj63emE7U6rNFQiZX":{"chainKey":{"counter":0},"chainType":2,"messageKeys":{}},"BYJnC0iGu28Up07BgAuvcn/+U7r6/m3UivAD74a7FT1Z":{"chainKey":{"counter":0,"key":"KYZe5+261pp3fnC4q4EAp58oRPNbaVYVPSqj29vlxuI="},"chainType":2,"messageKeys":{}},"Bfs9RVgUNQ7FL+vsJhb8PdX3uaGvmoZouPoaNHVQVF88":{"chainKey":{"counter":-1,"key":"y/++4Sl0ISMqtRUnMxoqQxMQ0ZYTU+uiKPqw19JbJ3Y="},"chainType":1,"messageKeys":{}}}}},"version":"v1"}