{"_sessions":{"BfGZDYFiItNkoL8cWFebcawRruNARHvfoysQ3X2rJV9b":{"registrationId":6997,"currentRatchet":{"ephemeralKeyPair":{"pubKey":"Bf8ObGG0d6vFl07CZsi7b9Gjp37vGb4VomDfQNn8gFEB","privKey":"SFfpHnxHDUGAETFnDQ8ttc4dijSEZuAPNG1f69kN43A="},"lastRemoteEphemeralKey":"BZ+MJz5Nv1aHkobQOsCFYZExloJgkz+cfmVvnslO5I8s","previousCounter":0,"rootKey":"nC3K0yhUhG0dczgmTo+dfflX/u6HfuJ+Wp8x57Jo0vM="},"indexInfo":{"baseKey":"BfGZDYFiItNkoL8cWFebcawRruNARHvfoysQ3X2rJV9b","baseKeyType":1,"closed":-1,"used":1680677414307,"created":1680677414307,"remoteIdentityKey":"BaG5jPSlaS1qkguKx8AwdyTCBw6p1/aVP6w+361yCAdg"},"_chains":{"Bf8ObGG0d6vFl07CZsi7b9Gjp37vGb4VomDfQNn8gFEB":{"chainKey":{"counter":2,"key":"N8QpfO4OUw2xtl6oz2wk7Tu1reGtLihTMKUS2H4jnM8="},"chainType":1,"messageKeys":{}}},"pendingPreKey":{"signedKeyId":1,"baseKey":"BfGZDYFiItNkoL8cWFebcawRruNARHvfoysQ3X2rJV9b","preKeyId":502}}},"version":"v1"}