{"_sessions":{"BeNNHUQETf8FqEgao5OWGX/17n7ssqCibKgGGY47IO49":{"registrationId":1274872507,"currentRatchet":{"ephemeralKeyPair":{"pubKey":"BS2ESxkHbOmvbQmsz+JsfYELLoQS+uVIEcmL6PNTmVFg","privKey":"sADai+5aClP6LaYNyAeb8B9qL75DKU4t5BK5sIRmrWw="},"lastRemoteEphemeralKey":"BZM53UWhVW3+WxiX5hIdl/DyrCKGfVg1x6Wy9WFy95dk","previousCounter":15,"rootKey":"we1etfhwi0PZuUtF0vXv+TKr9+Z4NQgACyAYGBct01w="},"indexInfo":{"baseKey":"BeNNHUQETf8FqEgao5OWGX/17n7ssqCibKgGGY47IO49","baseKeyType":1,"closed":-1,"used":1680627482635,"created":1680607864205,"remoteIdentityKey":"BVmHwiMoARwVyOAxa6BTeI7UMHO2j09wF69BA+nWKsVn"},"_chains":{"BZM53UWhVW3+WxiX5hIdl/DyrCKGfVg1x6Wy9WFy95dk":{"chainKey":{"counter":0,"key":"NsN7YNL2MsDVwaxYqBF8lihTDigd8Q/lUQCqzg7yyNw="},"chainType":2,"messageKeys":{}},"BS2ESxkHbOmvbQmsz+JsfYELLoQS+uVIEcmL6PNTmVFg":{"chainKey":{"counter":85,"key":"raxVpg+bljOyiClgwRhXS8DTT7QjrtDuxqAWPerI6cc="},"chainType":1,"messageKeys":{}}}}},"version":"v1"}