{"_sessions":{"BWEzxVSk2Au+nV+I62D99q6xFP6nzP70UZOuvtQU7xpo":{"registrationId":1765075908,"currentRatchet":{"ephemeralKeyPair":{"pubKey":"BZnTCqhU5WI/tCpBgifKqPt6VzrdMKCQuA+LsitFrRMP","privKey":"UAGPhBLCtzq2OzKddanZEBR1bwli0UX+Aztv2r0CgGI="},"lastRemoteEphemeralKey":"BQDZXCXGQS+5swvPeqx4mc7AiM1X7B9haE5QMogtgzsU","previousCounter":0,"rootKey":"FNhlnr5GsGJoqwDd7G06Xe/51FHLI3/9XC2Oho4C1xo="},"indexInfo":{"baseKey":"BWEzxVSk2Au+nV+I62D99q6xFP6nzP70UZOuvtQU7xpo","baseKeyType":1,"closed":-1,"used":1680629360219,"created":1680629360219,"remoteIdentityKey":"BVT0eedEukvr+nbVCAiMjAKyPtm4MTIGBhESngGU8r48"},"_chains":{"BZnTCqhU5WI/tCpBgifKqPt6VzrdMKCQuA+LsitFrRMP":{"chainKey":{"counter":7,"key":"IuPZORBPFi9gcaonPum+6j4B2xqNHyJWyCuLvlZyaoA="},"chainType":1,"messageKeys":{}}},"pendingPreKey":{"signedKeyId":9,"baseKey":"BWEzxVSk2Au+nV+I62D99q6xFP6nzP70UZOuvtQU7xpo","preKeyId":6912698}}},"version":"v1"}