{"_sessions":{"BVuoVeiX8JE/6mh2klIDlzY7YoVME35RM4K+f12Psixh":{"registrationId":980084182,"currentRatchet":{"ephemeralKeyPair":{"pubKey":"BRy93H3o91VjZpWjQjpSqXLKTpw66dIzJcJAUlJETsNs","privKey":"eBf/aKp2xf1oK/u2jhopDwSRdAHQlSZ45CQjfR7Wpk8="},"lastRemoteEphemeralKey":"BTlzfYQJlzBJJCttb/9IpR7c//MreR2LF4tu2IilY2cM","previousCounter":20,"rootKey":"0K76gmcAs4FsmLZEYEz8zLG+qImsl+InkQBzNNaB40A="},"indexInfo":{"baseKey":"BVuoVeiX8JE/6mh2klIDlzY7YoVME35RM4K+f12Psixh","baseKeyType":1,"closed":-1,"used":1680650943364,"created":1680603477328,"remoteIdentityKey":"BbmoozAnj8CZ+zkcSmHHXQ0xq0zRozs2hNp1/gy5n+NZ"},"_chains":{"BTlzfYQJlzBJJCttb/9IpR7c//MreR2LF4tu2IilY2cM":{"chainKey":{"counter":0,"key":"Uvixri3yWecLvm/GB/+kFZZFDalIlgFnxsWyqFBgOvw="},"chainType":2,"messageKeys":{}},"BRy93H3o91VjZpWjQjpSqXLKTpw66dIzJcJAUlJETsNs":{"chainKey":{"counter":15,"key":"6MsLq1RUOQPXe6CIytSpkRYZSOJB5sqWHGcnhoITuuw="},"chainType":1,"messageKeys":{}}}}},"version":"v1"}