{"_sessions":{"BaMEk0lFf/ZD/D0V0BQT1iaoKqe3upIa9lpwYAwKP6xO":{"registrationId":1848716918,"currentRatchet":{"ephemeralKeyPair":{"pubKey":"BdcPR6xOMFDASPCOhwVsbkV4vOo16XUTpM7Srb5uSjF5","privKey":"4JkEjn1gsf/qhLDhfobzk8Z2hgNbZJ9UMlvuhztoV0A="},"lastRemoteEphemeralKey":"BSARjPgPkzQk2cWYDyD2o9Zhy1JDXYDRZuqhEAHSXoNR","previousCounter":0,"rootKey":"6+8HLQYQna1kJ2bXEAmzt/oYwhQ/GFqXE3qFghoYKuE="},"indexInfo":{"baseKey":"BaMEk0lFf/ZD/D0V0BQT1iaoKqe3upIa9lpwYAwKP6xO","baseKeyType":2,"closed":-1,"used":1680606606353,"created":1680606606353,"remoteIdentityKey":"BYMGlH7BYA0KCoefWd8dTVWs9nfq9RSRm2NXBqthcX9U"},"_chains":{"BSARjPgPkzQk2cWYDyD2o9Zhy1JDXYDRZuqhEAHSXoNR":{"chainKey":{"counter":0,"key":"LfDmg2kn/ddGkfj/KTO7uby0zVvzkQmyj2Py1uzdb1I="},"chainType":2,"messageKeys":{}},"BdcPR6xOMFDASPCOhwVsbkV4vOo16XUTpM7Srb5uSjF5":{"chainKey":{"counter":-1,"key":"Qot3i4UGm0/SNJBEOperskRocxiBPanhRYfaA1xEJW4="},"chainType":1,"messageKeys":{}}}}},"version":"v1"}