{"_sessions":{"BZyUWg2YxwZB5QHjK2JA567w+24HyHXspjxYLGyRGP8i":{"registrationId":1154402370,"currentRatchet":{"ephemeralKeyPair":{"pubKey":"Bca+Yw6PUCXBglNRoob7B04AO2W+IO0dhI4DhIgrVqZW","privKey":"WByYkUTsC1W6YEZ8ozXVhpCYxpLJsoF9PDVweLcVDmg="},"lastRemoteEphemeralKey":"BSc5K178Ltvjne77BJbhFgTepe/dTrHXr+qXYxNMQo8c","previousCounter":0,"rootKey":"4+LYAF59h3D0i5yu9RgtM+rv16SoeP7JmB6DlPOd4Dk="},"indexInfo":{"baseKey":"BZyUWg2YxwZB5QHjK2JA567w+24HyHXspjxYLGyRGP8i","baseKeyType":1,"closed":1680606662774,"used":1680606656425,"created":1680606656425,"remoteIdentityKey":"BUVGkiGxmOaZH8mZmWx3wwddLlnmND84O2oNy05Pd4gQ"},"_chains":{"Bca+Yw6PUCXBglNRoob7B04AO2W+IO0dhI4DhIgrVqZW":{"chainKey":{"counter":0,"key":"vSdHm5VSZqpr/2GY/Cy6qL3M47w69VNSmdichGaKWYI="},"chainType":1,"messageKeys":{}}},"pendingPreKey":{"signedKeyId":5,"baseKey":"BZyUWg2YxwZB5QHjK2JA567w+24HyHXspjxYLGyRGP8i","preKeyId":9898103}},"BZxB3ZTKROUBiho76Ou53KcX3mFaiO0gzo4n1haWvTVw":{"registrationId":1154402370,"currentRatchet":{"ephemeralKeyPair":{"pubKey":"BckxJTuurLxmF278QNLNwD+4+LilmKzeZKWdMnnaA9tT","privKey":"QI7J45Ar3Vt5Cr6mgjabUk5BpJcG5WkIOdchDwl01HM="},"lastRemoteEphemeralKey":"BUbCgVXSx2x5HkWutoswQvmA14XOtrFMr+J5yplFK2lP","previousCounter":22,"rootKey":"HdHTxyMLHeI2JjGdW4KLiZH1elpAYajsC3EeqocL76M="},"indexInfo":{"baseKey":"BZxB3ZTKROUBiho76Ou53KcX3mFaiO0gzo4n1haWvTVw","baseKeyType":1,"closed":-1,"used":1680657258396,"created":1680606662445,"remoteIdentityKey":"BUVGkiGxmOaZH8mZmWx3wwddLlnmND84O2oNy05Pd4gQ"},"_chains":{"BZrsgRhPFVRjdp4deLxPdusQO6J70Z81A7mTsBcnizNo":{"chainKey":{"counter":0},"chainType":2,"messageKeys":{}},"BUbCgVXSx2x5HkWutoswQvmA14XOtrFMr+J5yplFK2lP":{"chainKey":{"counter":0,"key":"zGrFa9uTR/NkNOUyWEOCYjwNWM6msu/MP9XPWymWMCA="},"chainType":2,"messageKeys":{}},"BckxJTuurLxmF278QNLNwD+4+LilmKzeZKWdMnnaA9tT":{"chainKey":{"counter":5,"key":"XamVxSDeRDhwtzZSHXqVG5yTgTEKqu469zeU/+j8qOQ="},"chainType":1,"messageKeys":{}}}}},"version":"v1"}