{"_sessions":{"BQovKbOkyJ6brP8A3GB24IQxSUpgtlR6QNbnpofXPThQ":{"registrationId":1013303675,"currentRatchet":{"ephemeralKeyPair":{"pubKey":"BcDvoPv3YDJAX/Whts0th6mxSySOOuq9gFDtQbArPNkb","privKey":"WIoyuH+t72LH4A/KjR/nCPFBCBfSxU3SWX82ob9X+l8="},"lastRemoteEphemeralKey":"BdmFe5V6J8dd1FDSN1JW9gpw8jNI1LT4TkE9/K+lI6kj","previousCounter":0,"rootKey":"2PLzpsOxwdtxzwKevKtQPux1XNdBxSVhh8VkbZFZxJw="},"indexInfo":{"baseKey":"BQovKbOkyJ6brP8A3GB24IQxSUpgtlR6QNbnpofXPThQ","baseKeyType":1,"closed":-1,"used":1680607864049,"created":1680607864049,"remoteIdentityKey":"BbfYGHUimIvaYQoaKhjIypP3B8fLm4Vs6vXNYjDUEzwI"},"_chains":{"BcDvoPv3YDJAX/Whts0th6mxSySOOuq9gFDtQbArPNkb":{"chainKey":{"counter":101,"key":"hxxQN+W/OAmXCfGfYac80LAB0P7jZSqr/p39HXty92Q="},"chainType":1,"messageKeys":{}}},"pendingPreKey":{"signedKeyId":7,"baseKey":"BQovKbOkyJ6brP8A3GB24IQxSUpgtlR6QNbnpofXPThQ"}}},"version":"v1"}