{"_sessions":{"BfsloEp5RjNjQ/hgJpQhfSao2LzM0C6KRuE1r4+9bddH":{"registrationId":1590764164,"currentRatchet":{"ephemeralKeyPair":{"pubKey":"BVBid4yzGBiaQEeEBZLvQYq30eQPIJkAbCptzG5/8Wh0","privKey":"uEtB51XFhMPzSUDZsf3RP4ZNOi/psErLX+NfP+pPZE0="},"lastRemoteEphemeralKey":"BQXkytma7wQ/mqPFQqxhdKatvsg0JONvCKyF4SKw3a4j","previousCounter":0,"rootKey":"PXeoxJqRaOvRHZrwkxgmx3UTguFrwXMHCVHAuoXk8yY="},"indexInfo":{"baseKey":"BfsloEp5RjNjQ/hgJpQhfSao2LzM0C6KRuE1r4+9bddH","baseKeyType":2,"closed":-1,"used":1680682536178,"created":1680682536178,"remoteIdentityKey":"BYs0a4P+dsQyYNPpqwDZ+1jLPhv+qZfIiqCFq7grqiFA"},"_chains":{"BQXkytma7wQ/mqPFQqxhdKatvsg0JONvCKyF4SKw3a4j":{"chainKey":{"counter":0,"key":"Ixpr2S9+rM823fNvh9pRD2S1qD1oVNPvBaJ55i0zKlI="},"chainType":2,"messageKeys":{}},"BVBid4yzGBiaQEeEBZLvQYq30eQPIJkAbCptzG5/8Wh0":{"chainKey":{"counter":-1,"key":"uHX9o6IeWoSltVpvdlcq2RzwEh/9xIDOkUAb0eDlJPs="},"chainType":1,"messageKeys":{}}}}},"version":"v1"}