{"_sessions":{"BR+KsoKq/JuhipI79OqUAzwkZLBeRADzIlAdhn4ZMFlr":{"registrationId":58,"currentRatchet":{"ephemeralKeyPair":{"pubKey":"BZFyAWmbN4q0qii/iuyYvR3HL47q1TlFU3+IcLsmnO49","privKey":"2NLglJzSoKSEy+8D9PDIIlj9DxBEVU/8Sx4/oc0tUGs="},"lastRemoteEphemeralKey":"Bbb0SA2aK2rwwK26r5aBJ5pHX24+q/pYUD2hTNFLRqoY","previousCounter":0,"rootKey":"I+nWt5dR0W7Jid3EQGIaizOz4D3L2ZPMLTIgebOnsBo="},"indexInfo":{"baseKey":"BR+KsoKq/JuhipI79OqUAzwkZLBeRADzIlAdhn4ZMFlr","baseKeyType":1,"closed":-1,"used":1680603476995,"created":1680603476995,"remoteIdentityKey":"BbOpsUPmXzqvP75gHOWjZd0av7VgSWbemhNvEjNWg01/"},"_chains":{"BZFyAWmbN4q0qii/iuyYvR3HL47q1TlFU3+IcLsmnO49":{"chainKey":{"counter":36,"key":"bPMI4AZwgvzbsIxJstoOShydcC1NWSTr14WMobRFynw="},"chainType":1,"messageKeys":{}}},"pendingPreKey":{"signedKeyId":1,"baseKey":"BR+KsoKq/JuhipI79OqUAzwkZLBeRADzIlAdhn4ZMFlr"}}},"version":"v1"}