{"_sessions":{"BVMFuAMe5uZZVgyYLAZ+fkE2Vtc2++xFp6KH59GXkIsf":{"registrationId":1072496754,"currentRatchet":{"ephemeralKeyPair":{"pubKey":"BUo2Lb4PHMBCaubQkmXlWiDS2arW6pr1svubR9NnvIN9","privKey":"aC0yZdC5vBaYFnHE6SLIJsTIKR5cJMs83QsPvN3KgXs="},"lastRemoteEphemeralKey":"BQAgsMvCygzA90dulxPvoUoHRXbYbJaxKmfvvcMnk7hm","previousCounter":0,"rootKey":"D/5kA+gbWcJnUETRFLGgiS2xcYs7kBwqU4uz/Grhui8="},"indexInfo":{"baseKey":"BVMFuAMe5uZZVgyYLAZ+fkE2Vtc2++xFp6KH59GXkIsf","baseKeyType":1,"closed":1680606662772,"used":1680606656042,"created":1680606656042,"remoteIdentityKey":"BZK2nsdifJGOi/WwnXht11Ap7CbVPQxcb6goooVv0/hq"},"_chains":{"BUo2Lb4PHMBCaubQkmXlWiDS2arW6pr1svubR9NnvIN9":{"chainKey":{"counter":0,"key":"vlRAQBElhpsvkYXaUvP75VnQzx6SFObvVHl8vNAcDlc="},"chainType":1,"messageKeys":{}}},"pendingPreKey":{"signedKeyId":5,"baseKey":"BVMFuAMe5uZZVgyYLAZ+fkE2Vtc2++xFp6KH59GXkIsf","preKeyId":3324392}},"Bc9rgHCzAozMaoDPlvnXwGLFkXGuixhWdFxuL+LXdNoQ":{"registrationId":1072496754,"currentRatchet":{"ephemeralKeyPair":{"pubKey":"BatEv0w+s17vOk+/uXNu+5XYDcLMSqHjoVfr8DgU+CcN","privKey":"QH+ORU/hud79/RmLyLY3yC+RniYXhU320cBOJ7A3GFE="},"lastRemoteEphemeralKey":"BQAgsMvCygzA90dulxPvoUoHRXbYbJaxKmfvvcMnk7hm","previousCounter":0,"rootKey":"V8zls1JUpeME6UhgzaX3yHYFc8ZXUoEce5iDPACvSEQ="},"indexInfo":{"baseKey":"Bc9rgHCzAozMaoDPlvnXwGLFkXGuixhWdFxuL+LXdNoQ","baseKeyType":1,"closed":-1,"used":1680606662077,"created":1680606662077,"remoteIdentityKey":"BZK2nsdifJGOi/WwnXht11Ap7CbVPQxcb6goooVv0/hq"},"_chains":{"BatEv0w+s17vOk+/uXNu+5XYDcLMSqHjoVfr8DgU+CcN":{"chainKey":{"counter":30,"key":"R92nL6CpfM55KRZQrIc8g1lNX1trhDy7sL8ps0QaGFA="},"chainType":1,"messageKeys":{}}},"pendingPreKey":{"signedKeyId":5,"baseKey":"Bc9rgHCzAozMaoDPlvnXwGLFkXGuixhWdFxuL+LXdNoQ","preKeyId":3324997}}},"version":"v1"}