{"_sessions":{"BWOXDmHhzJ2CNL42NvgPbOxHibrZDISxE8lA+KDjtpgi":{"registrationId":20,"currentRatchet":{"ephemeralKeyPair":{"pubKey":"BYTpaY/qbZEP4hXXDVUiQCkUnNO3sIumbzjgWsGwuUJW","privKey":"iNmlFYmJ3Of/19f7ELgyB7SGlyzzukMDlN6fm0wKuFw="},"lastRemoteEphemeralKey":"BWbuuOE/9c8qWbgyEGKycNAj8TyManzYYzufSJq1BjtQ","previousCounter":0,"rootKey":"Us3G2PKq76ULNuGYyOC6dpk0seMsbzL1MlhTv9x4MQs="},"indexInfo":{"baseKey":"BWOXDmHhzJ2CNL42NvgPbOxHibrZDISxE8lA+KDjtpgi","baseKeyType":1,"closed":-1,"used":1680603476954,"created":1680603476954,"remoteIdentityKey":"BZ1jIv47hne6bbBW0WBC8qQiT0fgdWCtsEfMjCqU+XhS"},"_chains":{"BYTpaY/qbZEP4hXXDVUiQCkUnNO3sIumbzjgWsGwuUJW":{"chainKey":{"counter":36,"key":"8w2Eh9aNq70dVWcwhfxpUUvhK+YXgndy7hpv36bbutw="},"chainType":1,"messageKeys":{}}},"pendingPreKey":{"signedKeyId":1,"baseKey":"BWOXDmHhzJ2CNL42NvgPbOxHibrZDISxE8lA+KDjtpgi"}}},"version":"v1"}