{"_sessions":{"BX2jpNXwuNpOyS47w1zHi9RqnVAjIHBUudzT4LboDoYB":{"registrationId":1638519343,"currentRatchet":{"ephemeralKeyPair":{"pubKey":"BRp+qolu9bpaHKCphEGxP1wqf9btyp3Qow1tLKIGSnMj","privKey":"8NaIbCAWjIYkdWo9b+6NO22gbGeiLH07a6/ZExn72kY="},"lastRemoteEphemeralKey":"BdcEisaFOPbD3n0ssEd1IIW6C+m1uafCa+zrZv7XKCFd","previousCounter":0,"rootKey":"sP7nAO+fqMxK5cyds5l0AsWXSLHT624P2Rj1XFmPNz0="},"indexInfo":{"baseKey":"BX2jpNXwuNpOyS47w1zHi9RqnVAjIHBUudzT4LboDoYB","baseKeyType":1,"closed":-1,"used":1680677414797,"created":1680677414797,"remoteIdentityKey":"BYrEHWj+y1B7eIpBhmoqp2RXetmLHohOfnzOXKCbdDgk"},"_chains":{"BRp+qolu9bpaHKCphEGxP1wqf9btyp3Qow1tLKIGSnMj":{"chainKey":{"counter":2,"key":"vxW7ohumvVK3r0HBNkDG6uTYe5kNbyp+YPO5HVC+i3M="},"chainType":1,"messageKeys":{}}},"pendingPreKey":{"signedKeyId":1,"baseKey":"BX2jpNXwuNpOyS47w1zHi9RqnVAjIHBUudzT4LboDoYB","preKeyId":10861975}}},"version":"v1"}