{"_sessions":{"BQjA1dABXOQkCTCQIqZnQ4EUqQaBHbIuhncCmjotQSMh":{"registrationId":1863138189,"currentRatchet":{"ephemeralKeyPair":{"pubKey":"BdK1qcdm5IVbMCGm/tHtbV5kd3xoaWVXx7pXP/Qdf1Y9","privKey":"cISHG4d/uqYIK631am16kwtAOXAZZV6hp1/GLLisKFs="},"lastRemoteEphemeralKey":"BctRSDe5usGMAgJ5zsnwopOxF8N+5DMG/o8yZiLPqnVF","previousCounter":0,"rootKey":"h1dZvW2cFvqILjyt4E0Mbiwiwj2M/sr8DpvaW5fNX4w="},"indexInfo":{"baseKey":"BQjA1dABXOQkCTCQIqZnQ4EUqQaBHbIuhncCmjotQSMh","baseKeyType":1,"closed":1680606662774,"used":1680606656311,"created":1680606656311,"remoteIdentityKey":"BU0DYOiC+ymrdQgsHF1Nt0O025EYNij/uKWsOXcU76Eu"},"_chains":{"BdK1qcdm5IVbMCGm/tHtbV5kd3xoaWVXx7pXP/Qdf1Y9":{"chainKey":{"counter":0,"key":"gaeWIZAWo4FFrKBsZhAzJsqEu/YmyReboAqQRPpxIfU="},"chainType":1,"messageKeys":{}}},"pendingPreKey":{"signedKeyId":0,"baseKey":"BQjA1dABXOQkCTCQIqZnQ4EUqQaBHbIuhncCmjotQSMh","preKeyId":295399}},"BX/UmXVAnNzoS0ugGuKK51Au5IEfqYrFzEpv2bKys5U3":{"registrationId":1863138189,"currentRatchet":{"ephemeralKeyPair":{"pubKey":"BUmH0f7XBDsC5MiHhs2tWLk0Q9sakU5ooxMh5IgWeOAy","privKey":"iKWr0zeifkZg9BBusOku24qFVN65VwN6G/nSqtdm90Y="},"lastRemoteEphemeralKey":"BctRSDe5usGMAgJ5zsnwopOxF8N+5DMG/o8yZiLPqnVF","previousCounter":0,"rootKey":"AyihByGmfwS5oq+H9PJo9AKB+wPqMMPMSqr99PJMMBg="},"indexInfo":{"baseKey":"BX/UmXVAnNzoS0ugGuKK51Au5IEfqYrFzEpv2bKys5U3","baseKeyType":1,"closed":-1,"used":1680606662338,"created":1680606662338,"remoteIdentityKey":"BU0DYOiC+ymrdQgsHF1Nt0O025EYNij/uKWsOXcU76Eu"},"_chains":{"BUmH0f7XBDsC5MiHhs2tWLk0Q9sakU5ooxMh5IgWeOAy":{"chainKey":{"counter":30,"key":"TmdE8w7tdtH2XsjiI+9L+iKtCsT9GkLmtQzbmWyq0Ks="},"chainType":1,"messageKeys":{}}},"pendingPreKey":{"signedKeyId":0,"baseKey":"BX/UmXVAnNzoS0ugGuKK51Au5IEfqYrFzEpv2bKys5U3","preKeyId":295329}}},"version":"v1"}