{"_sessions":{"BSdf0SFKDiOiOn/pe7ACx/4ceDTHGRcUM8PHxk3vHRIy":{"registrationId":196015876,"currentRatchet":{"ephemeralKeyPair":{"pubKey":"BZclS5+vvBiemXph6NNWSH9FIS66XwtePguup20+UeBM","privKey":"WIV78gvSuINzOr2osCtLx/yFXRiE2GL/2XtDQIFIoG8="},"lastRemoteEphemeralKey":"BcDlT/q/5bVPtcWT7K2H+W1pS/8oRpfM/LP1zllkbYFD","previousCounter":0,"rootKey":"erExgVQwjl1L92rtVowzugqBTTqYPPXdLSPgXpStyj4="},"indexInfo":{"baseKey":"BSdf0SFKDiOiOn/pe7ACx/4ceDTHGRcUM8PHxk3vHRIy","baseKeyType":1,"closed":-1,"used":1680677415264,"created":1680677415264,"remoteIdentityKey":"BRAUDpTx0WtdxouUgx/QWPunTqjkR5GdzWj810pKe4tN"},"_chains":{"BZclS5+vvBiemXph6NNWSH9FIS66XwtePguup20+UeBM":{"chainKey":{"counter":2,"key":"zy3AU3UHRyW1sAOCuU/NddEfGy+BAE1bTKkHE4OJEEg="},"chainType":1,"messageKeys":{}}},"pendingPreKey":{"signedKeyId":0,"baseKey":"BSdf0SFKDiOiOn/pe7ACx/4ceDTHGRcUM8PHxk3vHRIy","preKeyId":133550}}},"version":"v1"}