{"_sessions":{"BRXNO+9N+EVS/Uib6uIxU+Z5+vYJj51Gn/pQAcZRHvRy":{"registrationId":369618644,"currentRatchet":{"ephemeralKeyPair":{"pubKey":"BTMR4V5I7itwqo41t3u1aytvx6RwIYNRiir63vDsCI1L","privKey":"WMqK7gicw76/3cC0WyQNCvOCezQpBoxstLJqN4tDiUs="},"lastRemoteEphemeralKey":"BR96ofPHhs+7TQeuNgnqRrFE7bVvsK3+U6RmXjvg/l85","previousCounter":0,"rootKey":"AwCQZS+A94i8CUjZP8CEUhvMCPuYbq/dNzxYdU4eA4U="},"indexInfo":{"baseKey":"BRXNO+9N+EVS/Uib6uIxU+Z5+vYJj51Gn/pQAcZRHvRy","baseKeyType":2,"closed":-1,"used":1680677243652,"created":1680677243652,"remoteIdentityKey":"Be5rlF+vKDOimv2LaQ3qmK2TtQMC404G9zUK4FIYPtRR"},"_chains":{"BR96ofPHhs+7TQeuNgnqRrFE7bVvsK3+U6RmXjvg/l85":{"chainKey":{"counter":0,"key":"KkVWqh5pWDbTVxCRxA7sy7y45slOTFx0z6yMkAc7PJ8="},"chainType":2,"messageKeys":{}},"BTMR4V5I7itwqo41t3u1aytvx6RwIYNRiir63vDsCI1L":{"chainKey":{"counter":-1,"key":"5pGVSFioL/+HgU42DhHxAqueEp46zGfDLBKJXKZYu2Y="},"chainType":1,"messageKeys":{}}}}},"version":"v1"}