{"_sessions":{"BdFx1MHqwagwdkw7/PPePVKhodIqY5KECbX2ddA+SIhZ":{"registrationId":1250171486,"currentRatchet":{"ephemeralKeyPair":{"pubKey":"BcjR/AUr9255O+aVXw1BXjngerAvtCPfVKZhRyPjF4Bi","privKey":"QJBGZI2K+Qof8PgKTx8bYxrT6E0HI9f0WV6k9R27MVQ="},"lastRemoteEphemeralKey":"BdkcWRl6wDrx09QwjRAtra787h0Yx/xAhQQrvI2xPnVP","previousCounter":0,"rootKey":"fxuQXRzp3YJ2itaHcp/gVd2VDUIjM+N9CytLecwRgs0="},"indexInfo":{"baseKey":"BdFx1MHqwagwdkw7/PPePVKhodIqY5KECbX2ddA+SIhZ","baseKeyType":1,"closed":-1,"used":1680677414581,"created":1680677414581,"remoteIdentityKey":"BZG7LbFcTmmRN5kQSB7JMor+BFVphcP/MtuMhbnmaOJs"},"_chains":{"BcjR/AUr9255O+aVXw1BXjngerAvtCPfVKZhRyPjF4Bi":{"chainKey":{"counter":2,"key":"GmC77MGazLmQmC5GOoduWDG4omEOImB58LaA4XWNFCE="},"chainType":1,"messageKeys":{}}},"pendingPreKey":{"signedKeyId":2,"baseKey":"BdFx1MHqwagwdkw7/PPePVKhodIqY5KECbX2ddA+SIhZ","preKeyId":9072706}}},"version":"v1"}