{"_sessions":{"BT0Ty7XydRW8krtBk/abCbqXe9GmXDBuIBSdIeYxxKwO":{"registrationId":1784323613,"currentRatchet":{"ephemeralKeyPair":{"pubKey":"BZYEK3xmGL0Ncqfhdgko3sT9JE1xWl2356lyZMmWO5M6","privKey":"6Hk33pnK5HiJZZfWoCxibgYEbbEHkHn7tPes6zEwk2Y="},"lastRemoteEphemeralKey":"BdbYssDv507M7vzssZO3Zrj8zlNybutrwXIk25paRLVA","previousCounter":20,"rootKey":"h9ZWURZaD8txuJJCJVnC2TqWSigx6V5iCkynpUadEl4="},"indexInfo":{"baseKey":"BT0Ty7XydRW8krtBk/abCbqXe9GmXDBuIBSdIeYxxKwO","baseKeyType":1,"closed":-1,"used":1680650943759,"created":1680603477776,"remoteIdentityKey":"BTNPXNYbirABdZlMQ1XTyDODTLPhskVKnm/FaOMVWKxP"},"_chains":{"BdbYssDv507M7vzssZO3Zrj8zlNybutrwXIk25paRLVA":{"chainKey":{"counter":0,"key":"l8Wcs26FgelqxRt3CWf8+jQ6rkAlTuQOS/pmwkHFyHw="},"chainType":2,"messageKeys":{}},"BZYEK3xmGL0Ncqfhdgko3sT9JE1xWl2356lyZMmWO5M6":{"chainKey":{"counter":15,"key":"/5dcvcsiBjulHzxx+u6A6tzWGXrZA+oMwb6CfAzYEZg="},"chainType":1,"messageKeys":{}}}}},"version":"v1"}