{"_sessions":{"BY+einHh8RDSLQGsN4yZnsl3BIIsP1wTnXMpmD5RBq8o":{"registrationId":1465824755,"currentRatchet":{"ephemeralKeyPair":{"pubKey":"BZ4Ggob3n21fiyJxYmytf6W7xZIqX8h6Mj8lBIURkpRO","privKey":"ePgGQnmMDEs0UUF6dqYvSOOXfHRbWLl4bImi9o6VsWs="},"lastRemoteEphemeralKey":"Bbp4WFq3lvxZm+4mZq2utgDF339UHU18X81ldC9Tiwh6","previousCounter":0,"rootKey":"BIuvq3M8+oH8gLbD+DgQ7vakj5jcvlaychvQw/CZrIk="},"indexInfo":{"baseKey":"BY+einHh8RDSLQGsN4yZnsl3BIIsP1wTnXMpmD5RBq8o","baseKeyType":2,"closed":-1,"used":1680673322176,"created":1680673322176,"remoteIdentityKey":"BfXNnY3V1xTU2diPZ+vxx0FZtuJD0EBYRniCCl2vQuQv"},"_chains":{"Bbp4WFq3lvxZm+4mZq2utgDF339UHU18X81ldC9Tiwh6":{"chainKey":{"counter":0,"key":"W8xQH7oYQONn9ys3fI9faBOahxyY1i/Jb9jj0RgcJCU="},"chainType":2,"messageKeys":{}},"BZ4Ggob3n21fiyJxYmytf6W7xZIqX8h6Mj8lBIURkpRO":{"chainKey":{"counter":-1,"key":"M+BrfBzMFzQMbgsAXjJDvc96aYRBnc383B63nmb0oJE="},"chainType":1,"messageKeys":{}}}}},"version":"v1"}