{"_sessions":{"BVJUUZ+NNyMoHpNTIMPf2LJdGoPDuxcgDCNMg3XEw7ts":{"registrationId":116,"currentRatchet":{"ephemeralKeyPair":{"pubKey":"BXhmZHWqKcuF2jjayI8JRj72KqrPQu0ugajlKVQTTTVJ","privKey":"cMLx5abN+bb4lVoQXNJFW4J+3Dv2zsI5EtPlnx90WGY="},"lastRemoteEphemeralKey":"BUymfR7AKLcvMbhsGDX4edCLotcIEt20YeMzMKsWh3xn","previousCounter":0,"rootKey":"ujHY3sWR1xG71ezNVcZxe1XZbTqfPL7k0MMyHqAnJr4="},"indexInfo":{"baseKey":"BVJUUZ+NNyMoHpNTIMPf2LJdGoPDuxcgDCNMg3XEw7ts","baseKeyType":1,"closed":-1,"used":1680603477129,"created":1680603477129,"remoteIdentityKey":"BRQiZTvjqXWaOOoPdPe+keQbcL4mzNxsE4GG1e3DOydX"},"_chains":{"BXhmZHWqKcuF2jjayI8JRj72KqrPQu0ugajlKVQTTTVJ":{"chainKey":{"counter":142,"key":"1L1lJJfJtszfMCy4n92I07cT1zY5v5r3buQsRlv5muE="},"chainType":1,"messageKeys":{}}},"pendingPreKey":{"signedKeyId":1,"baseKey":"BVJUUZ+NNyMoHpNTIMPf2LJdGoPDuxcgDCNMg3XEw7ts"}}},"version":"v1"}