{"_sessions":{"BT5Or81jbpy4hs7FCNqsdrXXag4lFGCh206w2Ei8XbMw":{"registrationId":602934869,"currentRatchet":{"ephemeralKeyPair":{"pubKey":"BQyBQcYjhVabnBgRoX94ovnYWkgI3yzmXm8Gw+MZm/U2","privKey":"iFBkUR3HlEMWQSG2+zo3GHfw0+X/UtVqQGt3RNflj30="},"lastRemoteEphemeralKey":"Bav+KKd6TGkEl11cUn8/6SKe9fbU4MsiTZBSd2qz6o1D","previousCounter":2,"rootKey":"4o7YXeC3cyjebxI9lYLCUH0DpWF3zbHSzbGBcw93lRk="},"indexInfo":{"baseKey":"BT5Or81jbpy4hs7FCNqsdrXXag4lFGCh206w2Ei8XbMw","baseKeyType":2,"closed":-1,"used":1680680808858,"created":1680680617872,"remoteIdentityKey":"BddEXwasrcuS7iNEsaxFbLtjEkzCH+O3aaHpqejBO4o5"},"_chains":{"BeHdwpLyDKBXBEzasxlTOkW+vhhPqYadwbYvDSI8fEBy":{"chainKey":{"counter":2},"chainType":2,"messageKeys":{}},"Bav+KKd6TGkEl11cUn8/6SKe9fbU4MsiTZBSd2qz6o1D":{"chainKey":{"counter":0,"key":"tNplo1QqX92voqbMtmtJ4S18hFT4grkQOgpKlaKghjY="},"chainType":2,"messageKeys":{}},"BQyBQcYjhVabnBgRoX94ovnYWkgI3yzmXm8Gw+MZm/U2":{"chainKey":{"counter":3,"key":"4ZMmFx3IRtYjL5qMYZ9KvZ2LEFYYQP6J4myf+sZvEWQ="},"chainType":1,"messageKeys":{}}}}},"version":"v1"}