{"_sessions":{"Bc7zP5Sq1tUay5BHrQiLbT37WD43jI+kGSE9QgOCGf4X":{"registrationId":1899183420,"currentRatchet":{"ephemeralKeyPair":{"pubKey":"BWDjBAQBK1hRbqBhaN/bmy5LdypPIsPpMCaggIZ5IKEP","privKey":"WGreu9k/4vKllGEXTXTbLQXmSz2SbT6T5VezbrarS3o="},"lastRemoteEphemeralKey":"BY8kT6NPzBwppsUOF0T3zV9UD+PKPmP3BJZSTi9DCr4a","previousCounter":3,"rootKey":"Flbh0sTtPnTu5/fL9wI8o6K7BYusXCPI6SErmBkzDYE="},"indexInfo":{"baseKey":"Bc7zP5Sq1tUay5BHrQiLbT37WD43jI+kGSE9QgOCGf4X","baseKeyType":1,"closed":-1,"used":1680681510075,"created":1680603477349,"remoteIdentityKey":"BfHfIubfrFTwwVDzFvH37ueneJOvxTDLdzZNrsTcjztH"},"_chains":{"Bb5TDDveyPhz/N7DnvAU0AhGcyGx3b3vXymIDf1Sm7US":{"chainKey":{"counter":0},"chainType":2,"messageKeys":{}},"BQXl1j2t7q3+6BlmMqMLtLmoQWO+JIBvkflT6VphPzhK":{"chainKey":{"counter":0},"chainType":2,"messageKeys":{}},"BcAMLPg057yIRQrXrYlRbLq6ha/4OCE1C4FRNaRKABkv":{"chainKey":{"counter":0},"chainType":2,"messageKeys":{}},"BQ7f2s4AtR0s7q/HlG8P4H21LpEaU/Ijy9zp4FcBpe80":{"chainKey":{"counter":1},"chainType":2,"messageKeys":{"0":"pgRkE/J37ztTIOTyNgPEU77IJnBMX+tyVdN/cI0ZCxk="}},"BWgcX+xxOTrx6rTD97PGcxm46oXP6Xs4Up/INBPxnpoC":{"chainKey":{"counter":0},"chainType":2,"messageKeys":{}},"BY8kT6NPzBwppsUOF0T3zV9UD+PKPmP3BJZSTi9DCr4a":{"chainKey":{"counter":0,"key":"20F87DzvFC+zxYlTA6075T/QgFhxSoB4x7oIhIJ5aUc="},"chainType":2,"messageKeys":{}},"BWDjBAQBK1hRbqBhaN/bmy5LdypPIsPpMCaggIZ5IKEP":{"chainKey":{"counter":2,"key":"ugTI9keoo0L0ssZMbN2F94CnIghJXGEhC26aBMnHqfE="},"chainType":1,"messageKeys":{}}}}},"version":"v1"}