{"_sessions":{"BVokpaHP2OqvEFbkfbdk7j8XbTsT0T8+ERq4O/AUypgF":{"registrationId":984359504,"currentRatchet":{"ephemeralKeyPair":{"pubKey":"BflHNp/ELB+MnMGQDqCqYAOHPOGGBDcjxI088uZ+PusL","privKey":"wKcbwhi5f9EBqnuRy4R27S+ivJDKT8I8tP4sDe6XPV4="},"lastRemoteEphemeralKey":"BRM/wM9yQMD83Xnl4ASYFIr2mhdAVJzKCU/L6k6HESNN","previousCounter":0,"rootKey":"7xUnXkC372yl0aPXANFLhlGDj03ceHaTORRTibD3Wow="},"indexInfo":{"baseKey":"BVokpaHP2OqvEFbkfbdk7j8XbTsT0T8+ERq4O/AUypgF","baseKeyType":1,"closed":1680606662775,"used":1680606656456,"created":1680606656456,"remoteIdentityKey":"Bda3JDwmMyPej1p3iIU3Bc8UBhqAFtQf/mHjXRyIWRlr"},"_chains":{"BflHNp/ELB+MnMGQDqCqYAOHPOGGBDcjxI088uZ+PusL":{"chainKey":{"counter":0,"key":"3adzT7KpylYGZwZV+uTZ5DZS5yxuDqSSS1Nn8c7PAM0="},"chainType":1,"messageKeys":{}}},"pendingPreKey":{"signedKeyId":0,"baseKey":"BVokpaHP2OqvEFbkfbdk7j8XbTsT0T8+ERq4O/AUypgF","preKeyId":15986056}},"BRdgeRVs9AxJ38VdKgXBb0NxCU2g465SBG1WsP2Mz5t3":{"registrationId":984359504,"currentRatchet":{"ephemeralKeyPair":{"pubKey":"BT82s0vSvB6YeITE6Q9xGcAS6HR8VhfPR7lTOp/bkeE1","privKey":"AH2dXwkQInNcjYSS9FMoTyx0jvh+fKu6Bnow3SGi0FI="},"lastRemoteEphemeralKey":"BYu00LmkEUgVs2vgMsyuSKcixPJsXV95Ro8wITrIfeJd","previousCounter":30,"rootKey":"oWp65Z8ksFeCaE7pa75zvpMlZnOYouMLu9AbXrGOh14="},"indexInfo":{"baseKey":"BRdgeRVs9AxJ38VdKgXBb0NxCU2g465SBG1WsP2Mz5t3","baseKeyType":1,"closed":-1,"used":1680684224345,"created":1680606662473,"remoteIdentityKey":"Bda3JDwmMyPej1p3iIU3Bc8UBhqAFtQf/mHjXRyIWRlr"},"_chains":{"BYu00LmkEUgVs2vgMsyuSKcixPJsXV95Ro8wITrIfeJd":{"chainKey":{"counter":0,"key":"Ygn2vtmdaifQhxTopdmbcfdtO6wSXCfKsat3/wjkKb8="},"chainType":2,"messageKeys":{}},"BT82s0vSvB6YeITE6Q9xGcAS6HR8VhfPR7lTOp/bkeE1":{"chainKey":{"counter":-1,"key":"3PfE6VhZnr2r8AMhMD54L3BguXH5DG6aPVS1HYOvLxg="},"chainType":1,"messageKeys":{}}}}},"version":"v1"}