{"_sessions":{"Bbd7MiZZQZp/dOqLxrKsU1h9PTK1fklIBu7B7zR5Lps0":{"registrationId":207686632,"currentRatchet":{"ephemeralKeyPair":{"pubKey":"Beig9KjNO/89FXtVyY4MOJGegwz3jB3nvR8hTxxHzgtF","privKey":"+AumVsyepMqF6fODtOBIvT6/1QHPDaJQZnnFEaVT4l4="},"lastRemoteEphemeralKey":"BY5Cwaz/sp+ByybxkXeogXrFpS+t4FfpBM3QLJEEJIJp","previousCounter":0,"rootKey":"E93+RgKJi1leipJUTLMhnWm/pVmU1diJo3w14I4i5P4="},"indexInfo":{"baseKey":"Bbd7MiZZQZp/dOqLxrKsU1h9PTK1fklIBu7B7zR5Lps0","baseKeyType":1,"closed":-1,"used":1680677414651,"created":1680677414651,"remoteIdentityKey":"BaMO2ZRmPo6cjUT6cLiagOgubBk1sPmvQs7541oMsyBM"},"_chains":{"Beig9KjNO/89FXtVyY4MOJGegwz3jB3nvR8hTxxHzgtF":{"chainKey":{"counter":2,"key":"8uWbYaJPTIX1q1jDzkD0kL1Pw1MNVlbmci8/JkHIBiA="},"chainType":1,"messageKeys":{}}},"pendingPreKey":{"signedKeyId":1,"baseKey":"Bbd7MiZZQZp/dOqLxrKsU1h9PTK1fklIBu7B7zR5Lps0","preKeyId":4125735}}},"version":"v1"}