{"_sessions":{"BSDuZM2zMZfY76PuMlVfC8L2GzNfqcWKNGdD2R7dYCso":{"registrationId":1743755638,"currentRatchet":{"ephemeralKeyPair":{"pubKey":"BTtSe2nyec7GUb9USCW/FpvXXqP1b7JcFkZ7H0eM1MRx","privKey":"YJowzkbyMbiQsPpwdl/pspIa80KR/7OI3luukIHkU2g="},"lastRemoteEphemeralKey":"BUusr5YZ/n2Vjkx2SNch6MEes7aVT10RA+eiisKG121c","previousCounter":12,"rootKey":"F4Hvlo/GoRWUvHYM+Mwx7JpleoMCbVuF2rmKCxSAWj0="},"indexInfo":{"baseKey":"BSDuZM2zMZfY76PuMlVfC8L2GzNfqcWKNGdD2R7dYCso","baseKeyType":1,"closed":1680618078913,"used":1680607791497,"created":1680603477524,"remoteIdentityKey":"BaXjktFedRYBeim+HS9MiGnMYDMEki//mKRChuryxV9x"},"_chains":{"BUusr5YZ/n2Vjkx2SNch6MEes7aVT10RA+eiisKG121c":{"chainKey":{"counter":0,"key":"0ZVB+VjYWVgiw7sV7EZp/fAW9j5YON/i3h4OuVE9+Rs="},"chainType":2,"messageKeys":{}},"BTtSe2nyec7GUb9USCW/FpvXXqP1b7JcFkZ7H0eM1MRx":{"chainKey":{"counter":28,"key":"KYi3ckZ+mcoMjiFBthiGg2Zxr2cqFz/oypLZJUVtd+w="},"chainType":1,"messageKeys":{}}}},"BUf96pKxuFtZGpjlE4F9zlNV/GN7ySxCC3tnJIFxAody":{"registrationId":1246701483,"currentRatchet":{"ephemeralKeyPair":{"pubKey":"BXn1gnesiOURIukhvCrhgXJysrOqEDwh7nEQJK8+V0Fq","privKey":"yJQ5i+dWJoOds8Gfoo6LLVLekfIAtjAsm3nyLkq4x2c="},"lastRemoteEphemeralKey":"BUpW93ZMOC3hq0r4694DlWnkqFAWC1Lx0UhH9lTrKtl5","previousCounter":0,"rootKey":"jgfIxCls6mid2ZG0oiHbS56yweDLkILEq16+6rAcxME="},"indexInfo":{"baseKey":"BUf96pKxuFtZGpjlE4F9zlNV/GN7ySxCC3tnJIFxAody","baseKeyType":1,"closed":1680618079436,"used":1680618078911,"created":1680618078911,"remoteIdentityKey":"BfBLVfVl0K5ZQQ/JeClB1v8QMZvhM3a6rL7hyMyr4lcB"},"_chains":{"BXn1gnesiOURIukhvCrhgXJysrOqEDwh7nEQJK8+V0Fq":{"chainKey":{"counter":-1,"key":"k86wOljFltRPZU1dAe1dHxOGEBNIdkEMbXdXybjG8TE="},"chainType":1,"messageKeys":{}}},"pendingPreKey":{"signedKeyId":0,"baseKey":"BUf96pKxuFtZGpjlE4F9zlNV/GN7ySxCC3tnJIFxAody","preKeyId":1680365}},"BWVFJmqJU6Eug5UDohXKeOUj0zstxqfrlKvuzO+QWbkM":{"registrationId":1246701483,"currentRatchet":{"ephemeralKeyPair":{"pubKey":"BfZSM7qb2evCVQAAUaKQxCNcIZ+ys+5HHzbHxogBmXM8","privKey":"CGjwQpST8nAzRLKPkKJViAu3CjOaEZQBt67VuKbKRF0="},"lastRemoteEphemeralKey":"BUpW93ZMOC3hq0r4694DlWnkqFAWC1Lx0UhH9lTrKtl5","previousCounter":0,"rootKey":"QJyXJPGSydiC0GjqXY4aNstw5CcRpJ71AUq3VsqLIDA="},"indexInfo":{"baseKey":"BWVFJmqJU6Eug5UDohXKeOUj0zstxqfrlKvuzO+QWbkM","baseKeyType":1,"closed":1680627471819,"used":1680618079434,"created":1680618079434,"remoteIdentityKey":"BfBLVfVl0K5ZQQ/JeClB1v8QMZvhM3a6rL7hyMyr4lcB"},"_chains":{"BfZSM7qb2evCVQAAUaKQxCNcIZ+ys+5HHzbHxogBmXM8":{"chainKey":{"counter":-1,"key":"GL5tXEjayJUHqz3GYBcT0yqFPtCGbarG80RFN8RcOHI="},"chainType":1,"messageKeys":{}}},"pendingPreKey":{"signedKeyId":0,"baseKey":"BWVFJmqJU6Eug5UDohXKeOUj0zstxqfrlKvuzO+QWbkM","preKeyId":1680092}},"BRgpTTZdK9c7XseE2Dd8XPCshYITnLkPdOe3M16oXBcX":{"registrationId":1246701483,"currentRatchet":{"ephemeralKeyPair":{"pubKey":"BVR3bHyFgMNUHa11SDj27cOBTo/4zrRklZ71PKuS6VdL","privKey":"OLAG3sHszB1XCMPdr/rFvy9zYwxR4wVVoClTYXhJVG0="},"lastRemoteEphemeralKey":"Bep1TpoZocpOyGJ+hjcG0PbE2Qswds+eiWg7gyqNPJJI","previousCounter":4,"rootKey":"OfpmR42wt0UyAKyJPhyTZA96QvLGlv46LYo8PwLFK8w="},"indexInfo":{"baseKey":"BRgpTTZdK9c7XseE2Dd8XPCshYITnLkPdOe3M16oXBcX","baseKeyType":2,"closed":-1,"used":1680680617798,"created":1680627471824,"remoteIdentityKey":"BfBLVfVl0K5ZQQ/JeClB1v8QMZvhM3a6rL7hyMyr4lcB"},"_chains":{"BfFsp+sBueonluZLaZ6BezLKND3u3EZTE6+iuP5AZDcf":{"chainKey":{"counter":0},"chainType":2,"messageKeys":{}},"BcJGujCgyRTOb+GkbTJbIQkqR1MZoxQqkvdjl4cDnIJ5":{"chainKey":{"counter":0},"chainType":2,"messageKeys":{}},"BXWBP5MUpp/ihlUvwvMCPcYkOOsDu7LdrsvlaFmRXxNK":{"chainKey":{"counter":0},"chainType":2,"messageKeys":{}},"BT4B5Qc24hv65ufnPswZ6MB7hHOpfKc/OR82TOmfXEUD":{"chainKey":{"counter":0},"chainType":2,"messageKeys":{}},"Bep1TpoZocpOyGJ+hjcG0PbE2Qswds+eiWg7gyqNPJJI":{"chainKey":{"counter":0,"key":"9k3Uzdz4awDRr44LmTMf4Q4bJVXbQF8SVBK7347MU1w="},"chainType":2,"messageKeys":{}},"BVR3bHyFgMNUHa11SDj27cOBTo/4zrRklZ71PKuS6VdL":{"chainKey":{"counter":5,"key":"HTXOSjs+LlX4ihIQPUkKGPuCJUyykqDmQwP+ULBkp74="},"chainType":1,"messageKeys":{}}}}},"version":"v1"}