{"_sessions":{"BXU2rb/okjpvHW5Zj4144whtP/lyfxxq7kUhM2p6axBO":{"registrationId":1804701996,"currentRatchet":{"ephemeralKeyPair":{"pubKey":"BQLlzuzi2Y3KPv0LsPNHrvVEHbTRZqbeFCpOFTaWe59A","privKey":"eB3EI1i/DX4EMF1W8R3GkEVmA/41v8bY+GN8UCnay3g="},"lastRemoteEphemeralKey":"BTOMqJm9BNXmvmVZUGldYU1OU75ZODNp/MsXem1a+Msf","previousCounter":2,"rootKey":"WtDL2JU5edRZ63xl2fGA1VHQXMiNYfbMaT5yqdDv4DU="},"indexInfo":{"baseKey":"BXU2rb/okjpvHW5Zj4144whtP/lyfxxq7kUhM2p6axBO","baseKeyType":1,"closed":-1,"used":1680681517389,"created":1680603477794,"remoteIdentityKey":"Be0YqnZdRMQam8OdgaxfXJ2onJ4FNPchaGhINGeYfYQI"},"_chains":{"Bd2Qcug2XTtpt9Fla/YUF97iUGARGE5Ru0L45cZ+tYFE":{"chainKey":{"counter":1},"chainType":2,"messageKeys":{}},"BSIQyxTaqHEYHgawkY7QJMpyA7xuwjTDwJyx1tIhuK5C":{"chainKey":{"counter":2},"chainType":2,"messageKeys":{}},"BSBzJNbkMdZCM4UcenXb1/I03xAroI1G2avcz7LojHwD":{"chainKey":{"counter":1},"chainType":2,"messageKeys":{}},"BTOMqJm9BNXmvmVZUGldYU1OU75ZODNp/MsXem1a+Msf":{"chainKey":{"counter":0,"key":"VB7Qze39COh+7N+wcE8DyLJ0zgj4fRB00183EIjFoQ8="},"chainType":2,"messageKeys":{}},"BQLlzuzi2Y3KPv0LsPNHrvVEHbTRZqbeFCpOFTaWe59A":{"chainKey":{"counter":2,"key":"qN08X07ifVrzXLX/wa39kP69Bau/ik9b4/rGV/68Ii4="},"chainType":1,"messageKeys":{}}}}},"version":"v1"}