{"_sessions":{"BReZ8NW5v6/RyggTbXv5HXtbpSlBEXtNk3sZbYWSjrtL":{"registrationId":11032,"currentRatchet":{"ephemeralKeyPair":{"pubKey":"Bb5tfSAoMPduSjXjD52mS7cCf8kcyG0c6eAmg4QiaHhX","privKey":"CGdVv4jIue49DJl40SVfVTauxHPrU9N03smjtLTJs3Y="},"lastRemoteEphemeralKey":"BZqsA8yAQOTdnxHiEHte/h8x2VQ+bCHfOLuJOqkJ2iRY","previousCounter":0,"rootKey":"4GNRsZzV/0T+oCamdnFP9yV+M+ocvOyEk8WQ63qY6Eo="},"indexInfo":{"baseKey":"BReZ8NW5v6/RyggTbXv5HXtbpSlBEXtNk3sZbYWSjrtL","baseKeyType":1,"closed":-1,"used":1680605960052,"created":1680605960052,"remoteIdentityKey":"BZ5wGl0U0Y44btqvRvdtiYAQ9rohapLNcyDbLaMbusoI"},"_chains":{"Bb5tfSAoMPduSjXjD52mS7cCf8kcyG0c6eAmg4QiaHhX":{"chainKey":{"counter":3,"key":"b5tzFYegGGAssYvlcIdBvWUca/wsq5N38Y+ibEpltuE="},"chainType":1,"messageKeys":{}}},"pendingPreKey":{"signedKeyId":1,"baseKey":"BReZ8NW5v6/RyggTbXv5HXtbpSlBEXtNk3sZbYWSjrtL"}}},"version":"v1"}