{"_sessions":{"Bb1uwPFVhfDzT+q7cGFoF3gILbg5o6pOvFJgrypIhlEi":{"registrationId":118,"currentRatchet":{"ephemeralKeyPair":{"pubKey":"BefeDDIYhmC8ETrtZopFyZUxCQvDQxaBdoNRpemRkQ9i","privKey":"cE3k2GeWaNFnWTJ4qwpb5/Ez+aMW/g8OvokXn2QDSUE="},"lastRemoteEphemeralKey":"BdOgWPow4ufuAFDq3sm1WQypr1zcYEYqtf7uOYUGIP1S","previousCounter":0,"rootKey":"hYi4eR33ibmzL4+GodS5UiqrZXKIHqFITgmvLH5VGXQ="},"indexInfo":{"baseKey":"Bb1uwPFVhfDzT+q7cGFoF3gILbg5o6pOvFJgrypIhlEi","baseKeyType":1,"closed":1680603675844,"used":1680603477093,"created":1680603477093,"remoteIdentityKey":"BShqHi+3ndL5vYFcXiemB/p78tn6WCpa/KujNYILDTV8"},"_chains":{"BefeDDIYhmC8ETrtZopFyZUxCQvDQxaBdoNRpemRkQ9i":{"chainKey":{"counter":0,"key":"Y/+AhoKytYJ6DQ48ARZbr4dexZGF0YQkAYJH2/zSKeQ="},"chainType":1,"messageKeys":{}}},"pendingPreKey":{"signedKeyId":1,"baseKey":"Bb1uwPFVhfDzT+q7cGFoF3gILbg5o6pOvFJgrypIhlEi","preKeyId":198}},"BUf4wWMH/MYAZaFyLbFHVH4QXJ26Axyf2OZS6ED1xa08":{"registrationId":118,"currentRatchet":{"ephemeralKeyPair":{"pubKey":"BYth3hW3CN3W2KhDerHqCgkiO4ij9KpGzSimp/q0C40x","privKey":"mFO8QKQo9oyxrFDoJpiuO97guYwEZdlze2xFcCvr3Eo="},"lastRemoteEphemeralKey":"Bc7V455LPWYJNh6mqiYYU2Ijcqo7yLUIuPAOOUL3zKsK","previousCounter":0,"rootKey":"EMOqgqajE2kS4hllRNb2Sghb/KShE42PBiypcJXZEHA="},"indexInfo":{"baseKey":"BUf4wWMH/MYAZaFyLbFHVH4QXJ26Axyf2OZS6ED1xa08","baseKeyType":2,"closed":1680606903446,"used":1680605342072,"created":1680603675848,"remoteIdentityKey":"BShqHi+3ndL5vYFcXiemB/p78tn6WCpa/KujNYILDTV8"},"_chains":{"BVnvX1ItUxKSG3XqHonjQkUdCrqkN0Db+B4eV7/IuSkE":{"chainKey":{"counter":0},"chainType":2,"messageKeys":{}},"Bc7V455LPWYJNh6mqiYYU2Ijcqo7yLUIuPAOOUL3zKsK":{"chainKey":{"counter":0,"key":"aX9PSvHtiQiOU9uHRYLjhTL50Ogf3bJK3Qaj5dvvVB4="},"chainType":2,"messageKeys":{}},"BYth3hW3CN3W2KhDerHqCgkiO4ij9KpGzSimp/q0C40x":{"chainKey":{"counter":1,"key":"l1BxPipYbnWKSv5f3+Q4vnxSC5OeleeZZQScRIziuFA="},"chainType":1,"messageKeys":{}}}},"BcDjumhdWgarfRu+fGhitHj1y3M4/iZ5uQN3An4eXRlO":{"registrationId":118,"currentRatchet":{"ephemeralKeyPair":{"pubKey":"BWP8pYccOiy8Ga+fbDdW21VGEX6OjOWfvViFQ7u4DZd+","privKey":"+Pa7DRAW5I9Aax/qljq16xAx7L2t4vGdDmclm+VTTWI="},"lastRemoteEphemeralKey":"BdOgWPow4ufuAFDq3sm1WQypr1zcYEYqtf7uOYUGIP1S","previousCounter":0,"rootKey":"AgI8xTkuybpfXGP9Gew8wX/lgF+NscV429jGEbAuvck="},"indexInfo":{"baseKey":"BcDjumhdWgarfRu+fGhitHj1y3M4/iZ5uQN3An4eXRlO","baseKeyType":1,"closed":1680607007990,"used":1680606903443,"created":1680606903443,"remoteIdentityKey":"BShqHi+3ndL5vYFcXiemB/p78tn6WCpa/KujNYILDTV8"},"_chains":{"BWP8pYccOiy8Ga+fbDdW21VGEX6OjOWfvViFQ7u4DZd+":{"chainKey":{"counter":1,"key":"VrH0pMGSWu4NARKRcwbU+KWtFqoVcY9gKVyvxv/lBn0="},"chainType":1,"messageKeys":{}}},"pendingPreKey":{"signedKeyId":1,"baseKey":"BcDjumhdWgarfRu+fGhitHj1y3M4/iZ5uQN3An4eXRlO","preKeyId":243}},"BZrQOV9RmVaE1bIfYtHMBpwWsmIVzCSE+WZu73Q1dHpc":{"registrationId":118,"currentRatchet":{"ephemeralKeyPair":{"pubKey":"BZeeRgdI5nZha6zj/LvomgX+Jv8gsn/MXIAoEhfaFuxP","privKey":"iL9oPw5asp9rw7+Yg6EUUduL/o3odMBAZyAu65AaGWI="},"lastRemoteEphemeralKey":"BdOgWPow4ufuAFDq3sm1WQypr1zcYEYqtf7uOYUGIP1S","previousCounter":0,"rootKey":"zzjqZ/kqfJPOUOOwZMWryEYHDnZjdpiw3B+Yi1MhOL4="},"indexInfo":{"baseKey":"BZrQOV9RmVaE1bIfYtHMBpwWsmIVzCSE+WZu73Q1dHpc","baseKeyType":1,"closed":1680607999956,"used":1680607007988,"created":1680607007988,"remoteIdentityKey":"BShqHi+3ndL5vYFcXiemB/p78tn6WCpa/KujNYILDTV8"},"_chains":{"BZeeRgdI5nZha6zj/LvomgX+Jv8gsn/MXIAoEhfaFuxP":{"chainKey":{"counter":3,"key":"PfjmQpfn2Q3aAtUD9Kq69N9B1EMe2Xuor0P+0h51PJI="},"chainType":1,"messageKeys":{}}},"pendingPreKey":{"signedKeyId":1,"baseKey":"BZrQOV9RmVaE1bIfYtHMBpwWsmIVzCSE+WZu73Q1dHpc","preKeyId":239}},"BfinVFx5ZU5Z7oRHpD0ZnaAUSYxRhNxvJXlXIKP21hom":{"registrationId":118,"currentRatchet":{"ephemeralKeyPair":{"pubKey":"BfLki+J7HvLhVilfUcpFXvmiSVu/2MF0xfxYjVKbcktB","privKey":"uOzBLtJ+NFt5PjUmqxJcQCEZvYi0l2EJJpNFllD26Wo="},"lastRemoteEphemeralKey":"BdOgWPow4ufuAFDq3sm1WQypr1zcYEYqtf7uOYUGIP1S","previousCounter":0,"rootKey":"X6pBnTgsWvVlwwSaZ8z/cWJTzTn++xNiqG3FFee5dwE="},"indexInfo":{"baseKey":"BfinVFx5ZU5Z7oRHpD0ZnaAUSYxRhNxvJXlXIKP21hom","baseKeyType":1,"closed":1680608437765,"used":1680607999954,"created":1680607999954,"remoteIdentityKey":"BShqHi+3ndL5vYFcXiemB/p78tn6WCpa/KujNYILDTV8"},"_chains":{"BfLki+J7HvLhVilfUcpFXvmiSVu/2MF0xfxYjVKbcktB":{"chainKey":{"counter":1,"key":"b6LN8lsRnfS2N0OQGmch33vaCvumml0iBm09+Kv9o9o="},"chainType":1,"messageKeys":{}}},"pendingPreKey":{"signedKeyId":1,"baseKey":"BfinVFx5ZU5Z7oRHpD0ZnaAUSYxRhNxvJXlXIKP21hom","preKeyId":250}},"BaFAwIIyEj5aP3KcDmt8WOja+7efJH9JBxE1GUdEkCNR":{"registrationId":118,"currentRatchet":{"ephemeralKeyPair":{"pubKey":"BQmWLtxYcSqJqdPhhG6mYzAOFprJkOoYdalISTAAoRMs","privKey":"oBp5FVCld/Q3iFm9ewi/fM3rbTbLiONTUz80a6n6w1Q="},"lastRemoteEphemeralKey":"BdOgWPow4ufuAFDq3sm1WQypr1zcYEYqtf7uOYUGIP1S","previousCounter":0,"rootKey":"is0KSyYeGQEhuBAGgVqM1a2b35pxsYaUYxKe/1d89to="},"indexInfo":{"baseKey":"BaFAwIIyEj5aP3KcDmt8WOja+7efJH9JBxE1GUdEkCNR","baseKeyType":1,"closed":1680608696656,"used":1680608437762,"created":1680608437762,"remoteIdentityKey":"BShqHi+3ndL5vYFcXiemB/p78tn6WCpa/KujNYILDTV8"},"_chains":{"BQmWLtxYcSqJqdPhhG6mYzAOFprJkOoYdalISTAAoRMs":{"chainKey":{"counter":2,"key":"sXstybdJZia2Zgz6N2taA6/ibnLeJlk+zNZZ66HbuW4="},"chainType":1,"messageKeys":{}}},"pendingPreKey":{"signedKeyId":1,"baseKey":"BaFAwIIyEj5aP3KcDmt8WOja+7efJH9JBxE1GUdEkCNR","preKeyId":249}},"BXm5sYRpPAzYk9GptlKwbjw2j0MO9se1Xe79C7ggPx9U":{"registrationId":118,"currentRatchet":{"ephemeralKeyPair":{"pubKey":"BQpPFnmmuJgCo0ZqbJs4RL8Sl+I7TdgfVh8lrCGyPe1S","privKey":"IOHUEm8vQA6QfQ5iQGksqD/apwf1lMvuvR/AT7i3RUs="},"lastRemoteEphemeralKey":"BdOgWPow4ufuAFDq3sm1WQypr1zcYEYqtf7uOYUGIP1S","previousCounter":0,"rootKey":"oGDqRY+LIt99AkqTvXJ1F2r+IfXgMnce/5UDHwmFNfE="},"indexInfo":{"baseKey":"BXm5sYRpPAzYk9GptlKwbjw2j0MO9se1Xe79C7ggPx9U","baseKeyType":1,"closed":1680608881724,"used":1680608696654,"created":1680608696654,"remoteIdentityKey":"BShqHi+3ndL5vYFcXiemB/p78tn6WCpa/KujNYILDTV8"},"_chains":{"BQpPFnmmuJgCo0ZqbJs4RL8Sl+I7TdgfVh8lrCGyPe1S":{"chainKey":{"counter":0,"key":"P3uToDdvDmPu3f/e7HOyeizzo+TntOuxknr7pXI7mdw="},"chainType":1,"messageKeys":{}}},"pendingPreKey":{"signedKeyId":1,"baseKey":"BXm5sYRpPAzYk9GptlKwbjw2j0MO9se1Xe79C7ggPx9U","preKeyId":245}},"BVPDNarquzFRkEjdNE0hrzOEnDvcgv6x0r+88VI0BUpv":{"registrationId":118,"currentRatchet":{"ephemeralKeyPair":{"pubKey":"BXiEm9GlTuY2nw/PuixPtwhikq3ZZ7xVPwqixEbHnrg/","privKey":"gPoQhnDfSJEM+cxQrerg0WsAQHiqgJ36xXspkSdjf2s="},"lastRemoteEphemeralKey":"BdOgWPow4ufuAFDq3sm1WQypr1zcYEYqtf7uOYUGIP1S","previousCounter":0,"rootKey":"ItUfy1xYAsmanHj4vSnU8hHeHwxFibcjW1OG9vYp/JA="},"indexInfo":{"baseKey":"BVPDNarquzFRkEjdNE0hrzOEnDvcgv6x0r+88VI0BUpv","baseKeyType":1,"closed":1680608996606,"used":1680608881722,"created":1680608881722,"remoteIdentityKey":"BShqHi+3ndL5vYFcXiemB/p78tn6WCpa/KujNYILDTV8"},"_chains":{"BXiEm9GlTuY2nw/PuixPtwhikq3ZZ7xVPwqixEbHnrg/":{"chainKey":{"counter":0,"key":"eRvUEbD1H2eXD6bRdQSSxc41oJcBYIaen46HV9QzTrQ="},"chainType":1,"messageKeys":{}}},"pendingPreKey":{"signedKeyId":1,"baseKey":"BVPDNarquzFRkEjdNE0hrzOEnDvcgv6x0r+88VI0BUpv","preKeyId":230}},"BfFpKfbXNGeN4jJ35nnbGLT1YkErW5fArG/8drQWtVB0":{"registrationId":118,"currentRatchet":{"ephemeralKeyPair":{"pubKey":"BcWeCsPlw8s649wNXw+o8dw/bcs/oGJuQtxO4w+5ithh","privKey":"EG3qRyfSfHu3Kdb9tdfG8UD9IWFaFiecq2VRY8D5TFE="},"lastRemoteEphemeralKey":"BSHfVAzCu7TYAv2KctGpFgXRQQrEdDIE8dxX7ceyiz4P","previousCounter":0,"rootKey":"XviF01kXoE9XQJjJK8+cmQR1D5QcShPe4fcDjp3PZ8g="},"indexInfo":{"baseKey":"BfFpKfbXNGeN4jJ35nnbGLT1YkErW5fArG/8drQWtVB0","baseKeyType":1,"closed":-1,"used":1680611478166,"created":1680608996604,"remoteIdentityKey":"BShqHi+3ndL5vYFcXiemB/p78tn6WCpa/KujNYILDTV8"},"_chains":{"BSHfVAzCu7TYAv2KctGpFgXRQQrEdDIE8dxX7ceyiz4P":{"chainKey":{"counter":0,"key":"1kTo3Bd+5uGJtvOB55T3RwRpvmBEPELWwtPOFUKnz8c="},"chainType":2,"messageKeys":{}},"BcWeCsPlw8s649wNXw+o8dw/bcs/oGJuQtxO4w+5ithh":{"chainKey":{"counter":-1,"key":"cJsMQvBA40IMyHuH/ApHTfJJwaDLv/OQ7Xe09nx9dR4="},"chainType":1,"messageKeys":{}}}}},"version":"v1"}