{"_sessions":{"BdOkrp73TdoDI50E8i+5VIjqMFegmh2txIS0c45HRjNm":{"registrationId":491835230,"currentRatchet":{"ephemeralKeyPair":{"pubKey":"BYZcO5VWrurj1D+1DXtS/nWhU0HcR8/mBcIQCJxUAX8H","privKey":"oOhFiisC3XNoiGReeqwv9ZXbyEMa6oxqKfnOPY174kA="},"lastRemoteEphemeralKey":"BW+XlXcHJi9MuW2UNjucp8THAUQJC4tYC83EtLQ4+9xf","previousCounter":0,"rootKey":"Fzm75qnC002jShm+KAFKMdn/jIg/LRKUDHSVnpJ8K4M="},"indexInfo":{"baseKey":"BdOkrp73TdoDI50E8i+5VIjqMFegmh2txIS0c45HRjNm","baseKeyType":1,"closed":1680606662774,"used":1680606656375,"created":1680606656375,"remoteIdentityKey":"BbroxjJr1W5IbRfeHkq8dA1WHps8ygD6TEv8RtcOcSgf"},"_chains":{"BYZcO5VWrurj1D+1DXtS/nWhU0HcR8/mBcIQCJxUAX8H":{"chainKey":{"counter":0,"key":"1Db2ehiDEZRk/uEl2tHIuUkl8L82GPQp/SdiYCRiKH0="},"chainType":1,"messageKeys":{}}},"pendingPreKey":{"signedKeyId":2,"baseKey":"BdOkrp73TdoDI50E8i+5VIjqMFegmh2txIS0c45HRjNm","preKeyId":756999}},"BQIEY0hvrBWNFX1HizE60XvopdL+fE0N6RuD0Xav5Add":{"registrationId":491835230,"currentRatchet":{"ephemeralKeyPair":{"pubKey":"BUw/hyJWDGE6d5m0VyomE46CPKXjKK+rp857tpolACIi","privKey":"QLYwWUG9+0/kwuMEhM7qfXcKdtZOoOcuV/XkhZ5yKHo="},"lastRemoteEphemeralKey":"BW+XlXcHJi9MuW2UNjucp8THAUQJC4tYC83EtLQ4+9xf","previousCounter":0,"rootKey":"sUmoo/m9joSgA21Qyx0Hd0mS66e5krZRYC7nFrAMSkY="},"indexInfo":{"baseKey":"BQIEY0hvrBWNFX1HizE60XvopdL+fE0N6RuD0Xav5Add","baseKeyType":1,"closed":-1,"used":1680606662395,"created":1680606662395,"remoteIdentityKey":"BbroxjJr1W5IbRfeHkq8dA1WHps8ygD6TEv8RtcOcSgf"},"_chains":{"BUw/hyJWDGE6d5m0VyomE46CPKXjKK+rp857tpolACIi":{"chainKey":{"counter":30,"key":"P3P4aOYfhEAsqx/WLLdI+TETHNdt6BXq1JRSWoFxy/c="},"chainType":1,"messageKeys":{}}},"pendingPreKey":{"signedKeyId":2,"baseKey":"BQIEY0hvrBWNFX1HizE60XvopdL+fE0N6RuD0Xav5Add","preKeyId":757268}}},"version":"v1"}