{"_sessions":{"BS4gWy74vLXL2uD3QisidmpM1JM5wFhc/oS/4F1kHA99":{"registrationId":1798451604,"currentRatchet":{"ephemeralKeyPair":{"pubKey":"BaAZyugo9GxVJ3TORGur/GYhBovd5N7U+7nlYVX7Jbka","privKey":"WCg1i9VCarpfvH0G8ld0Ff7Wb9gi8HnrsJ3NXWpQl18="},"lastRemoteEphemeralKey":"BbZzjmkVacvv3tGdBp1Lj3KHndXtYut8fGhAj6yJ4kQj","previousCounter":25,"rootKey":"88U1Ch2k0U0tv6bKc9OUMfjjZY+f5nI3MLkGlZA0bWY="},"indexInfo":{"baseKey":"BS4gWy74vLXL2uD3QisidmpM1JM5wFhc/oS/4F1kHA99","baseKeyType":1,"closed":-1,"used":1680650943535,"created":1680603477601,"remoteIdentityKey":"BSS1wQU32/kBQ1UsqbGLbd2i/hgQR9KmYGlXi80GmgsI"},"_chains":{"BbZzjmkVacvv3tGdBp1Lj3KHndXtYut8fGhAj6yJ4kQj":{"chainKey":{"counter":0,"key":"3DWzD+fde6AeMMQ8m2b2svT7pkXb3/dpQhvYYCMc86k="},"chainType":2,"messageKeys":{}},"BaAZyugo9GxVJ3TORGur/GYhBovd5N7U+7nlYVX7Jbka":{"chainKey":{"counter":18,"key":"KEvkCmLjMchPW+gegJSi2kALoiOE3M22EU5/tK7tu8M="},"chainType":1,"messageKeys":{}}}}},"version":"v1"}