{"_sessions":{"BfwpAf0oxu/S8rNoBqPlctSgHXRvCvoR4izFuTQtmWYX":{"registrationId":996436568,"currentRatchet":{"ephemeralKeyPair":{"pubKey":"BesuZD/q2eRDtrBcizAgbR4fribSwWWvgY43lSYFhSst","privKey":"iKsr95zXZjJEZTuegpRi+FhV6cMJcpZceI+a/ZBCF0s="},"lastRemoteEphemeralKey":"Bavp9EWn693eXI/hFCRO3Ne/oznHgBvsu5DrlxmfAP9o","previousCounter":0,"rootKey":"06n+Lxarzomh3PVjov0Dyz8BMKULB4qJ10+h4pX1mME="},"indexInfo":{"baseKey":"BfwpAf0oxu/S8rNoBqPlctSgHXRvCvoR4izFuTQtmWYX","baseKeyType":2,"closed":-1,"used":1680608779955,"created":1680608779955,"remoteIdentityKey":"BefPkwZS6V942oVbVcUuu/mmgQyUR+4D6eEGZyKwEPY4"},"_chains":{"Bavp9EWn693eXI/hFCRO3Ne/oznHgBvsu5DrlxmfAP9o":{"chainKey":{"counter":0,"key":"VVSOOLMt6c5oMDGM4rqe++/6PCHTSpVYRcPqyTTSKq0="},"chainType":2,"messageKeys":{}},"BesuZD/q2eRDtrBcizAgbR4fribSwWWvgY43lSYFhSst":{"chainKey":{"counter":-1,"key":"DxVUKppqzNpj1A5LjptF2fkG6c776XzYJ3kEEZDuNTs="},"chainType":1,"messageKeys":{}}}}},"version":"v1"}