{"_sessions":{"BVIc5RI1zmNuR1173ywuJy2A8xBsQzOeTns3TaetV40G":{"registrationId":1802925872,"currentRatchet":{"ephemeralKeyPair":{"pubKey":"BeglQIWtOd2VEB03HUMtQD+4IeBzaCbOvcZvE1Dco5p9","privKey":"WNzxGa3B4RAuXtXuVnr1/zWEKEYyhsWRHDrJ5u3jS24="},"lastRemoteEphemeralKey":"BdorA5yPImeFdbkFeYtjXpxc3jvDRBXU028askI6UXll","previousCounter":0,"rootKey":"4ZVFoa8R8O6O3HJ2egAPmdZ/AjC1UEE2K8DR32EvXR4="},"indexInfo":{"baseKey":"BVIc5RI1zmNuR1173ywuJy2A8xBsQzOeTns3TaetV40G","baseKeyType":1,"closed":-1,"used":1680629360214,"created":1680629360214,"remoteIdentityKey":"BdakLo2z+qZmZ8guwt/rZOAH3iuFqgU7UZPn0yed1/V2"},"_chains":{"BeglQIWtOd2VEB03HUMtQD+4IeBzaCbOvcZvE1Dco5p9":{"chainKey":{"counter":16,"key":"0yBIdDe5eLvwrSxwDQ4l1a5HiO8arFy4P5y/pN8cJU4="},"chainType":1,"messageKeys":{}}},"pendingPreKey":{"signedKeyId":1,"baseKey":"BVIc5RI1zmNuR1173ywuJy2A8xBsQzOeTns3TaetV40G","preKeyId":8480942}}},"version":"v1"}