{"_sessions":{"BdT3Gnh9cRNNQkjKHiQyUHwz0Bus6+sWOmixCkI7AqdY":{"registrationId":517228561,"currentRatchet":{"ephemeralKeyPair":{"pubKey":"BaWwOkD/NY4ORMthMocL2TpqyR3kaZ+E4T/Wr9lEXKxV","privKey":"CN7eJgTb5VJ4QJ/tWE0Rq+9ti7+JT8aPOVLwA+YKtF0="},"lastRemoteEphemeralKey":"BfKQBXYi6sFvTnIYLEwEKbk0bOhuRjSMLQb7ckUDHBJs","previousCounter":0,"rootKey":"FruLUQL0udNV/O3+S8Rc0We4jh7wzRnjzV9+Peot1iE="},"indexInfo":{"baseKey":"BdT3Gnh9cRNNQkjKHiQyUHwz0Bus6+sWOmixCkI7AqdY","baseKeyType":2,"closed":-1,"used":1680611439264,"created":1680611439264,"remoteIdentityKey":"BbUjBHi8PHXQFvlS1fADtvSwc3a+MaX5dTQJ1NZSkHts"},"_chains":{"BfKQBXYi6sFvTnIYLEwEKbk0bOhuRjSMLQb7ckUDHBJs":{"chainKey":{"counter":1,"key":"0oI3h59YOSyMvOMR72y5V/sg9VY2oYLJScHwweYIyAU="},"chainType":2,"messageKeys":{}},"BaWwOkD/NY4ORMthMocL2TpqyR3kaZ+E4T/Wr9lEXKxV":{"chainKey":{"counter":-1,"key":"EUliCd80ySWreorXzRwlIsNkt8nxIB64UylCfQrfnAQ="},"chainType":1,"messageKeys":{}}}}},"version":"v1"}