{"_sessions":{"BVj58Ky5XKfmPx58YL+w+pnAnR329EFiT14yUk9urUh3":{"registrationId":1763096999,"currentRatchet":{"ephemeralKeyPair":{"pubKey":"BZcKl7ozl1VCl91KXNSKve7Cj1gJUtoCJxdGcT8VbgVF","privKey":"+P4gWfB6J37vUflIIWavNaXz4zA6H+LO0fAS41pJdXM="},"lastRemoteEphemeralKey":"BXaMmW0DJF5k7dS53G0BX/TCJVvPVVaVac4D7bJWtZsC","previousCounter":0,"rootKey":"MDsUCRk1zXS5EPoca4CyOmct9J3Mm5+LF1EP8ZwStWc="},"indexInfo":{"baseKey":"BVj58Ky5XKfmPx58YL+w+pnAnR329EFiT14yUk9urUh3","baseKeyType":1,"closed":-1,"used":1680605960098,"created":1680605960098,"remoteIdentityKey":"BRVfQea+b41/PHio7HdR4DuYkB7knLv9PVQ/8q77lGJX"},"_chains":{"BZcKl7ozl1VCl91KXNSKve7Cj1gJUtoCJxdGcT8VbgVF":{"chainKey":{"counter":3,"key":"bf7G+uvdr7x9fKZpGPzQU2F8hceIXViLSggbyvle7p4="},"chainType":1,"messageKeys":{}}},"pendingPreKey":{"signedKeyId":5,"baseKey":"BVj58Ky5XKfmPx58YL+w+pnAnR329EFiT14yUk9urUh3"}}},"version":"v1"}