{"_sessions":{"BfyEOy0AZjGvBkJ+H//gIqNbvAJZLw/EQ/xvRaFsQT5k":{"registrationId":150,"currentRatchet":{"ephemeralKeyPair":{"pubKey":"BdoM2SiLxQyBAfM2JTDacJAQgywftidGzZemjdze+v57","privKey":"2CxmHsx7nGgdgpgXXPkiJ+VhPaxOoe/PYpeQSpnpfn4="},"lastRemoteEphemeralKey":"BTOgqHh/RRBHjxSc0y6eSSBevXm2giTUYwjOe94Q1nwo","previousCounter":0,"rootKey":"Qm7cilcw5i8pdRgC9bd4YkJhL8UBQj8Yfy5n/z1V4Eo="},"indexInfo":{"baseKey":"BfyEOy0AZjGvBkJ+H//gIqNbvAJZLw/EQ/xvRaFsQT5k","baseKeyType":1,"closed":1680660983329,"used":1680657496256,"created":1680657485520,"remoteIdentityKey":"BZjuaHCkkUhuNsGcz1Q5AyfNKwQssvRhH3pMqnitjPNe"},"_chains":{"BTOgqHh/RRBHjxSc0y6eSSBevXm2giTUYwjOe94Q1nwo":{"chainKey":{"counter":0,"key":"B0LEqD7FDesiE6exLJhPa6O9PJfIXbgoH7JuL2Diwm8="},"chainType":2,"messageKeys":{}},"BdoM2SiLxQyBAfM2JTDacJAQgywftidGzZemjdze+v57":{"chainKey":{"counter":-1,"key":"yhMAhTTtwsDyn1Neh6JGsO7gBUy454Z5zu38uuvRDaQ="},"chainType":1,"messageKeys":{}}}},"BQHAJfv7eOW0W7rV7jcbL+hp0VeBjxNU8GQ/gmnEZjo3":{"registrationId":150,"currentRatchet":{"ephemeralKeyPair":{"pubKey":"Bcd3xyOL0GkqrpONO5jpH2UCb2DXwjN4U9ylP40rgRMY","privKey":"GHW8zd/1VhQgdJ/2n/OxLFP2GE6Pnbp+SocWKOEMb3I="},"lastRemoteEphemeralKey":"BXI+6Ed7agjUsyYe2WKowZZYRuke/beCuyrLT+D5y60T","previousCounter":0,"rootKey":"z0++nOlIFm0treZZ8q65oInApFfN8yzpCI6QhIF+Vv0="},"indexInfo":{"baseKey":"BQHAJfv7eOW0W7rV7jcbL+hp0VeBjxNU8GQ/gmnEZjo3","baseKeyType":1,"closed":1680665003328,"used":1680660983325,"created":1680660983325,"remoteIdentityKey":"BZjuaHCkkUhuNsGcz1Q5AyfNKwQssvRhH3pMqnitjPNe"},"_chains":{"Bcd3xyOL0GkqrpONO5jpH2UCb2DXwjN4U9ylP40rgRMY":{"chainKey":{"counter":0,"key":"4kb4xj0DGMh6RH5EO9S6mJZepLn9tsvmgmYnA2I0hpY="},"chainType":1,"messageKeys":{}}},"pendingPreKey":{"signedKeyId":1,"baseKey":"BQHAJfv7eOW0W7rV7jcbL+hp0VeBjxNU8GQ/gmnEZjo3","preKeyId":47}},"BWOmPpTGlpcl74DpU+X0vW6UdChkzg6DIkRz1t8yJTge":{"registrationId":150,"currentRatchet":{"ephemeralKeyPair":{"pubKey":"BflNIPWR5bWekIeV0QCa3gpiXBifAxALor5W3qS0zZxq","privKey":"uAApsDf07BtxWZWneCVpX6c00XKjHdSQIAG16PHMKXE="},"lastRemoteEphemeralKey":"BeEN3agqoe6ygmTipbgdMhXUhDm8mqdzovzacJdKE1de","previousCounter":4,"rootKey":"CSOtJq8QBVL6aRED/VXBDidEJArBUodYPsWEaDhV7b0="},"indexInfo":{"baseKey":"BWOmPpTGlpcl74DpU+X0vW6UdChkzg6DIkRz1t8yJTge","baseKeyType":1,"closed":1680688696444,"used":1680685083659,"created":1680665003325,"remoteIdentityKey":"BZjuaHCkkUhuNsGcz1Q5AyfNKwQssvRhH3pMqnitjPNe"},"_chains":{"BVfCPuYh7gcHZsX4jBE0PvpF31zFLc22SJ82JH1h9RQN":{"chainKey":{"counter":1},"chainType":2,"messageKeys":{}},"BZVPSk3byZpttsXWeDtxJkxl0fELlyh0j8B66KNkPkNf":{"chainKey":{"counter":1},"chainType":2,"messageKeys":{}},"BQksItVkf88J9Jlq0t6tIzzdfUSvfI0ErQZg0Rv3cyxA":{"chainKey":{"counter":1},"chainType":2,"messageKeys":{}},"BeEN3agqoe6ygmTipbgdMhXUhDm8mqdzovzacJdKE1de":{"chainKey":{"counter":1,"key":"y1u9VKHTVhJzMpPkbWYJRmrGAlZ/VJPzjj8tPJzh0u4="},"chainType":2,"messageKeys":{}},"BflNIPWR5bWekIeV0QCa3gpiXBifAxALor5W3qS0zZxq":{"chainKey":{"counter":0,"key":"3VgoEb8mUChXNHoibW86VDkflSLuI3pTT5HXnZgvIi4="},"chainType":1,"messageKeys":{}}}},"BRoZi4E28dbXmate6Jdpf/yypJkR7j9SDzBl9z690tQM":{"registrationId":150,"currentRatchet":{"ephemeralKeyPair":{"pubKey":"BQ91ne+c2AsfSvsP/LG+HRhwIS7tWozjC8YKyacSGRxE","privKey":"YJ5nZqcIhbEaBTKzlW+nSFsydvxt5tSfK7LZcvoySXg="},"lastRemoteEphemeralKey":"BXI+6Ed7agjUsyYe2WKowZZYRuke/beCuyrLT+D5y60T","previousCounter":0,"rootKey":"xAkMi02779JTCrR3jcM9FaVQ2Hip63Tn3HOrqIoL4IE="},"indexInfo":{"baseKey":"BRoZi4E28dbXmate6Jdpf/yypJkR7j9SDzBl9z690tQM","baseKeyType":1,"closed":-1,"used":1680688696424,"created":1680688696424,"remoteIdentityKey":"BZjuaHCkkUhuNsGcz1Q5AyfNKwQssvRhH3pMqnitjPNe"},"_chains":{"BQ91ne+c2AsfSvsP/LG+HRhwIS7tWozjC8YKyacSGRxE":{"chainKey":{"counter":-1,"key":"/lagxeF/SQe/ojtWCeyRuuFKEqNCkx8vA3Nz6e3Tuhk="},"chainType":1,"messageKeys":{}}},"pendingPreKey":{"signedKeyId":1,"baseKey":"BRoZi4E28dbXmate6Jdpf/yypJkR7j9SDzBl9z690tQM","preKeyId":119}}},"version":"v1"}