{"_sessions":{"BeMp1Vm5g6s4ZScsF2wfZdFJnWfJRi2bJzO0TGZY3ENu":{"registrationId":1215959244,"currentRatchet":{"ephemeralKeyPair":{"pubKey":"BQDlZF8pNCY14l4UmHiShvcy8G/S5Nw11RifZ1h1Cw4y","privKey":"gF9m99wKQrS6CH95CF3tzCcTPCGuNXnoQvCuh2VDQGg="},"lastRemoteEphemeralKey":"BdoUuYVEnH4iI/erYeCBQLn4SD19t7Ok0+S1HKuqNcpc","previousCounter":0,"rootKey":"88k9gSasuC2FHIr7vR1IIrimpJlZxMm1R4gLlEoE8Yo="},"indexInfo":{"baseKey":"BeMp1Vm5g6s4ZScsF2wfZdFJnWfJRi2bJzO0TGZY3ENu","baseKeyType":1,"closed":1680606662772,"used":1680606656062,"created":1680606656062,"remoteIdentityKey":"BbEh1+Dsu/TIJIITVyIdN5vSFuM8AvQ1xjN1r6k3V5pW"},"_chains":{"BQDlZF8pNCY14l4UmHiShvcy8G/S5Nw11RifZ1h1Cw4y":{"chainKey":{"counter":0,"key":"MOBnXszkLZGzorqWJer88qEdVkgIhVMi7Lz1P3O4bAg="},"chainType":1,"messageKeys":{}}},"pendingPreKey":{"signedKeyId":2,"baseKey":"BeMp1Vm5g6s4ZScsF2wfZdFJnWfJRi2bJzO0TGZY3ENu"}},"BSz723N0isaCFEe/fo+kAMzxDH4jcCZ1zg3Qw28cD5wE":{"registrationId":1215959244,"currentRatchet":{"ephemeralKeyPair":{"pubKey":"BcDKYRkyoily8M54SWJVixteuNsbNQcQfFj+CsEdZUss","privKey":"aM7AwoXCei3NmdrRXkQyhEF93TY9WI76Yh3P2FjBxkA="},"lastRemoteEphemeralKey":"BdoUuYVEnH4iI/erYeCBQLn4SD19t7Ok0+S1HKuqNcpc","previousCounter":0,"rootKey":"5LuHMCzq2+7yHAq2Ln35rMLJMAGrpKJlUkytRw/IBnc="},"indexInfo":{"baseKey":"BSz723N0isaCFEe/fo+kAMzxDH4jcCZ1zg3Qw28cD5wE","baseKeyType":1,"closed":-1,"used":1680606662096,"created":1680606662096,"remoteIdentityKey":"BbEh1+Dsu/TIJIITVyIdN5vSFuM8AvQ1xjN1r6k3V5pW"},"_chains":{"BcDKYRkyoily8M54SWJVixteuNsbNQcQfFj+CsEdZUss":{"chainKey":{"counter":30,"key":"xvlRUpID1uuJiD5JTbYaFwBMkdo0MhwwEfXU7qMeZuk="},"chainType":1,"messageKeys":{}}},"pendingPreKey":{"signedKeyId":2,"baseKey":"BSz723N0isaCFEe/fo+kAMzxDH4jcCZ1zg3Qw28cD5wE"}}},"version":"v1"}